product_code,product_name,branch_code,branch_name,region,current_stock,unit,recent_avg_daily_demand,forecast_avg_daily_demand,forecast_total_30d,trend,stock_coverage_days
00.KCB.100.NS,Ke Cân Bằng NS  1 mm,1,Chi nhánh Đà Nẵng UN,MIỀN TRUNG,56,Kg,0.1,0.1,3.0,estimated,560.0
00.KCB.150.NS,Ke Cân Bằng NS  1.5 mm,1,Chi nhánh Đà Nẵng UN,MIỀN TRUNG,36,Kg,0.1,0.1,3.0,estimated,360.0
00.KCB.200.NS,Ke Cân Bằng NS  2.0 mm,1,Chi nhánh Đà Nẵng UN,MIỀN TRUNG,140,Kg,0.1,0.1,3.0,estimated,1400.0
00.KCT.100.NS,Ke Chữ Thập NS 1 mm,1,Chi nhánh Đà Nẵng UN,MIỀN TRUNG,23,Kg,0.1,0.1,3.0,estimated,230.0
00.KCT.150.NS,Ke Chữ Thập NS 1.5 mm,1,Chi nhánh Đà Nẵng UN,MIỀN TRUNG,18,Kg,0.1,0.1,3.0,estimated,180.0
00.KCT.200.NS,Ke Chữ Thập NS 2 mm,1,Chi nhánh Đà Nẵng UN,MIỀN TRUNG,19,Kg,0.1,0.1,3.0,estimated,190.0
00.KIM.01,Kìm Bấm Nêm,1,Chi nhánh Đà Nẵng UN,MIỀN TRUNG,26,Cái,0.1,0.1,3.0,estimated,260.0
00.NEM.TS,Nêm Cân Bằng,1,Chi nhánh Đà Nẵng UN,MIỀN TRUNG,23,Kg,0.1,0.1,3.0,estimated,230.0
03.L1.14560.9532.5,Gạch 14.5x60 MS 9532 Loại 1,1,Chi nhánh Đà Nẵng UN,MIỀN TRUNG,1064,Viên,0.3546666666666667,0.3546666666666667,10.64,estimated,3000.0
03.L1.14560.9551.4,Gạch 14.5x60 MS 9551 Loại 1,1,Chi nhánh Đà Nẵng UN,MIỀN TRUNG,1092,Viên,0.364,0.364,10.92,estimated,3000.0
03.L1.3030.6372.6,Gạch 30x30 MS 6372 Loại 1,1,Chi nhánh Đà Nẵng UN,MIỀN TRUNG,704,Viên,0.23466666666666666,0.23466666666666666,7.04,estimated,3000.0
03.L1.3060.7104.9,Gạch 30x60 MS 7104 Loại 1,1,Chi nhánh Đà Nẵng UN,MIỀN TRUNG,11559,Viên,3.853,3.853,115.59,estimated,3000.0
03.L1.3060.7105.5,Gạch 30x60 MS 7105 Loại 1,1,Chi nhánh Đà Nẵng UN,MIỀN TRUNG,924,Viên,0.308,0.308,9.24,estimated,3000.0
03.L1.3060.7106.4,Gạch 30x60 MS 7106 Loại 1,1,Chi nhánh Đà Nẵng UN,MIỀN TRUNG,2058,Viên,0.686,0.686,20.580000000000002,estimated,2999.9999999999995
03.L1.3060.7107.5,Gạch 30x60 MS 7107 Loại 1,1,Chi nhánh Đà Nẵng UN,MIỀN TRUNG,1554,Viên,0.518,0.518,15.540000000000001,estimated,3000.0
03.L1.3060.7107.8,Gạch 30x60 MS 7107 Loại 1,1,Chi nhánh Đà Nẵng UN,MIỀN TRUNG,6720,Viên,2.24,2.24,67.2,estimated,2999.9999999999995
03.L1.3060.7108.5,Gạch 30x60 MS 7108 Loại 1,1,Chi nhánh Đà Nẵng UN,MIỀN TRUNG,2562,Viên,0.854,0.854,25.62,estimated,3000.0
03.L1.3060.7109.5,Gạch 30x60 MS 7109 Loại 1,1,Chi nhánh Đà Nẵng UN,MIỀN TRUNG,245,Viên,0.1,0.1,3.0,estimated,2450.0
03.L1.3060.7109.8,Gạch 30x60 MS 7109 Loại 1,1,Chi nhánh Đà Nẵng UN,MIỀN TRUNG,19936,Viên,6.645333333333334,6.645333333333334,199.36,estimated,2999.9999999999995
03.L1.3060.7114.3,Gạch 30x60 MS 7114 Loại 1,1,Chi nhánh Đà Nẵng UN,MIỀN TRUNG,1162,Viên,0.38733333333333336,0.38733333333333336,11.620000000000001,estimated,2999.9999999999995
03.L1.3060.7115.5,Gạch 30x60 MS 7115 Loại 1,1,Chi nhánh Đà Nẵng UN,MIỀN TRUNG,238,Viên,0.1,0.1,3.0,estimated,2380.0
03.L1.3060.7116.5,Gạch 30x60 MS 7116 Loại 1,1,Chi nhánh Đà Nẵng UN,MIỀN TRUNG,280,Viên,0.1,0.1,3.0,estimated,2800.0
03.L1.3060.7121.3,Gạch 30x60 MS 7121 Loại 1,1,Chi nhánh Đà Nẵng UN,MIỀN TRUNG,644,Viên,0.21466666666666667,0.21466666666666667,6.44,estimated,3000.0
03.L1.3060.7121.8,Gạch 30x60 MS 7121 Loại 1,1,Chi nhánh Đà Nẵng UN,MIỀN TRUNG,1358,Viên,0.45266666666666666,0.45266666666666666,13.58,estimated,3000.0
03.L1.3060.7122.4,Gạch 30x60 MS 7122 Loại 1,1,Chi nhánh Đà Nẵng UN,MIỀN TRUNG,56,Viên,0.1,0.1,3.0,estimated,560.0
03.L1.3060.7122.5,Gạch 30x60 MS 7122 Loại 1,1,Chi nhánh Đà Nẵng UN,MIỀN TRUNG,196,Viên,0.1,0.1,3.0,estimated,1960.0
03.L1.3060.7122.7,Gạch 30x60 MS 7122 Loại 1,1,Chi nhánh Đà Nẵng UN,MIỀN TRUNG,541,Viên,0.18033333333333335,0.18033333333333335,5.41,estimated,3000.0
03.L1.3060.7123.1,Gạch 30x60 MS 7123 Loại 1,1,Chi nhánh Đà Nẵng UN,MIỀN TRUNG,469,Viên,0.15633333333333335,0.15633333333333335,4.69,estimated,2999.9999999999995
03.L1.3060.7123.8,Gạch 30x60 MS 7123 Loại 1,1,Chi nhánh Đà Nẵng UN,MIỀN TRUNG,1827,Viên,0.609,0.609,18.27,estimated,3000.0
03.L1.3060.7347.7,Gạch 30x60 MS 7347 Loại 1,1,Chi nhánh Đà Nẵng UN,MIỀN TRUNG,3398,Viên,1.1326666666666667,1.1326666666666667,33.980000000000004,estimated,3000.0
03.L1.3060.7348.6,Gạch 30x60 MS 7348 Loại 1,1,Chi nhánh Đà Nẵng UN,MIỀN TRUNG,194,Viên,0.1,0.1,3.0,estimated,1940.0
03.L1.3060.7349.4,Gạch 30x60 MS 7349 Loại 1,1,Chi nhánh Đà Nẵng UN,MIỀN TRUNG,1493,Viên,0.49766666666666665,0.49766666666666665,14.93,estimated,3000.0
03.L1.3060.7349.9,Gạch 30x60 MS 7349 Loại 1,1,Chi nhánh Đà Nẵng UN,MIỀN TRUNG,112,Viên,0.1,0.1,3.0,estimated,1120.0
03.L1.3060.7401.7,Gạch 30x60 MS 7401 Loại 1,1,Chi nhánh Đà Nẵng UN,MIỀN TRUNG,11564,Viên,3.8546666666666667,3.8546666666666667,115.64,estimated,3000.0
03.L1.3060.7404.5,Gạch 30x60 MS 7404 Loại 1,1,Chi nhánh Đà Nẵng UN,MIỀN TRUNG,6781,Viên,2.2603333333333335,2.2603333333333335,67.81,estimated,2999.9999999999995
03.L1.3060.7524.3,Gạch 30x60 MS 7524 Loại 1,1,Chi nhánh Đà Nẵng UN,MIỀN TRUNG,8442,Viên,2.814,2.814,84.42,estimated,3000.0
03.L1.3060.7524.4,Gạch 30x60 MS 7524 Loại 1,1,Chi nhánh Đà Nẵng UN,MIỀN TRUNG,14994,Viên,4.998,4.998,149.94,estimated,3000.0
03.L1.3060.7527.2,Gạch 30x60 MS 7527 Loại 1,1,Chi nhánh Đà Nẵng UN,MIỀN TRUNG,10038,Viên,3.3459999999999996,3.3459999999999996,100.38,estimated,3000.0000000000005
03.L1.3060.7529.2,Gạch 30x60 MS 7529 Loại 1,1,Chi nhánh Đà Nẵng UN,MIỀN TRUNG,4102,Viên,1.3673333333333335,1.3673333333333335,41.02,estimated,2999.9999999999995
03.L1.3060.7611.7,Gạch 30x60 MS 7611 Loại 1,1,Chi nhánh Đà Nẵng UN,MIỀN TRUNG,865,Viên,0.28833333333333333,0.28833333333333333,8.65,estimated,3000.0
03.L1.3060.7611.8,Gạch 30x60 MS 7611 Loại 1,1,Chi nhánh Đà Nẵng UN,MIỀN TRUNG,1568,Viên,0.5226666666666666,0.5226666666666666,15.679999999999998,estimated,3000.0000000000005
03.L1.3060.7613.2,Gạch 30x60 MS 7613 Loại 1,1,Chi nhánh Đà Nẵng UN,MIỀN TRUNG,756,Viên,0.252,0.252,7.5600000000000005,estimated,3000.0
03.L1.3060.7613.7,Gạch 30x60 MS 7613 Loại 1,1,Chi nhánh Đà Nẵng UN,MIỀN TRUNG,2646,Viên,0.882,0.882,26.46,estimated,3000.0
03.L1.3060.7614.1,Gạch 30x60 MS 7614 Loại 1,1,Chi nhánh Đà Nẵng UN,MIỀN TRUNG,2002,Viên,0.6673333333333333,0.6673333333333333,20.02,estimated,3000.0
03.L1.3060.7614.8,Gạch 30x60 MS 7614 Loại 1,1,Chi nhánh Đà Nẵng UN,MIỀN TRUNG,406,Viên,0.13533333333333336,0.13533333333333336,4.0600000000000005,estimated,2999.9999999999995
03.L1.3060.7615.9,Gạch 30x60 MS 7615 Loại 1,1,Chi nhánh Đà Nẵng UN,MIỀN TRUNG,336,Viên,0.112,0.112,3.36,estimated,3000.0
03.L1.3060.7616.1,Gạch 30x60 MS 7616 Loại 1,1,Chi nhánh Đà Nẵng UN,MIỀN TRUNG,2478,Viên,0.8260000000000001,0.8260000000000001,24.78,estimated,2999.9999999999995
03.L1.3060.7627.5,Gạch 30x60 MS 7627 Loại 1,1,Chi nhánh Đà Nẵng UN,MIỀN TRUNG,26880,Viên,8.96,8.96,268.8,estimated,2999.9999999999995
03.L1.3060.7628.5,Gạch 30x60 MS 7628 Loại 1,1,Chi nhánh Đà Nẵng UN,MIỀN TRUNG,644,Viên,0.21466666666666667,0.21466666666666667,6.44,estimated,3000.0
03.L1.3060.7630.5,Gạch 30x60 MS 7630 Loại 1,1,Chi nhánh Đà Nẵng UN,MIỀN TRUNG,11648,Viên,3.8826666666666667,3.8826666666666667,116.48,estimated,3000.0
03.L1.3060.7635.6,Gạch 30x60 MS 7635 Loại 1,1,Chi nhánh Đà Nẵng UN,MIỀN TRUNG,224,Viên,0.1,0.1,3.0,estimated,2240.0
03.L1.3060.7636.6,Gạch 30x60 MS 7636 Loại 1,1,Chi nhánh Đà Nẵng UN,MIỀN TRUNG,224,Viên,0.1,0.1,3.0,estimated,2240.0
03.L1.3060.7637.5,Gạch 30x60 MS 7637 Loại 1,1,Chi nhánh Đà Nẵng UN,MIỀN TRUNG,1283,Viên,0.4276666666666667,0.4276666666666667,12.83,estimated,3000.0
03.L1.3060.7637.6,Gạch 30x60 MS 7637 Loại 1,1,Chi nhánh Đà Nẵng UN,MIỀN TRUNG,2158,Viên,0.7193333333333334,0.7193333333333334,21.580000000000002,estimated,3000.0
03.L1.3060.7639.6,Gạch 30x60 MS 7639 Loại 1,1,Chi nhánh Đà Nẵng UN,MIỀN TRUNG,4914,Viên,1.6380000000000001,1.6380000000000001,49.14,estimated,3000.0
03.L1.4080.7701.1,Gạch 40x80 MS 7701 Loại 1,1,Chi nhánh Đà Nẵng UN,MIỀN TRUNG,210,Viên,0.1,0.1,3.0,estimated,2100.0
03.L1.4080.7701.8,Gạch 40x80 MS 7701 Loại 1,1,Chi nhánh Đà Nẵng UN,MIỀN TRUNG,934,Viên,0.31133333333333335,0.31133333333333335,9.34,estimated,3000.0
03.L1.4080.7702.8,Gạch 40x80 MS 7702 Loại 1,1,Chi nhánh Đà Nẵng UN,MIỀN TRUNG,438,Viên,0.146,0.146,4.38,estimated,3000.0
03.L1.4080.7703.1,Gạch 40x80 MS 7703 Loại 1,1,Chi nhánh Đà Nẵng UN,MIỀN TRUNG,66,Viên,0.1,0.1,3.0,estimated,660.0
03.L1.4080.7703.8,Gạch 40x80 MS 7703 Loại 1,1,Chi nhánh Đà Nẵng UN,MIỀN TRUNG,303,Viên,0.101,0.101,3.0300000000000002,estimated,3000.0
03.L1.4080.7704.6,Gạch 40x80 MS 7704 Loại 1,1,Chi nhánh Đà Nẵng UN,MIỀN TRUNG,728,Viên,0.24266666666666667,0.24266666666666667,7.28,estimated,3000.0
03.L1.4080.7705.5,Gạch 40x80 MS 7705 Loại 1,1,Chi nhánh Đà Nẵng UN,MIỀN TRUNG,784,Viên,0.2613333333333333,0.2613333333333333,7.839999999999999,estimated,3000.0000000000005
03.L1.4080.7706.4,Gạch 40x80 MS 7706 Loại 1,1,Chi nhánh Đà Nẵng UN,MIỀN TRUNG,602,Viên,0.2006666666666667,0.2006666666666667,6.0200000000000005,estimated,2999.9999999999995
03.L1.4080.7711.4,Gạch 40x80 MS 7711 Loại 1,1,Chi nhánh Đà Nẵng UN,MIỀN TRUNG,952,Viên,0.3173333333333333,0.3173333333333333,9.52,estimated,3000.0000000000005
03.L1.4080.7713.4,Gạch 40x80 MS 7713 Loại 1,1,Chi nhánh Đà Nẵng UN,MIỀN TRUNG,1988,Viên,0.6626666666666666,0.6626666666666666,19.88,estimated,3000.0
03.L1.6060.8016.4,Gạch 60x60 MS 8016 loại 1,1,Chi nhánh Đà Nẵng UN,MIỀN TRUNG,840,Viên,0.28,0.28,8.4,estimated,2999.9999999999995
03.L1.6060.8021.3,Gạch 60x60 MS 8021 loại 1,1,Chi nhánh Đà Nẵng UN,MIỀN TRUNG,952,Viên,0.3173333333333333,0.3173333333333333,9.52,estimated,3000.0000000000005
03.L1.6060.8024.6,Gạch 60x60 MS 8024 loại 1,1,Chi nhánh Đà Nẵng UN,MIỀN TRUNG,229,Viên,0.1,0.1,3.0,estimated,2290.0
03.L1.6060.8026.8,Gạch 60x60 MS 8026 loại 1,1,Chi nhánh Đà Nẵng UN,MIỀN TRUNG,392,Viên,0.13066666666666665,0.13066666666666665,3.9199999999999995,estimated,3000.0000000000005
03.L1.6060.8044.3,Gạch 60x60 MS 8044 loại 1,1,Chi nhánh Đà Nẵng UN,MIỀN TRUNG,742,Viên,0.24733333333333332,0.24733333333333332,7.42,estimated,3000.0
03.L1.6060.8045.1,Gạch 60x60 MS 8045 loại 1,1,Chi nhánh Đà Nẵng UN,MIỀN TRUNG,203,Viên,0.1,0.1,3.0,estimated,2030.0
03.L1.6060.8046.1,Gạch 60x60 MS 8046 loại 1,1,Chi nhánh Đà Nẵng UN,MIỀN TRUNG,2016,Viên,0.672,0.672,20.16,estimated,3000.0
03.L1.6060.8046.5,Gạch 60x60 MS 8046 loại 1,1,Chi nhánh Đà Nẵng UN,MIỀN TRUNG,98,Viên,0.1,0.1,3.0,estimated,980.0
03.L1.6060.8050.3,Gạch 60x60 MS 8050 loại 1,1,Chi nhánh Đà Nẵng UN,MIỀN TRUNG,556,Viên,0.18533333333333335,0.18533333333333335,5.5600000000000005,estimated,2999.9999999999995
03.L1.6060.8050.4,Gạch 60x60 MS 8050 loại 1,1,Chi nhánh Đà Nẵng UN,MIỀN TRUNG,98,Viên,0.1,0.1,3.0,estimated,980.0
03.L1.6060.8050.6,Gạch 60x60 MS 8050 loại 1,1,Chi nhánh Đà Nẵng UN,MIỀN TRUNG,625,Viên,0.20833333333333334,0.20833333333333334,6.25,estimated,3000.0
03.L1.6060.8066.6,Gạch 60x60 MS 8066 loại 1,1,Chi nhánh Đà Nẵng UN,MIỀN TRUNG,692,Viên,0.23066666666666666,0.23066666666666666,6.92,estimated,3000.0
03.L1.6060.8067.3,Gạch 60x60 MS 8067 loại 1,1,Chi nhánh Đà Nẵng UN,MIỀN TRUNG,176,Viên,0.1,0.1,3.0,estimated,1760.0
03.L1.6060.8067.4,Gạch 60x60 MS 8067 loại 1,1,Chi nhánh Đà Nẵng UN,MIỀN TRUNG,2098,Viên,0.6993333333333334,0.6993333333333334,20.98,estimated,3000.0
03.L1.6060.8067.8,Gạch 60x60 MS 8067 loại 1,1,Chi nhánh Đà Nẵng UN,MIỀN TRUNG,989,Viên,0.32966666666666666,0.32966666666666666,9.89,estimated,3000.0
03.L1.6060.8068.1,Gạch 60x60 MS 8068 loại 1,1,Chi nhánh Đà Nẵng UN,MIỀN TRUNG,448,Viên,0.14933333333333335,0.14933333333333335,4.48,estimated,2999.9999999999995
03.L1.6060.8068.9,Gạch 60x60 MS 8068 loại 1,1,Chi nhánh Đà Nẵng UN,MIỀN TRUNG,593,Viên,0.19766666666666666,0.19766666666666666,5.93,estimated,3000.0
03.L1.6060.8503.1,Gạch 60x60 MS 8503 loại 1,1,Chi nhánh Đà Nẵng UN,MIỀN TRUNG,203,Viên,0.1,0.1,3.0,estimated,2030.0
03.L1.6060.8503.2,Gạch 60x60 MS 8503 loại 1,1,Chi nhánh Đà Nẵng UN,MIỀN TRUNG,336,Viên,0.112,0.112,3.36,estimated,3000.0
03.L1.6060.8504.6,Gạch 60x60 MS 8504 loại 1,1,Chi nhánh Đà Nẵng UN,MIỀN TRUNG,210,Viên,0.1,0.1,3.0,estimated,2100.0
03.L1.6060.8510.3,Gạch 60x60 MS 8510 loại 1,1,Chi nhánh Đà Nẵng UN,MIỀN TRUNG,238,Viên,0.1,0.1,3.0,estimated,2380.0
03.L1.8080.9002.9,Gạch 80x80 MS 9002 loại 1,1,Chi nhánh Đà Nẵng UN,MIỀN TRUNG,868,Viên,0.28933333333333333,0.28933333333333333,8.68,estimated,3000.0
03.L2.3060.7638,Gạch 30x60 MS 7638 Loại 2,1,Chi nhánh Đà Nẵng UN,MIỀN TRUNG,518,Viên,0.17266666666666666,0.17266666666666666,5.18,estimated,3000.0
03.L2.3060.7639,Gạch 30x60 MS 7639 Loại 2,1,Chi nhánh Đà Nẵng UN,MIỀN TRUNG,1792,Viên,0.5973333333333334,0.5973333333333334,17.92,estimated,2999.9999999999995
05.L1.1580.18401.I,Gạch 15x80 MS 18401 Loại 1,1,Chi nhánh Đà Nẵng UN,MIỀN TRUNG,476,Viên,0.15866666666666665,0.15866666666666665,4.76,estimated,3000.0000000000005
05.L1.1580.18402.E,Gạch 15x80 MS 18402 Loại 1,1,Chi nhánh Đà Nẵng UN,MIỀN TRUNG,3710,Viên,1.2366666666666668,1.2366666666666668,37.1,estimated,2999.9999999999995
05.L1.1580.18405.I,Gạch 15x80 MS 18405 Loại 1,1,Chi nhánh Đà Nẵng UN,MIỀN TRUNG,826,Viên,0.2753333333333333,0.2753333333333333,8.26,estimated,3000.0
05.L1.1580.18407.N,Gạch 15x80 MS 18407 Loại 1,1,Chi nhánh Đà Nẵng UN,MIỀN TRUNG,434,Viên,0.14466666666666667,0.14466666666666667,4.34,estimated,3000.0
05.L1.1580.18409.I,Gạch 15x80 MS 18409 Loại 1,1,Chi nhánh Đà Nẵng UN,MIỀN TRUNG,2856,Viên,0.9520000000000001,0.9520000000000001,28.560000000000002,estimated,3000.0
05.L1.6060.USG66001.I,Gạch 60x60 MS USG66001 loại 1,1,Chi nhánh Đà Nẵng UN,MIỀN TRUNG,1837,Viên,138.5,131.575,3947.2499999999995,decreasing,13.263537906137184
05.L1.6060.USG66002.I,Gạch 60x60 MS USG66002 loại 1,1,Chi nhánh Đà Nẵng UN,MIỀN TRUNG,1213,Viên,0.4043333333333334,0.4043333333333334,12.13,estimated,2999.9999999999995
05.L1.6060.USG66003.I,Gạch 60x60 MS USG66003 loại 1,1,Chi nhánh Đà Nẵng UN,MIỀN TRUNG,1077,Viên,0.359,0.359,10.77,estimated,3000.0
05.L1.6060.USG66004.I,Gạch 60x60 MS USG66004 loại 1,1,Chi nhánh Đà Nẵng UN,MIỀN TRUNG,830,Viên,0.27666666666666667,0.27666666666666667,8.3,estimated,3000.0
05.L1.8080.8682.G21,Gạch 80x80 MS 8682 loại 1,1,Chi nhánh Đà Nẵng UN,MIỀN TRUNG,2016,Viên,0.672,0.672,20.16,estimated,3000.0
05.L1.8080.8682.H,Gạch 80x80 MS 8682 loại 1,1,Chi nhánh Đà Nẵng UN,MIỀN TRUNG,140,Viên,0.1,0.1,3.0,estimated,1400.0
05.L1.8080.8683.E,Gạch 80x80 MS 8683 loại 1,1,Chi nhánh Đà Nẵng UN,MIỀN TRUNG,1111,Viên,0.3703333333333333,0.3703333333333333,11.11,estimated,3000.0000000000005
05.L1.8080.8684.H,Gạch 80x80 MS 8684 loại 1,1,Chi nhánh Đà Nẵng UN,MIỀN TRUNG,434,Viên,0.14466666666666667,0.14466666666666667,4.34,estimated,3000.0
05.L1.8080.8685.G,Gạch 80x80 MS 8685 loại 1,1,Chi nhánh Đà Nẵng UN,MIỀN TRUNG,2576,Viên,0.8586666666666667,0.8586666666666667,25.76,estimated,3000.0
05.L1.8080.8686.G22,Gạch 80x80 MS 8686 loại 1,1,Chi nhánh Đà Nẵng UN,MIỀN TRUNG,637,Viên,0.21233333333333335,0.21233333333333335,6.37,estimated,3000.0
05.L1.8080.8686.L,Gạch 80x80 MS 8686 loại 1,1,Chi nhánh Đà Nẵng UN,MIỀN TRUNG,56,Viên,0.1,0.1,3.0,estimated,560.0
05.L1.8080.8693.H,Gạch 80x80 MS 8693 loại 1,1,Chi nhánh Đà Nẵng UN,MIỀN TRUNG,238,Viên,0.1,0.1,3.0,estimated,2380.0
05.L1.8080.8694.G,Gạch 80x80 MS 8694 loại 1,1,Chi nhánh Đà Nẵng UN,MIỀN TRUNG,294,Viên,0.1,0.1,3.0,estimated,2940.0
05.L1.8080.8913.F,Gạch 80x80 MS 8913 loại 1,1,Chi nhánh Đà Nẵng UN,MIỀN TRUNG,140,Viên,0.1,0.1,3.0,estimated,1400.0
05.L1.8080.8916.H,Gạch 80x80 MS 8916 loại 1,1,Chi nhánh Đà Nẵng UN,MIỀN TRUNG,854,Viên,0.2846666666666667,0.2846666666666667,8.540000000000001,estimated,3000.0
05.L1.8080.USG88001.I,Gạch 80x80 MS USG88001 Loại 1,1,Chi nhánh Đà Nẵng UN,MIỀN TRUNG,1216,Viên,0.4053333333333333,0.4053333333333333,12.16,estimated,3000.0
05.L1.8080.USG88003.I,Gạch 80x80 MS USG88003 Loại 1,1,Chi nhánh Đà Nẵng UN,MIỀN TRUNG,2058,Viên,0.686,0.686,20.580000000000002,estimated,2999.9999999999995
08.L1.15580.4212.5,Gạch 15.5x80 MS 4212 Loại 1,1,Chi nhánh Đà Nẵng UN,MIỀN TRUNG,10034,Viên,3.344666666666667,3.344666666666667,100.34,estimated,3000.0
08.L1.15580.4213.5,Gạch 15.5x80 MS 4213 Loại 1,1,Chi nhánh Đà Nẵng UN,MIỀN TRUNG,4946,Viên,1.6486666666666667,1.6486666666666667,49.46,estimated,3000.0
08.L1.15580.4215.5,Gạch 15.5x80 MS 4215 Loại 1,1,Chi nhánh Đà Nẵng UN,MIỀN TRUNG,3312,Viên,1.1039999999999999,1.1039999999999999,33.12,estimated,3000.0000000000005
08.L1.15580.4216.5,Gạch 15.5x80 MS 4216 Loại 1,1,Chi nhánh Đà Nẵng UN,MIỀN TRUNG,4599,Viên,1.5330000000000001,1.5330000000000001,45.99,estimated,2999.9999999999995
08.L1.15580.4219.5,Gạch 15.5x80 MS 4219 Loại 1,1,Chi nhánh Đà Nẵng UN,MIỀN TRUNG,2046,Viên,0.682,0.682,20.46,estimated,3000.0
08.L1.60120.3614.4,Gạch 60x120 MS 3614 loại 1,1,Chi nhánh Đà Nẵng UN,MIỀN TRUNG,88,Viên,0.1,0.1,3.0,estimated,880.0
08.L1.60120.3616.5,Gạch 60x120 MS 3616 loại 1,1,Chi nhánh Đà Nẵng UN,MIỀN TRUNG,76,Viên,0.1,0.1,3.0,estimated,760.0
08.L1.60120.3619.5,Gạch 60x120 MS 3619 loại 1,1,Chi nhánh Đà Nẵng UN,MIỀN TRUNG,248,Viên,0.1,0.1,3.0,estimated,2480.0
08.L1.60120.3624.5,Gạch 60x120 MS 3624 loại 1,1,Chi nhánh Đà Nẵng UN,MIỀN TRUNG,180,Viên,0.1,0.1,3.0,estimated,1800.0
08.L1.60120.3627.5,Gạch 60x120 MS 3627 loại 1,1,Chi nhánh Đà Nẵng UN,MIỀN TRUNG,186,Viên,0.1,0.1,3.0,estimated,1860.0
10.L1.3030.5262.8,Gạch 30x30 MS 5262 Loại 1,1,Chi nhánh Đà Nẵng UN,MIỀN TRUNG,308,Viên,0.10266666666666667,0.10266666666666667,3.08,estimated,3000.0
10.L1.3030.5263.8,Gạch 30x30 MS 5263 Loại 1,1,Chi nhánh Đà Nẵng UN,MIỀN TRUNG,14,Viên,0.1,0.1,3.0,estimated,140.0
10.L1.3030.5265.7,Gạch 30x30 MS 5265 Loại 1,1,Chi nhánh Đà Nẵng UN,MIỀN TRUNG,681,Viên,0.227,0.227,6.8100000000000005,estimated,3000.0
10.L1.3030.5266.5,Gạch 30x30 MS 5266 Loại 1,1,Chi nhánh Đà Nẵng UN,MIỀN TRUNG,1229,Viên,0.4096666666666667,0.4096666666666667,12.290000000000001,estimated,3000.0
10.L1.3030.5267.2,Gạch 30x30 MS 5267 Loại 1,1,Chi nhánh Đà Nẵng UN,MIỀN TRUNG,1080,Viên,0.36000000000000004,0.36000000000000004,10.8,estimated,2999.9999999999995
10.L1.3030.5268.5,Gạch 30x30 MS 5268 Loại 1,1,Chi nhánh Đà Nẵng UN,MIỀN TRUNG,3980,Viên,1.3266666666666669,1.3266666666666669,39.800000000000004,estimated,2999.9999999999995
10.L1.3030.5294.1,Gạch 30x30 MS 5294 Loại 1,1,Chi nhánh Đà Nẵng UN,MIỀN TRUNG,807,Viên,0.269,0.269,8.07,estimated,3000.0
10.L1.3030.5294.2,Gạch 30x30 MS 5294 Loại 1,1,Chi nhánh Đà Nẵng UN,MIỀN TRUNG,242,Viên,0.1,0.1,3.0,estimated,2420.0
10.L1.3030.5295.5,Gạch 30x30 MS 5295 Loại 1,1,Chi nhánh Đà Nẵng UN,MIỀN TRUNG,1243,Viên,0.41433333333333333,0.41433333333333333,12.43,estimated,3000.0
10.L1.3060.4501.3,Gạch 30x60 MS 4501 Loại 1,1,Chi nhánh Đà Nẵng UN,MIỀN TRUNG,4975,Viên,1.6583333333333334,1.6583333333333334,49.75,estimated,3000.0
10.L1.3060.4501.5,Gạch 30x60 MS 4501 Loại 1,1,Chi nhánh Đà Nẵng UN,MIỀN TRUNG,7560,Viên,2.5200000000000005,2.5200000000000005,75.60000000000001,estimated,2999.9999999999995
10.L1.3060.4502.5,Gạch 30x60 MS 4502 Loại 1,1,Chi nhánh Đà Nẵng UN,MIỀN TRUNG,3794,Viên,1.2646666666666666,1.2646666666666666,37.94,estimated,3000.0
10.L1.3060.4504.1,Gạch 30x60 MS 4504 Loại 1,1,Chi nhánh Đà Nẵng UN,MIỀN TRUNG,1699,Viên,0.5663333333333334,0.5663333333333334,16.990000000000002,estimated,3000.0
10.L1.3060.4505.6,Gạch 30x60 MS 4505 Loại 1,1,Chi nhánh Đà Nẵng UN,MIỀN TRUNG,210,Viên,0.1,0.1,3.0,estimated,2100.0
10.L1.3060.4506.2,Gạch 30x60 MS 4506 Loại 1,1,Chi nhánh Đà Nẵng UN,MIỀN TRUNG,462,Viên,0.154,0.154,4.62,estimated,3000.0
10.L1.3060.4506.3,Gạch 30x60 MS 4506 Loại 1,1,Chi nhánh Đà Nẵng UN,MIỀN TRUNG,77,Viên,0.1,0.1,3.0,estimated,770.0
10.L1.3060.4521.5,Gạch 30x60 MS 4521 Loại 1,1,Chi nhánh Đà Nẵng UN,MIỀN TRUNG,2375,Viên,0.7916666666666666,0.7916666666666666,23.75,estimated,3000.0
10.L1.3060.4537.4,Gạch 30x60 MS 4537 Loại 1,1,Chi nhánh Đà Nẵng UN,MIỀN TRUNG,12012,Viên,4.0040000000000004,4.0040000000000004,120.12000000000002,estimated,2999.9999999999995
10.L1.3060.4538.4,Gạch 30x60 MS 4538 Loại 1,1,Chi nhánh Đà Nẵng UN,MIỀN TRUNG,910,Viên,0.30333333333333334,0.30333333333333334,9.1,estimated,3000.0
10.L1.3060.4539.4,Gạch 30x60 MS 4539 Loại 1,1,Chi nhánh Đà Nẵng UN,MIỀN TRUNG,2576,Viên,0.8586666666666667,0.8586666666666667,25.76,estimated,3000.0
10.L1.3060.4541.4,Gạch 30x60 MS 4541 Loại 1,1,Chi nhánh Đà Nẵng UN,MIỀN TRUNG,1078,Viên,0.35933333333333334,0.35933333333333334,10.78,estimated,3000.0
10.L1.3060.4542.4,Gạch 30x60 MS 4542 Loại 1,1,Chi nhánh Đà Nẵng UN,MIỀN TRUNG,1008,Viên,0.336,0.336,10.08,estimated,3000.0
10.L1.3060.4544.4,Gạch 30x60 MS 4544 Loại 1,1,Chi nhánh Đà Nẵng UN,MIỀN TRUNG,3161,Viên,1.0536666666666668,1.0536666666666668,31.610000000000003,estimated,2999.9999999999995
10.L1.3060.4544.6,Gạch 30x60 MS 4544 Loại 1,1,Chi nhánh Đà Nẵng UN,MIỀN TRUNG,3399,Viên,1.133,1.133,33.99,estimated,3000.0
10.L1.3060.4545.4,Gạch 30x60 MS 4545 Loại 1,1,Chi nhánh Đà Nẵng UN,MIỀN TRUNG,724,Viên,0.24133333333333334,0.24133333333333334,7.24,estimated,3000.0
10.L1.3060.4545.6,Gạch 30x60 MS 4545 Loại 1,1,Chi nhánh Đà Nẵng UN,MIỀN TRUNG,406,Viên,0.13533333333333336,0.13533333333333336,4.0600000000000005,estimated,2999.9999999999995
10.L1.3060.4546.4,Gạch 30x60 MS 4546 Loại 1,1,Chi nhánh Đà Nẵng UN,MIỀN TRUNG,1336,Viên,0.4453333333333333,0.4453333333333333,13.36,estimated,3000.0
10.L1.3060.4546.6,Gạch 30x60 MS 4546 Loại 1,1,Chi nhánh Đà Nẵng UN,MIỀN TRUNG,1213,Viên,0.4043333333333334,0.4043333333333334,12.13,estimated,2999.9999999999995
10.L1.3060.4547.4,Gạch 30x60 MS 4547 Loại 1,1,Chi nhánh Đà Nẵng UN,MIỀN TRUNG,3136,Viên,1.0453333333333332,1.0453333333333332,31.359999999999996,estimated,3000.0000000000005
10.L1.3060.4547.5,Gạch 30x60 MS 4547 Loại 1,1,Chi nhánh Đà Nẵng UN,MIỀN TRUNG,3119,Viên,1.0396666666666667,1.0396666666666667,31.19,estimated,3000.0
10.L1.3060.4548.5,Gạch 30x60 MS 4548 Loại 1,1,Chi nhánh Đà Nẵng UN,MIỀN TRUNG,404,Viên,0.13466666666666666,0.13466666666666666,4.04,estimated,3000.0
10.L1.3060.4549.4,Gạch 30x60 MS 4549 Loại 1,1,Chi nhánh Đà Nẵng UN,MIỀN TRUNG,672,Viên,0.224,0.224,6.72,estimated,3000.0
10.L1.3060.4549.5,Gạch 30x60 MS 4549 Loại 1,1,Chi nhánh Đà Nẵng UN,MIỀN TRUNG,528,Viên,0.17600000000000002,0.17600000000000002,5.28,estimated,2999.9999999999995
10.L1.3060.4554.3,Gạch 30x60 MS 4554 Loại 1,1,Chi nhánh Đà Nẵng UN,MIỀN TRUNG,2853,Viên,0.9510000000000001,0.9510000000000001,28.53,estimated,3000.0
10.L1.3060.4554.4,Gạch 30x60 MS 4554 Loại 1,1,Chi nhánh Đà Nẵng UN,MIỀN TRUNG,1420,Viên,0.4733333333333334,0.4733333333333334,14.200000000000001,estimated,2999.9999999999995
10.L1.3060.4554.5,Gạch 30x60 MS 4554 Loại 1,1,Chi nhánh Đà Nẵng UN,MIỀN TRUNG,3048,Viên,1.016,1.016,30.48,estimated,3000.0
10.L1.3060.4555.3,Gạch 30x60 MS 4555 Loại 1,1,Chi nhánh Đà Nẵng UN,MIỀN TRUNG,161,Viên,0.1,0.1,3.0,estimated,1610.0
10.L1.3060.4555.5,Gạch 30x60 MS 4555 Loại 1,1,Chi nhánh Đà Nẵng UN,MIỀN TRUNG,292,Viên,0.1,0.1,3.0,estimated,2920.0
10.L1.3060.4556.3,Gạch 30x60 MS 4556 Loại 1,1,Chi nhánh Đà Nẵng UN,MIỀN TRUNG,750,Viên,0.25,0.25,7.5,estimated,3000.0
10.L1.3060.4556.4,Gạch 30x60 MS 4556 Loại 1,1,Chi nhánh Đà Nẵng UN,MIỀN TRUNG,246,Viên,0.1,0.1,3.0,estimated,2460.0
10.L1.3060.4556.5,Gạch 30x60 MS 4556 Loại 1,1,Chi nhánh Đà Nẵng UN,MIỀN TRUNG,495,Viên,0.165,0.165,4.95,estimated,3000.0
10.L1.3060.4571.2,Gạch 30x60 MS 4571 Loại 1,1,Chi nhánh Đà Nẵng UN,MIỀN TRUNG,4026,Viên,1.3419999999999999,1.3419999999999999,40.26,estimated,3000.0000000000005
10.L1.3060.4571.3,Gạch 30x60 MS 4571 Loại 1,1,Chi nhánh Đà Nẵng UN,MIỀN TRUNG,1269,Viên,20.0,20.0,600.0,stable,63.45
10.L1.3060.4571.4,Gạch 30x60 MS 4571 Loại 1,1,Chi nhánh Đà Nẵng UN,MIỀN TRUNG,2103,Viên,0.7010000000000001,0.7010000000000001,21.03,estimated,2999.9999999999995
10.L1.3060.4571.5,Gạch 30x60 MS 4571 Loại 1,1,Chi nhánh Đà Nẵng UN,MIỀN TRUNG,336,Viên,0.112,0.112,3.36,estimated,3000.0
10.L1.3060.4571.7,Gạch 30x60 MS 4571 Loại 1,1,Chi nhánh Đà Nẵng UN,MIỀN TRUNG,1251,Viên,0.417,0.417,12.51,estimated,3000.0
10.L1.3060.4571.9,Gạch 30x60 MS 4571 Loại 1,1,Chi nhánh Đà Nẵng UN,MIỀN TRUNG,1671,Viên,0.557,0.557,16.71,estimated,2999.9999999999995
10.L1.3060.4572.3,Gạch 30x60 MS 4572 Loại 1,1,Chi nhánh Đà Nẵng UN,MIỀN TRUNG,266,Viên,0.1,0.1,3.0,estimated,2660.0
10.L1.3060.4572.4,Gạch 30x60 MS 4572 Loại 1,1,Chi nhánh Đà Nẵng UN,MIỀN TRUNG,382,Viên,0.12733333333333335,0.12733333333333335,3.8200000000000007,estimated,2999.9999999999995
10.L1.3060.4572.7,Gạch 30x60 MS 4572 Loại 1,1,Chi nhánh Đà Nẵng UN,MIỀN TRUNG,368,Viên,0.12266666666666667,0.12266666666666667,3.68,estimated,3000.0
10.L1.3060.4572.9,Gạch 30x60 MS 4572 Loại 1,1,Chi nhánh Đà Nẵng UN,MIỀN TRUNG,408,Viên,20.0,20.0,600.0,stable,20.4
10.L1.3060.4573.3,Gạch 30x60 MS 4573 Loại 1,1,Chi nhánh Đà Nẵng UN,MIỀN TRUNG,1340,Viên,0.44666666666666666,0.44666666666666666,13.4,estimated,3000.0
10.L1.3060.4573.5,Gạch 30x60 MS 4573 Loại 1,1,Chi nhánh Đà Nẵng UN,MIỀN TRUNG,625,Viên,0.20833333333333334,0.20833333333333334,6.25,estimated,3000.0
10.L1.3060.4573.6,Gạch 30x60 MS 4573 Loại 1,1,Chi nhánh Đà Nẵng UN,MIỀN TRUNG,1620,Viên,0.5399999999999999,0.5399999999999999,16.2,estimated,3000.0000000000005
10.L1.3060.4573.8,Gạch 30x60 MS 4573 Loại 1,1,Chi nhánh Đà Nẵng UN,MIỀN TRUNG,1526,Viên,90.0,90.0,2700.0,stable,16.955555555555556
10.L1.3060.4601.6,Gạch 30x60 MS 4601 Loại 1,1,Chi nhánh Đà Nẵng UN,MIỀN TRUNG,2331,Viên,0.7769999999999999,0.7769999999999999,23.31,estimated,3000.0000000000005
10.L1.3060.4601.8,Gạch 30x60 MS 4601 Loại 1,1,Chi nhánh Đà Nẵng UN,MIỀN TRUNG,2611,Viên,0.8703333333333333,0.8703333333333333,26.11,estimated,3000.0
10.L1.3060.4602.4,Gạch 30x60 MS 4602 Loại 1,1,Chi nhánh Đà Nẵng UN,MIỀN TRUNG,812,Viên,0.2706666666666667,0.2706666666666667,8.120000000000001,estimated,2999.9999999999995
10.L1.3060.4603.8,Gạch 30x60 MS 4603 Loại 1,1,Chi nhánh Đà Nẵng UN,MIỀN TRUNG,922,Viên,0.30733333333333335,0.30733333333333335,9.22,estimated,3000.0
10.L1.3060.4621.5,Gạch 30x60 MS 4621 Loại 1,1,Chi nhánh Đà Nẵng UN,MIỀN TRUNG,2593,Viên,0.8643333333333333,0.8643333333333333,25.93,estimated,3000.0
10.L1.3060.4621.6,Gạch 30x60 MS 4621 Loại 1,1,Chi nhánh Đà Nẵng UN,MIỀN TRUNG,3061,Viên,1.0203333333333333,1.0203333333333333,30.61,estimated,3000.0
10.L1.3060.4621.7,Gạch 30x60 MS 4621 Loại 1,1,Chi nhánh Đà Nẵng UN,MIỀN TRUNG,3978,Viên,192.33333333333334,192.33333333333334,5770.0,stable,20.682842287694974
10.L1.3060.4622.5,Gạch 30x60 MS 4622 Loại 1,1,Chi nhánh Đà Nẵng UN,MIỀN TRUNG,204,Viên,0.1,0.1,3.0,estimated,2040.0
10.L1.3060.4622.7,Gạch 30x60 MS 4622 Loại 1,1,Chi nhánh Đà Nẵng UN,MIỀN TRUNG,410,Viên,0.13666666666666666,0.13666666666666666,4.1,estimated,3000.0
10.L1.3060.4623.5,Gạch 30x60 MS 4623 Loại 1,1,Chi nhánh Đà Nẵng UN,MIỀN TRUNG,312,Viên,0.10400000000000001,0.10400000000000001,3.12,estimated,2999.9999999999995
10.L1.3060.4623.6,Gạch 30x60 MS 4623 Loại 1,1,Chi nhánh Đà Nẵng UN,MIỀN TRUNG,500,Viên,0.16666666666666666,0.16666666666666666,5.0,estimated,3000.0
10.L1.3060.4623.7,Gạch 30x60 MS 4623 Loại 1,1,Chi nhánh Đà Nẵng UN,MIỀN TRUNG,848,Viên,0.2826666666666667,0.2826666666666667,8.48,estimated,3000.0
10.L1.3060.4624.5,Gạch 30x60 MS 4624 Loại 1,1,Chi nhánh Đà Nẵng UN,MIỀN TRUNG,1849,Viên,0.6163333333333334,0.6163333333333334,18.490000000000002,estimated,2999.9999999999995
10.L1.3060.4624.6,Gạch 30x60 MS 4624 Loại 1,1,Chi nhánh Đà Nẵng UN,MIỀN TRUNG,4827,Viên,1.6090000000000002,1.6090000000000002,48.27,estimated,2999.9999999999995
10.L1.3060.4624.7,Gạch 30x60 MS 4624 Loại 1,1,Chi nhánh Đà Nẵng UN,MIỀN TRUNG,2977,Viên,0.9923333333333333,0.9923333333333333,29.77,estimated,3000.0
10.L1.3060.4625.5,Gạch 30x60 MS 4625 Loại 1,1,Chi nhánh Đà Nẵng UN,MIỀN TRUNG,236,Viên,0.1,0.1,3.0,estimated,2360.0
10.L1.3060.4625.7,Gạch 30x60 MS 4625 Loại 1,1,Chi nhánh Đà Nẵng UN,MIỀN TRUNG,320,Viên,0.10666666666666667,0.10666666666666667,3.2,estimated,3000.0
10.L1.3060.4626.5,Gạch 30x60 MS 4626 Loại 1,1,Chi nhánh Đà Nẵng UN,MIỀN TRUNG,182,Viên,0.1,0.1,3.0,estimated,1820.0
10.L1.3060.4626.6,Gạch 30x60 MS 4626 Loại 1,1,Chi nhánh Đà Nẵng UN,MIỀN TRUNG,800,Viên,0.26666666666666666,0.26666666666666666,8.0,estimated,3000.0
10.L1.3060.4626.7,Gạch 30x60 MS 4626 Loại 1,1,Chi nhánh Đà Nẵng UN,MIỀN TRUNG,1080,Viên,0.36000000000000004,0.36000000000000004,10.8,estimated,2999.9999999999995
10.L1.3060.4631.5,Gạch 30x60 MS 4631 Loại 1,1,Chi nhánh Đà Nẵng UN,MIỀN TRUNG,1494,Viên,0.498,0.498,14.94,estimated,3000.0
10.L1.3060.4631.6,Gạch 30x60 MS 4631 Loại 1,1,Chi nhánh Đà Nẵng UN,MIỀN TRUNG,2848,Viên,0.9493333333333334,0.9493333333333334,28.48,estimated,3000.0
10.L1.3060.4631.7,Gạch 30x60 MS 4631 Loại 1,1,Chi nhánh Đà Nẵng UN,MIỀN TRUNG,2235,Viên,91.2,95.76,2872.8,increasing,24.50657894736842
10.L1.3060.4632.5,Gạch 30x60 MS 4632 Loại 1,1,Chi nhánh Đà Nẵng UN,MIỀN TRUNG,276,Viên,0.1,0.1,3.0,estimated,2760.0
10.L1.3060.4632.7,Gạch 30x60 MS 4632 Loại 1,1,Chi nhánh Đà Nẵng UN,MIỀN TRUNG,624,Viên,0.20800000000000002,0.20800000000000002,6.24,estimated,2999.9999999999995
10.L1.3060.4633.5,Gạch 30x60 MS 4633 Loại 1,1,Chi nhánh Đà Nẵng UN,MIỀN TRUNG,573,Viên,0.191,0.191,5.73,estimated,3000.0
10.L1.3060.4633.6,Gạch 30x60 MS 4633 Loại 1,1,Chi nhánh Đà Nẵng UN,MIỀN TRUNG,747,Viên,0.249,0.249,7.47,estimated,3000.0
10.L1.3060.4718.4,Gạch 30x60 MS 4718 Loại 1,1,Chi nhánh Đà Nẵng UN,MIỀN TRUNG,14,Viên,0.1,0.1,3.0,estimated,140.0
10.L1.3060.4719.8,Gạch 30x60 MS 4719 Loại 1,1,Chi nhánh Đà Nẵng UN,MIỀN TRUNG,9450,Viên,3.15,3.15,94.5,estimated,3000.0
10.L1.3060.5052.5,Gạch 30x60 MS 5052 Loại 1,1,Chi nhánh Đà Nẵng UN,MIỀN TRUNG,1834,Viên,0.6113333333333333,0.6113333333333333,18.34,estimated,3000.0000000000005
10.L1.3060.5058.5,Gạch 30x60 MS 5058 Loại 1,1,Chi nhánh Đà Nẵng UN,MIỀN TRUNG,2128,Viên,0.7093333333333334,0.7093333333333334,21.28,estimated,3000.0
10.L1.3060.5067.3,Gạch 30x60 MS 5067 Loại 1,1,Chi nhánh Đà Nẵng UN,MIỀN TRUNG,1062,Viên,0.35400000000000004,0.35400000000000004,10.620000000000001,estimated,2999.9999999999995
10.L1.3060.5068.5,Gạch 30x60 MS 5068 Loại 1,1,Chi nhánh Đà Nẵng UN,MIỀN TRUNG,168,Viên,0.1,0.1,3.0,estimated,1680.0
10.L1.3060.5069.9,Gạch 30x60 MS 5069 Loại 1,1,Chi nhánh Đà Nẵng UN,MIỀN TRUNG,614,Viên,0.2046666666666667,0.2046666666666667,6.140000000000001,estimated,2999.9999999999995
10.L1.3060.5071.1,Gạch 30x60 MS 5071 Loại 1,1,Chi nhánh Đà Nẵng UN,MIỀN TRUNG,700,Viên,0.23333333333333334,0.23333333333333334,7.0,estimated,3000.0
10.L1.3060.5071.4,Gạch 30x60 MS 5071 Loại 1,1,Chi nhánh Đà Nẵng UN,MIỀN TRUNG,1402,Viên,0.4673333333333333,0.4673333333333333,14.02,estimated,3000.0
10.L1.3060.5071.8,Gạch 30x60 MS 5071 Loại 1,1,Chi nhánh Đà Nẵng UN,MIỀN TRUNG,1086,Viên,0.362,0.362,10.86,estimated,3000.0
10.L1.3060.5072.5,Gạch 30x60 MS 5072 Loại 1,1,Chi nhánh Đà Nẵng UN,MIỀN TRUNG,56,Viên,0.1,0.1,3.0,estimated,560.0
10.L1.3060.5072.7,Gạch 30x60 MS 5072 Loại 1,1,Chi nhánh Đà Nẵng UN,MIỀN TRUNG,259,Viên,0.1,0.1,3.0,estimated,2590.0
10.L1.3060.5073.2,Gạch 30x60 MS 5073 Loại 1,1,Chi nhánh Đà Nẵng UN,MIỀN TRUNG,312,Viên,0.10400000000000001,0.10400000000000001,3.12,estimated,2999.9999999999995
10.L1.3060.5073.7,Gạch 30x60 MS 5073 Loại 1,1,Chi nhánh Đà Nẵng UN,MIỀN TRUNG,1049,Viên,0.3496666666666667,0.3496666666666667,10.49,estimated,3000.0
10.L1.3060.5084.5,Gạch 30x60 MS 5084 Loại 1,1,Chi nhánh Đà Nẵng UN,MIỀN TRUNG,448,Viên,0.14933333333333335,0.14933333333333335,4.48,estimated,2999.9999999999995
10.L1.3060.5741.7,Gạch 30x60 MS 5741 Loại 1,1,Chi nhánh Đà Nẵng UN,MIỀN TRUNG,574,Viên,0.19133333333333333,0.19133333333333333,5.74,estimated,3000.0
10.L1.3060.5742.7,Gạch 30x60 MS 5742 Loại 1,1,Chi nhánh Đà Nẵng UN,MIỀN TRUNG,168,Viên,0.1,0.1,3.0,estimated,1680.0
10.L1.3060.5743.2,Gạch 30x60 MS 5743 Loại 1,1,Chi nhánh Đà Nẵng UN,MIỀN TRUNG,1507,Viên,0.5023333333333333,0.5023333333333333,15.069999999999999,estimated,3000.0
10.L1.3060.5751.7,Gạch 30x60 MS 5751 Loại 1,1,Chi nhánh Đà Nẵng UN,MIỀN TRUNG,5824,Viên,1.9413333333333334,1.9413333333333334,58.24,estimated,3000.0
10.L1.3060.5757.5,Gạch 30x60 MS 5757 Loại 1,1,Chi nhánh Đà Nẵng UN,MIỀN TRUNG,1959,Viên,0.653,0.653,19.59,estimated,3000.0
10.L1.3060.5758.5,Gạch 30x60 MS 5758 Loại 1,1,Chi nhánh Đà Nẵng UN,MIỀN TRUNG,388,Viên,0.12933333333333333,0.12933333333333333,3.88,estimated,3000.0
10.L1.3060.5759.5,Gạch 30x60 MS 5759 Loại 1,1,Chi nhánh Đà Nẵng UN,MIỀN TRUNG,596,Viên,0.19866666666666666,0.19866666666666666,5.96,estimated,3000.0
10.L1.3060.5761.4,Gạch 30x60 MS 5761 Loại 1,1,Chi nhánh Đà Nẵng UN,MIỀN TRUNG,13440,Viên,4.48,4.48,134.4,estimated,2999.9999999999995
10.L1.3060.5763.4,Gạch 30x60 MS 5763 Loại 1,1,Chi nhánh Đà Nẵng UN,MIỀN TRUNG,896,Viên,0.2986666666666667,0.2986666666666667,8.96,estimated,2999.9999999999995
10.L1.3060.5766.5,Gạch 30x60 MS 5766 Loại 1,1,Chi nhánh Đà Nẵng UN,MIỀN TRUNG,3383,Viên,1.1276666666666666,1.1276666666666666,33.83,estimated,3000.0
10.L1.3060.5771.6,Gạch 30x60 MS 5771 Loại 1,1,Chi nhánh Đà Nẵng UN,MIỀN TRUNG,26880,Viên,8.96,8.96,268.8,estimated,2999.9999999999995
10.L1.3060.5771.8,Gạch 30x60 MS 5771 Loại 1,1,Chi nhánh Đà Nẵng UN,MIỀN TRUNG,4886,Viên,1.6286666666666667,1.6286666666666667,48.86,estimated,3000.0
10.L1.3060.5772.1,Gạch 30x60 MS 5772 Loại 1,1,Chi nhánh Đà Nẵng UN,MIỀN TRUNG,182,Viên,0.1,0.1,3.0,estimated,1820.0
10.L1.3060.5773.2,Gạch 30x60 MS 5773 Loại 1,1,Chi nhánh Đà Nẵng UN,MIỀN TRUNG,336,Viên,0.112,0.112,3.36,estimated,3000.0
10.L1.3060.5773.6,Gạch 30x60 MS 5773 Loại 1,1,Chi nhánh Đà Nẵng UN,MIỀN TRUNG,5852,Viên,1.9506666666666668,1.9506666666666668,58.52,estimated,3000.0
10.L1.3060.5778.8,Gạch 30x60 MS 5778 Loại 1,1,Chi nhánh Đà Nẵng UN,MIỀN TRUNG,175,Viên,0.1,0.1,3.0,estimated,1750.0
10.L1.3060.5779.3,Gạch 30x60 MS 5779 Loại 1,1,Chi nhánh Đà Nẵng UN,MIỀN TRUNG,462,Viên,0.154,0.154,4.62,estimated,3000.0
10.L1.3060.5781.8,Gạch 30x60 MS 5781 Loại 1,1,Chi nhánh Đà Nẵng UN,MIỀN TRUNG,14812,Viên,4.937333333333333,4.937333333333333,148.12,estimated,3000.0
10.L1.3060.5782.8,Gạch 30x60 MS 5782 Loại 1,1,Chi nhánh Đà Nẵng UN,MIỀN TRUNG,308,Viên,0.10266666666666667,0.10266666666666667,3.08,estimated,3000.0
10.L1.3060.5783.8,Gạch 30x60 MS 5783 Loại 1,1,Chi nhánh Đà Nẵng UN,MIỀN TRUNG,1815,Viên,0.6050000000000001,0.6050000000000001,18.150000000000002,estimated,2999.9999999999995
10.L1.3060.5787.2,Gạch 30x60 MS 5787 Loại 1,1,Chi nhánh Đà Nẵng UN,MIỀN TRUNG,1280,Viên,0.4266666666666667,0.4266666666666667,12.8,estimated,3000.0
10.L1.3060.5787.5,Gạch 30x60 MS 5787 Loại 1,1,Chi nhánh Đà Nẵng UN,MIỀN TRUNG,742,Viên,0.24733333333333332,0.24733333333333332,7.42,estimated,3000.0
10.L1.3060.5788.8,Gạch 30x60 MS 5788 Loại 1,1,Chi nhánh Đà Nẵng UN,MIỀN TRUNG,476,Viên,0.15866666666666665,0.15866666666666665,4.76,estimated,3000.0000000000005
10.L1.3060.5789.2,Gạch 30x60 MS 5789 Loại 1,1,Chi nhánh Đà Nẵng UN,MIỀN TRUNG,378,Viên,0.126,0.126,3.7800000000000002,estimated,3000.0
10.L1.3060.5789.7,Gạch 30x60 MS 5789 Loại 1,1,Chi nhánh Đà Nẵng UN,MIỀN TRUNG,2025,Viên,0.675,0.675,20.25,estimated,3000.0
10.L1.3060.5791.1,Gạch 30x60 MS 5791 Loại 1,1,Chi nhánh Đà Nẵng UN,MIỀN TRUNG,224,Viên,0.1,0.1,3.0,estimated,2240.0
10.L1.3060.5791.5,Gạch 30x60 MS 5791 Loại 1,1,Chi nhánh Đà Nẵng UN,MIỀN TRUNG,622,Viên,0.20733333333333331,0.20733333333333331,6.22,estimated,3000.0000000000005
10.L1.3060.5792.1,Gạch 30x60 MS 5792 Loại 1,1,Chi nhánh Đà Nẵng UN,MIỀN TRUNG,784,Viên,0.2613333333333333,0.2613333333333333,7.839999999999999,estimated,3000.0000000000005
10.L1.3060.5792.2,Gạch 30x60 MS 5792 Loại 1,1,Chi nhánh Đà Nẵng UN,MIỀN TRUNG,234,Viên,0.1,0.1,3.0,estimated,2340.0
10.L1.3060.5792.8,Gạch 30x60 MS 5792 Loại 1,1,Chi nhánh Đà Nẵng UN,MIỀN TRUNG,483,Viên,0.161,0.161,4.83,estimated,3000.0
10.L1.3060.5793.4,Gạch 30x60 MS 5793 Loại 1,1,Chi nhánh Đà Nẵng UN,MIỀN TRUNG,813,Viên,0.271,0.271,8.13,estimated,3000.0
10.L1.3060.5793.6,Gạch 30x60 MS 5793 Loại 1,1,Chi nhánh Đà Nẵng UN,MIỀN TRUNG,1890,Viên,0.6300000000000001,0.6300000000000001,18.900000000000002,estimated,2999.9999999999995
10.L1.3060.7801.6,Gạch 30x60 MS 7801 Loại 1,1,Chi nhánh Đà Nẵng UN,MIỀN TRUNG,1328,Viên,0.4426666666666667,0.4426666666666667,13.280000000000001,estimated,2999.9999999999995
10.L1.3060.7805.6,Gạch 30x60 MS 7805 Loại 1,1,Chi nhánh Đà Nẵng UN,MIỀN TRUNG,35,Viên,0.1,0.1,3.0,estimated,350.0
10.L1.3060.7821.5,Gạch 30x60 MS 7821 Loại 1,1,Chi nhánh Đà Nẵng UN,MIỀN TRUNG,1351,Viên,0.4503333333333333,0.4503333333333333,13.51,estimated,3000.0
10.L1.3060.7822.5,Gạch 30x60 MS 7822 Loại 1,1,Chi nhánh Đà Nẵng UN,MIỀN TRUNG,154,Viên,0.1,0.1,3.0,estimated,1540.0
10.L1.3060.7823.3,Gạch 30x60 MS 7823 Loại 1,1,Chi nhánh Đà Nẵng UN,MIỀN TRUNG,140,Viên,0.1,0.1,3.0,estimated,1400.0
10.L1.3060.7823.5,Gạch 30x60 MS 7823 Loại 1,1,Chi nhánh Đà Nẵng UN,MIỀN TRUNG,372,Viên,0.12400000000000001,0.12400000000000001,3.72,estimated,2999.9999999999995
10.L1.3060.7826.5,Gạch 30x60 MS 7826 Loại 1,1,Chi nhánh Đà Nẵng UN,MIỀN TRUNG,224,Viên,0.1,0.1,3.0,estimated,2240.0
10.L1.3060.7831.5,Gạch 30x60 MS 7831 Loại 1,1,Chi nhánh Đà Nẵng UN,MIỀN TRUNG,914,Viên,0.3046666666666667,0.3046666666666667,9.14,estimated,2999.9999999999995
10.L1.3060.7831.7,Gạch 30x60 MS 7831 Loại 1,1,Chi nhánh Đà Nẵng UN,MIỀN TRUNG,1793,Viên,0.5976666666666667,0.5976666666666667,17.93,estimated,3000.0
10.L1.3060.7832.5,Gạch 30x60 MS 7832 Loại 1,1,Chi nhánh Đà Nẵng UN,MIỀN TRUNG,233,Viên,0.1,0.1,3.0,estimated,2330.0
10.L1.3060.7832.7,Gạch 30x60 MS 7832 Loại 1,1,Chi nhánh Đà Nẵng UN,MIỀN TRUNG,728,Viên,0.24266666666666667,0.24266666666666667,7.28,estimated,3000.0
10.L1.3060.7833.5,Gạch 30x60 MS 7833 Loại 1,1,Chi nhánh Đà Nẵng UN,MIỀN TRUNG,378,Viên,0.126,0.126,3.7800000000000002,estimated,3000.0
10.L1.4040.4917.4,Gạch 40x40 MS 4917 Loại 1,1,Chi nhánh Đà Nẵng UN,MIỀN TRUNG,350,Viên,0.11666666666666667,0.11666666666666667,3.5,estimated,3000.0
10.L1.4080.4827.6,Gạch 40x80 MS 4827 Loại 1,1,Chi nhánh Đà Nẵng UN,MIỀN TRUNG,210,Viên,0.1,0.1,3.0,estimated,2100.0
10.L1.4080.4828.5,Gạch 40x80 MS 4828 Loại 1,1,Chi nhánh Đà Nẵng UN,MIỀN TRUNG,448,Viên,0.14933333333333335,0.14933333333333335,4.48,estimated,2999.9999999999995
10.L1.4080.4829.5,Gạch 40x80 MS 4829 Loại 1,1,Chi nhánh Đà Nẵng UN,MIỀN TRUNG,154,Viên,0.1,0.1,3.0,estimated,1540.0
10.L1.4080.4834.4,Gạch 40x80 MS 4834 Loại 1,1,Chi nhánh Đà Nẵng UN,MIỀN TRUNG,1615,Viên,0.5383333333333333,0.5383333333333333,16.15,estimated,3000.0
10.L1.4080.4835.4,Gạch 40x80 MS 4835 Loại 1,1,Chi nhánh Đà Nẵng UN,MIỀN TRUNG,275,Viên,0.1,0.1,3.0,estimated,2750.0
10.L1.4080.4836.4,Gạch 40x80 MS 4836 Loại 1,1,Chi nhánh Đà Nẵng UN,MIỀN TRUNG,289,Viên,0.1,0.1,3.0,estimated,2890.0
10.L1.4080.4841.5,Gạch 40x80 MS 4841 Loại 1,1,Chi nhánh Đà Nẵng UN,MIỀN TRUNG,1043,Viên,0.3476666666666667,0.3476666666666667,10.43,estimated,3000.0
10.L1.4080.4842.5,Gạch 40x80 MS 4842 Loại 1,1,Chi nhánh Đà Nẵng UN,MIỀN TRUNG,280,Viên,0.1,0.1,3.0,estimated,2800.0
10.L1.4080.4843.5,Gạch 40x80 MS 4843 Loại 1,1,Chi nhánh Đà Nẵng UN,MIỀN TRUNG,485,Viên,0.16166666666666668,0.16166666666666668,4.8500000000000005,estimated,2999.9999999999995
10.L1.4080.9954.5,Gạch 40x80 MS 9954 Loại 1,1,Chi nhánh Đà Nẵng UN,MIỀN TRUNG,910,Viên,0.30333333333333334,0.30333333333333334,9.1,estimated,3000.0
10.L1.4080.9955.5,Gạch 40x80 MS 9955 Loại 1,1,Chi nhánh Đà Nẵng UN,MIỀN TRUNG,206,Viên,0.1,0.1,3.0,estimated,2060.0
10.L1.4080.9956.5,Gạch 40x80 MS 9956 Loại 1,1,Chi nhánh Đà Nẵng UN,MIỀN TRUNG,379,Viên,0.12633333333333333,0.12633333333333333,3.7899999999999996,estimated,3000.0
10.L1.4080.9957.5,Gạch 40x80 MS 9957 Loại 1,1,Chi nhánh Đà Nẵng UN,MIỀN TRUNG,1469,Viên,0.48966666666666664,0.48966666666666664,14.69,estimated,3000.0
10.L1.4080.9958.5,Gạch 40x80 MS 9958 Loại 1,1,Chi nhánh Đà Nẵng UN,MIỀN TRUNG,1232,Viên,0.4106666666666667,0.4106666666666667,12.32,estimated,3000.0
10.L1.4080.9959.4,Gạch 40x80 MS 9959 Loại 1,1,Chi nhánh Đà Nẵng UN,MIỀN TRUNG,168,Viên,0.1,0.1,3.0,estimated,1680.0
10.L1.4080.9959.5,Gạch 40x80 MS 9959 Loại 1,1,Chi nhánh Đà Nẵng UN,MIỀN TRUNG,987,Viên,0.329,0.329,9.870000000000001,estimated,3000.0
10.L1.4080.9967.5,Gạch 40x80 MS 9967 Loại 1,1,Chi nhánh Đà Nẵng UN,MIỀN TRUNG,1069,Viên,0.35633333333333334,0.35633333333333334,10.69,estimated,3000.0
10.L1.4080.9969.5,Gạch 40x80 MS 9969 Loại 1,1,Chi nhánh Đà Nẵng UN,MIỀN TRUNG,842,Viên,0.2806666666666667,0.2806666666666667,8.42,estimated,3000.0
10.L1.5050.5302.6,Gạch 50x50 MS 5302 loại 1,1,Chi nhánh Đà Nẵng UN,MIỀN TRUNG,364,Viên,0.12133333333333333,0.12133333333333333,3.64,estimated,3000.0
10.L1.5050.5312.6,Gạch 50x50 MS 5312 loại 1,1,Chi nhánh Đà Nẵng UN,MIỀN TRUNG,1400,Viên,0.4666666666666667,0.4666666666666667,14.0,estimated,3000.0
10.L1.6060.5164.1,Gạch 60x60 MS 5164 loại 1,1,Chi nhánh Đà Nẵng UN,MIỀN TRUNG,336,Viên,0.112,0.112,3.36,estimated,3000.0
10.L1.6060.5164.6,Gạch 60x60 MS 5164 loại 1,1,Chi nhánh Đà Nẵng UN,MIỀN TRUNG,826,Viên,0.2753333333333333,0.2753333333333333,8.26,estimated,3000.0
10.L1.6060.5164.9,Gạch 60x60 MS 5164 loại 1,1,Chi nhánh Đà Nẵng UN,MIỀN TRUNG,2184,Viên,0.728,0.728,21.84,estimated,3000.0
10.L1.6060.5166.7,Gạch 60x60 MS 5166 loại 1,1,Chi nhánh Đà Nẵng UN,MIỀN TRUNG,1068,Viên,0.356,0.356,10.68,estimated,3000.0
10.L1.6060.5167.2,Gạch 60x60 MS 5167 loại 1,1,Chi nhánh Đà Nẵng UN,MIỀN TRUNG,238,Viên,0.1,0.1,3.0,estimated,2380.0
10.L1.6060.5167.4,Gạch 60x60 MS 5167 loại 1,1,Chi nhánh Đà Nẵng UN,MIỀN TRUNG,1411,Viên,0.4703333333333333,0.4703333333333333,14.11,estimated,3000.0
10.L1.6060.5167.6,Gạch 60x60 MS 5167 loại 1,1,Chi nhánh Đà Nẵng UN,MIỀN TRUNG,3136,Viên,1.0453333333333332,1.0453333333333332,31.359999999999996,estimated,3000.0000000000005
10.L1.6060.5168.3,Gạch 60x60 MS 5168 loại 1,1,Chi nhánh Đà Nẵng UN,MIỀN TRUNG,140,Viên,0.1,0.1,3.0,estimated,1400.0
10.L1.6060.5168.4,Gạch 60x60 MS 5168 loại 1,1,Chi nhánh Đà Nẵng UN,MIỀN TRUNG,976,Viên,0.3253333333333333,0.3253333333333333,9.76,estimated,3000.0000000000005
10.L1.6060.5168.5,Gạch 60x60 MS 5168 loại 1,1,Chi nhánh Đà Nẵng UN,MIỀN TRUNG,56,Viên,0.1,0.1,3.0,estimated,560.0
10.L1.6060.5169.4,Gạch 60x60 MS 5169 loại 1,1,Chi nhánh Đà Nẵng UN,MIỀN TRUNG,1585,Viên,0.5283333333333333,0.5283333333333333,15.85,estimated,3000.0
10.L1.6060.5169.6,Gạch 60x60 MS 5169 loại 1,1,Chi nhánh Đà Nẵng UN,MIỀN TRUNG,1447,Viên,0.48233333333333334,0.48233333333333334,14.47,estimated,3000.0
10.L1.6060.5169.8,Gạch 60x60 MS 5169 loại 1,1,Chi nhánh Đà Nẵng UN,MIỀN TRUNG,726,Viên,0.242,0.242,7.26,estimated,3000.0
10.L1.6060.5189.4,Gạch 60x60 MS 5189 loại 1,1,Chi nhánh Đà Nẵng UN,MIỀN TRUNG,911,Viên,0.30366666666666664,0.30366666666666664,9.11,estimated,3000.0000000000005
10.L1.6060.5189.5,Gạch 60x60 MS 5189 loại 1,1,Chi nhánh Đà Nẵng UN,MIỀN TRUNG,978,Viên,0.32599999999999996,0.32599999999999996,9.78,estimated,3000.0000000000005
10.L1.6060.5189.7,Gạch 60x60 MS 5189 loại 1,1,Chi nhánh Đà Nẵng UN,MIỀN TRUNG,3248,Viên,1.0826666666666669,1.0826666666666669,32.480000000000004,estimated,2999.9999999999995
10.L1.6060.5189.8,Gạch 60x60 MS 5189 loại 1,1,Chi nhánh Đà Nẵng UN,MIỀN TRUNG,1150,Viên,0.38333333333333336,0.38333333333333336,11.5,estimated,3000.0
10.L1.6060.5191.2,Gạch 60x60 MS 5191 loại 1,1,Chi nhánh Đà Nẵng UN,MIỀN TRUNG,2374,Viên,0.7913333333333334,0.7913333333333334,23.740000000000002,estimated,2999.9999999999995
10.L1.6060.5191.3,Gạch 60x60 MS 5191 loại 1,1,Chi nhánh Đà Nẵng UN,MIỀN TRUNG,2240,Viên,0.7466666666666667,0.7466666666666667,22.400000000000002,estimated,3000.0
10.L1.6060.5191.4,Gạch 60x60 MS 5191 loại 1,1,Chi nhánh Đà Nẵng UN,MIỀN TRUNG,1803,Viên,0.6010000000000001,0.6010000000000001,18.03,estimated,2999.9999999999995
10.L1.6060.5191.5,Gạch 60x60 MS 5191 loại 1,1,Chi nhánh Đà Nẵng UN,MIỀN TRUNG,5628,Viên,1.8760000000000001,1.8760000000000001,56.28,estimated,3000.0
10.L1.6060.5191.6,Gạch 60x60 MS 5191 loại 1,1,Chi nhánh Đà Nẵng UN,MIỀN TRUNG,1124,Viên,0.37466666666666665,0.37466666666666665,11.24,estimated,3000.0
10.L1.6060.5191.7,Gạch 60x60 MS 5191 loại 1,1,Chi nhánh Đà Nẵng UN,MIỀN TRUNG,984,Viên,0.328,0.328,9.84,estimated,3000.0
10.L1.6060.5192.4,Gạch 60x60 MS 5192 loại 1,1,Chi nhánh Đà Nẵng UN,MIỀN TRUNG,1295,Viên,0.4316666666666667,0.4316666666666667,12.950000000000001,estimated,3000.0
10.L1.6060.5192.5,Gạch 60x60 MS 5192 loại 1,1,Chi nhánh Đà Nẵng UN,MIỀN TRUNG,789,Viên,0.263,0.263,7.890000000000001,estimated,3000.0
10.L1.6060.5192.6,Gạch 60x60 MS 5192 loại 1,1,Chi nhánh Đà Nẵng UN,MIỀN TRUNG,2424,Viên,0.808,0.808,24.240000000000002,estimated,3000.0
10.L1.6060.5195.4,Gạch 60x60 MS 5195 loại 1,1,Chi nhánh Đà Nẵng UN,MIỀN TRUNG,1046,Viên,0.3486666666666667,0.3486666666666667,10.46,estimated,3000.0
10.L1.6060.5195.5,Gạch 60x60 MS 5195 loại 1,1,Chi nhánh Đà Nẵng UN,MIỀN TRUNG,949,Viên,0.31633333333333336,0.31633333333333336,9.49,estimated,3000.0
10.L1.6060.5196.4,Gạch 60x60 MS 5196 loại 1,1,Chi nhánh Đà Nẵng UN,MIỀN TRUNG,1020,Viên,0.34,0.34,10.200000000000001,estimated,3000.0
10.L1.6060.5196.5,Gạch 60x60 MS 5196 loại 1,1,Chi nhánh Đà Nẵng UN,MIỀN TRUNG,857,Viên,0.2856666666666667,0.2856666666666667,8.57,estimated,3000.0
10.L1.6060.5196.6,Gạch 60x60 MS 5196 loại 1,1,Chi nhánh Đà Nẵng UN,MIỀN TRUNG,1046,Viên,0.3486666666666667,0.3486666666666667,10.46,estimated,3000.0
10.L1.6060.5412.3,Gạch 60x60 MS 5412 loại 1,1,Chi nhánh Đà Nẵng UN,MIỀN TRUNG,13356,Viên,4.452,4.452,133.56,estimated,3000.0
10.L1.6060.5413.2,Gạch 60x60 MS 5413 loại 1,1,Chi nhánh Đà Nẵng UN,MIỀN TRUNG,551,Viên,0.18366666666666667,0.18366666666666667,5.51,estimated,3000.0
10.L1.6060.5414.8,Gạch 60x60 MS 5414 loại 1,1,Chi nhánh Đà Nẵng UN,MIỀN TRUNG,20076,Viên,6.691999999999999,6.691999999999999,200.76,estimated,3000.0000000000005
10.L1.6060.5444.2,Gạch 60x60 MS 5444 loại 1,1,Chi nhánh Đà Nẵng UN,MIỀN TRUNG,747,Viên,0.249,0.249,7.47,estimated,3000.0
10.L1.6060.5445.4,Gạch 60x60 MS 5445 loại 1,1,Chi nhánh Đà Nẵng UN,MIỀN TRUNG,709,Viên,0.23633333333333334,0.23633333333333334,7.09,estimated,3000.0
10.L1.6060.5447.5,Gạch 60x60 MS 5447 loại 1,1,Chi nhánh Đà Nẵng UN,MIỀN TRUNG,70,Viên,0.1,0.1,3.0,estimated,700.0
10.L1.6060.5447.6,Gạch 60x60 MS 5447 loại 1,1,Chi nhánh Đà Nẵng UN,MIỀN TRUNG,442,Viên,0.14733333333333334,0.14733333333333334,4.42,estimated,3000.0
10.L1.6060.5462.7,Gạch 60x60 MS 5462 loại 1,1,Chi nhánh Đà Nẵng UN,MIỀN TRUNG,546,Viên,0.182,0.182,5.46,estimated,3000.0
10.L1.6060.5611.9,Gạch 60x60 MS 5611 loại 1,1,Chi nhánh Đà Nẵng UN,MIỀN TRUNG,135,Viên,0.1,0.1,3.0,estimated,1350.0
10.L1.6060.5613.1,Gạch 60x60 MS 5613 loại 1,1,Chi nhánh Đà Nẵng UN,MIỀN TRUNG,973,Viên,0.32433333333333336,0.32433333333333336,9.73,estimated,2999.9999999999995
10.L1.6060.5613.3,Gạch 60x60 MS 5613 loại 1,1,Chi nhánh Đà Nẵng UN,MIỀN TRUNG,28,Viên,0.1,0.1,3.0,estimated,280.0
10.L1.6060.5613.6,Gạch 60x60 MS 5613 loại 1,1,Chi nhánh Đà Nẵng UN,MIỀN TRUNG,2156,Viên,0.7186666666666667,0.7186666666666667,21.56,estimated,3000.0
10.L1.6060.5613.8,Gạch 60x60 MS 5613 loại 1,1,Chi nhánh Đà Nẵng UN,MIỀN TRUNG,3600,Viên,1.2,1.2,36.0,estimated,3000.0
10.L1.6060.5613.9,Gạch 60x60 MS 5613 loại 1,1,Chi nhánh Đà Nẵng UN,MIỀN TRUNG,2633,Viên,0.8776666666666667,0.8776666666666667,26.330000000000002,estimated,3000.0
10.L1.6060.5614.1,Gạch 60x60 MS 5614 loại 1,1,Chi nhánh Đà Nẵng UN,MIỀN TRUNG,496,Viên,0.16533333333333333,0.16533333333333333,4.96,estimated,3000.0
10.L1.6060.5615.4,Gạch 60x60 MS 5615 loại 1,1,Chi nhánh Đà Nẵng UN,MIỀN TRUNG,1500,Viên,0.5,0.5,15.0,estimated,3000.0
10.L1.6060.5616.8,Gạch 60x60 MS 5616 loại 1,1,Chi nhánh Đà Nẵng UN,MIỀN TRUNG,679,Viên,0.22633333333333333,0.22633333333333333,6.79,estimated,3000.0
10.L1.6060.5617.4,Gạch 60x60 MS 5617 loại 1,1,Chi nhánh Đà Nẵng UN,MIỀN TRUNG,582,Viên,0.194,0.194,5.82,estimated,3000.0
10.L1.6060.5618.3,Gạch 60x60 MS 5618 loại 1,1,Chi nhánh Đà Nẵng UN,MIỀN TRUNG,1232,Viên,0.4106666666666667,0.4106666666666667,12.32,estimated,3000.0
10.L1.6060.5618.4,Gạch 60x60 MS 5618 loại 1,1,Chi nhánh Đà Nẵng UN,MIỀN TRUNG,231,Viên,0.1,0.1,3.0,estimated,2310.0
10.L1.6060.5618.5,Gạch 60x60 MS 5618 loại 1,1,Chi nhánh Đà Nẵng UN,MIỀN TRUNG,1064,Viên,0.3546666666666667,0.3546666666666667,10.64,estimated,3000.0
10.L1.6060.5618.7,Gạch 60x60 MS 5618 loại 1,1,Chi nhánh Đà Nẵng UN,MIỀN TRUNG,350,Viên,0.11666666666666667,0.11666666666666667,3.5,estimated,3000.0
10.L1.6060.5619.6,Gạch 60x60 MS 5619 loại 1,1,Chi nhánh Đà Nẵng UN,MIỀN TRUNG,210,Viên,0.1,0.1,3.0,estimated,2100.0
10.L1.6060.5622.6,Gạch 60x60 MS 5622 loại 1,1,Chi nhánh Đà Nẵng UN,MIỀN TRUNG,490,Viên,0.16333333333333336,0.16333333333333336,4.9,estimated,2999.9999999999995
10.L1.6060.5629.4,Gạch 60x60 MS 5629 loại 1,1,Chi nhánh Đà Nẵng UN,MIỀN TRUNG,588,Viên,0.196,0.196,5.88,estimated,3000.0
10.L1.6060.5673.4,Gạch 60x60 MS 5673 loại 1,1,Chi nhánh Đà Nẵng UN,MIỀN TRUNG,504,Viên,0.168,0.168,5.04,estimated,3000.0
10.L1.6060.5691.7,Gạch 60x60 MS 5691 loại 1,1,Chi nhánh Đà Nẵng UN,MIỀN TRUNG,504,Viên,0.168,0.168,5.04,estimated,3000.0
10.L1.6060.5713.4,Gạch 60x60 MS 5713 Loại 1,1,Chi nhánh Đà Nẵng UN,MIỀN TRUNG,966,Viên,0.322,0.322,9.66,estimated,3000.0
10.L1.6060.5713.5,Gạch 60x60 MS 5713 Loại 1,1,Chi nhánh Đà Nẵng UN,MIỀN TRUNG,701,Viên,0.23366666666666666,0.23366666666666666,7.01,estimated,3000.0
10.L1.6060.5719.4,Gạch 60x60 MS 5719 Loại 1,1,Chi nhánh Đà Nẵng UN,MIỀN TRUNG,586,Viên,0.19533333333333333,0.19533333333333333,5.86,estimated,3000.0
10.L1.6060.5719.5,Gạch 60x60 MS 5719 Loại 1,1,Chi nhánh Đà Nẵng UN,MIỀN TRUNG,777,Viên,0.259,0.259,7.7700000000000005,estimated,3000.0
10.L1.6060.5719.6,Gạch 60x60 MS 5719 Loại 1,1,Chi nhánh Đà Nẵng UN,MIỀN TRUNG,1221,Viên,0.40700000000000003,0.40700000000000003,12.21,estimated,3000.0
10.L1.6060.5722.5,Gạch 60x60 MS 5722 Loại 1,1,Chi nhánh Đà Nẵng UN,MIỀN TRUNG,756,Viên,0.252,0.252,7.5600000000000005,estimated,3000.0
10.L1.6060.5726.5,Gạch 60x60 MS 5726 Loại 1,1,Chi nhánh Đà Nẵng UN,MIỀN TRUNG,529,Viên,0.17633333333333334,0.17633333333333334,5.29,estimated,3000.0
10.L1.6060.5726.6,Gạch 60x60 MS 5726 Loại 1,1,Chi nhánh Đà Nẵng UN,MIỀN TRUNG,4480,Viên,1.4933333333333334,1.4933333333333334,44.800000000000004,estimated,3000.0
10.L1.6060.6156.5,Gạch 60x60 MS 6156 loại 1,1,Chi nhánh Đà Nẵng UN,MIỀN TRUNG,6468,Viên,2.156,2.156,64.68,estimated,3000.0
10.L1.6060.6157.1,Gạch 60x60 MS 6157 loại 1,1,Chi nhánh Đà Nẵng UN,MIỀN TRUNG,2163,Viên,0.721,0.721,21.63,estimated,3000.0
10.L1.6060.6157.3,Gạch 60x60 MS 6157 loại 1,1,Chi nhánh Đà Nẵng UN,MIỀN TRUNG,950,Viên,0.31666666666666665,0.31666666666666665,9.5,estimated,3000.0
10.L1.6060.6157.5,Gạch 60x60 MS 6157 loại 1,1,Chi nhánh Đà Nẵng UN,MIỀN TRUNG,999,Viên,0.333,0.333,9.99,estimated,3000.0
10.L1.6060.6157.6,Gạch 60x60 MS 6157 loại 1,1,Chi nhánh Đà Nẵng UN,MIỀN TRUNG,1393,Viên,0.4643333333333333,0.4643333333333333,13.93,estimated,3000.0
10.L1.6060.6157.8,Gạch 60x60 MS 6157 loại 1,1,Chi nhánh Đà Nẵng UN,MIỀN TRUNG,266,Viên,0.1,0.1,3.0,estimated,2660.0
10.L1.6060.6157.9,Gạch 60x60 MS 6157 loại 1,1,Chi nhánh Đà Nẵng UN,MIỀN TRUNG,1970,Viên,0.6566666666666666,0.6566666666666666,19.7,estimated,3000.0
10.L1.6060.6159.3,Gạch 60x60 MS 6159 loại 1,1,Chi nhánh Đà Nẵng UN,MIỀN TRUNG,1167,Viên,202.33333333333334,212.45000000000002,6373.500000000001,increasing,5.7677100494233935
10.L1.6060.6159.4,Gạch 60x60 MS 6159 loại 1,1,Chi nhánh Đà Nẵng UN,MIỀN TRUNG,1667,Viên,0.5556666666666668,0.5556666666666668,16.67,estimated,2999.9999999999995
10.L1.6060.6159.5,Gạch 60x60 MS 6159 loại 1,1,Chi nhánh Đà Nẵng UN,MIỀN TRUNG,902,Viên,0.30066666666666664,0.30066666666666664,9.02,estimated,3000.0000000000005
10.L1.6060.6159.7,Gạch 60x60 MS 6159 loại 1,1,Chi nhánh Đà Nẵng UN,MIỀN TRUNG,3865,Viên,1.2883333333333333,1.2883333333333333,38.65,estimated,3000.0
10.L1.6060.6161.1,Gạch 60x60 MS 6161 loại 1,1,Chi nhánh Đà Nẵng UN,MIỀN TRUNG,2210,Viên,0.7366666666666667,0.7366666666666667,22.1,estimated,3000.0
10.L1.6060.6161.2,Gạch 60x60 MS 6161 loại 1,1,Chi nhánh Đà Nẵng UN,MIỀN TRUNG,1348,Viên,0.44933333333333336,0.44933333333333336,13.48,estimated,3000.0
10.L1.6060.6161.3,Gạch 60x60 MS 6161 loại 1,1,Chi nhánh Đà Nẵng UN,MIỀN TRUNG,2645,Viên,0.8816666666666666,0.8816666666666666,26.45,estimated,3000.0000000000005
10.L1.6060.6161.4,Gạch 60x60 MS 6161 loại 1,1,Chi nhánh Đà Nẵng UN,MIỀN TRUNG,1724,Viên,0.5746666666666668,0.5746666666666668,17.240000000000002,estimated,2999.9999999999995
10.L1.6060.6161.5,Gạch 60x60 MS 6161 loại 1,1,Chi nhánh Đà Nẵng UN,MIỀN TRUNG,1169,Viên,0.38966666666666666,0.38966666666666666,11.69,estimated,3000.0
10.L1.6060.6161.6,Gạch 60x60 MS 6161 loại 1,1,Chi nhánh Đà Nẵng UN,MIỀN TRUNG,3116,Viên,1.0386666666666666,1.0386666666666666,31.16,estimated,3000.0
10.L1.6060.6161.7,Gạch 60x60 MS 6161 loại 1,1,Chi nhánh Đà Nẵng UN,MIỀN TRUNG,1290,Viên,0.43,0.43,12.9,estimated,3000.0
10.L1.6060.6161.8,Gạch 60x60 MS 6161 loại 1,1,Chi nhánh Đà Nẵng UN,MIỀN TRUNG,1959,Viên,0.653,0.653,19.59,estimated,3000.0
10.L1.6060.6161.9,Gạch 60x60 MS 6161 loại 1,1,Chi nhánh Đà Nẵng UN,MIỀN TRUNG,2175,Viên,0.725,0.725,21.75,estimated,3000.0
10.L1.6060.6162.4,Gạch 60x60 MS 6162 loại 1,1,Chi nhánh Đà Nẵng UN,MIỀN TRUNG,1650,Viên,0.55,0.55,16.5,estimated,2999.9999999999995
10.L1.6060.6162.5,Gạch 60x60 MS 6162 loại 1,1,Chi nhánh Đà Nẵng UN,MIỀN TRUNG,805,Viên,0.26833333333333337,0.26833333333333337,8.05,estimated,2999.9999999999995
10.L1.6060.6162.6,Gạch 60x60 MS 6162 loại 1,1,Chi nhánh Đà Nẵng UN,MIỀN TRUNG,1865,Viên,0.6216666666666667,0.6216666666666667,18.650000000000002,estimated,3000.0
10.L1.6060.6162.7,Gạch 60x60 MS 6162 loại 1,1,Chi nhánh Đà Nẵng UN,MIỀN TRUNG,1056,Viên,88.0,88.0,2640.0,stable,12.0
10.L1.6060.6163.1,Gạch 60x60 MS 6163 loại 1,1,Chi nhánh Đà Nẵng UN,MIỀN TRUNG,3267,Viên,1.089,1.089,32.67,estimated,3000.0
10.L1.6060.6163.3,Gạch 60x60 MS 6163 loại 1,1,Chi nhánh Đà Nẵng UN,MIỀN TRUNG,2414,Viên,0.8046666666666666,0.8046666666666666,24.14,estimated,3000.0
10.L1.6060.6163.4,Gạch 60x60 MS 6163 loại 1,1,Chi nhánh Đà Nẵng UN,MIỀN TRUNG,2635,Viên,203.5,203.5,6105.0,stable,12.948402948402949
10.L1.6060.6163.5,Gạch 60x60 MS 6163 loại 1,1,Chi nhánh Đà Nẵng UN,MIỀN TRUNG,1463,Viên,0.4876666666666667,0.4876666666666667,14.63,estimated,3000.0
10.L1.6060.6163.8,Gạch 60x60 MS 6163 loại 1,1,Chi nhánh Đà Nẵng UN,MIỀN TRUNG,1450,Viên,0.48333333333333334,0.48333333333333334,14.5,estimated,3000.0
10.L1.8080.5816.3,Gạch 80x80 MS 5816 loại 1,1,Chi nhánh Đà Nẵng UN,MIỀN TRUNG,1204,Viên,0.4013333333333334,0.4013333333333334,12.040000000000001,estimated,2999.9999999999995
10.L1.8080.5818.5,Gạch 80x80 MS 5818 loại 1,1,Chi nhánh Đà Nẵng UN,MIỀN TRUNG,154,Viên,0.1,0.1,3.0,estimated,1540.0
10.L1.8080.5819.4,Gạch 80x80 MS 5819 loại 1,1,Chi nhánh Đà Nẵng UN,MIỀN TRUNG,210,Viên,0.1,0.1,3.0,estimated,2100.0
10.L1.8080.5821.6,Gạch 80x80 MS 5821 loại 1,1,Chi nhánh Đà Nẵng UN,MIỀN TRUNG,210,Viên,0.1,0.1,3.0,estimated,2100.0
10.L1.8080.5874.2,Gạch 80x80 MS 5874 loại 1,1,Chi nhánh Đà Nẵng UN,MIỀN TRUNG,448,Viên,0.14933333333333335,0.14933333333333335,4.48,estimated,2999.9999999999995
10.L1.8080.5874.3,Gạch 80x80 MS 5874 loại 1,1,Chi nhánh Đà Nẵng UN,MIỀN TRUNG,1146,Viên,0.382,0.382,11.46,estimated,3000.0
10.L1.8080.5874.6,Gạch 80x80 MS 5874 loại 1,1,Chi nhánh Đà Nẵng UN,MIỀN TRUNG,332,Viên,0.11066666666666668,0.11066666666666668,3.3200000000000003,estimated,2999.9999999999995
10.L1.8080.5875.3,Gạch 80x80 MS 5875 loại 1,1,Chi nhánh Đà Nẵng UN,MIỀN TRUNG,898,Viên,0.29933333333333334,0.29933333333333334,8.98,estimated,3000.0
10.L1.8080.5875.4,Gạch 80x80 MS 5875 loại 1,1,Chi nhánh Đà Nẵng UN,MIỀN TRUNG,1192,Viên,0.3973333333333333,0.3973333333333333,11.92,estimated,3000.0
10.L1.8080.5875.5,Gạch 80x80 MS 5875 loại 1,1,Chi nhánh Đà Nẵng UN,MIỀN TRUNG,231,Viên,0.1,0.1,3.0,estimated,2310.0
10.L1.8080.5875.7,Gạch 80x80 MS 5875 loại 1,1,Chi nhánh Đà Nẵng UN,MIỀN TRUNG,300,Viên,0.1,0.1,3.0,estimated,3000.0
10.L1.8080.5876.5,Gạch 80x80 MS 5876 loại 1,1,Chi nhánh Đà Nẵng UN,MIỀN TRUNG,607,Viên,0.20233333333333334,0.20233333333333334,6.07,estimated,3000.0
10.L1.8080.5877.3,Gạch 80x80 MS 5877 loại 1,1,Chi nhánh Đà Nẵng UN,MIỀN TRUNG,392,Viên,0.13066666666666665,0.13066666666666665,3.9199999999999995,estimated,3000.0000000000005
10.L1.8080.5877.4,Gạch 80x80 MS 5877 loại 1,1,Chi nhánh Đà Nẵng UN,MIỀN TRUNG,425,Viên,0.14166666666666666,0.14166666666666666,4.25,estimated,3000.0
10.L1.8080.5877.5,Gạch 80x80 MS 5877 loại 1,1,Chi nhánh Đà Nẵng UN,MIỀN TRUNG,495,Viên,0.165,0.165,4.95,estimated,3000.0
10.L1.8080.5877.6,Gạch 80x80 MS 5877 loại 1,1,Chi nhánh Đà Nẵng UN,MIỀN TRUNG,749,Viên,0.24966666666666668,0.24966666666666668,7.49,estimated,3000.0
10.L1.8080.5879.3,Gạch 80x80 MS 5879 loại 1,1,Chi nhánh Đà Nẵng UN,MIỀN TRUNG,770,Viên,0.25666666666666665,0.25666666666666665,7.699999999999999,estimated,3000.0
10.L1.8080.5879.5,Gạch 80x80 MS 5879 loại 1,1,Chi nhánh Đà Nẵng UN,MIỀN TRUNG,358,Viên,0.11933333333333333,0.11933333333333333,3.58,estimated,3000.0
10.L1.8080.5880.5,Gạch 80x80 MS 5880 loại 1,1,Chi nhánh Đà Nẵng UN,MIỀN TRUNG,419,Viên,0.1396666666666667,0.1396666666666667,4.19,estimated,2999.9999999999995
10.L1.8080.5887.4,Gạch 80x80 MS 5887 loại 1,1,Chi nhánh Đà Nẵng UN,MIỀN TRUNG,413,Viên,0.13766666666666666,0.13766666666666666,4.13,estimated,3000.0
10.L1.8080.5887.5,Gạch 80x80 MS 5887 loại 1,1,Chi nhánh Đà Nẵng UN,MIỀN TRUNG,658,Viên,0.21933333333333332,0.21933333333333332,6.58,estimated,3000.0
10.L1.8080.5887.7,Gạch 80x80 MS 5887 loại 1,1,Chi nhánh Đà Nẵng UN,MIỀN TRUNG,970,Viên,0.32333333333333336,0.32333333333333336,9.700000000000001,estimated,2999.9999999999995
10.L1.8080.5889.4,Gạch 80x80 MS 5889 loại 1,1,Chi nhánh Đà Nẵng UN,MIỀN TRUNG,791,Viên,0.26366666666666666,0.26366666666666666,7.91,estimated,3000.0
10.L1.8080.5889.5,Gạch 80x80 MS 5889 loại 1,1,Chi nhánh Đà Nẵng UN,MIỀN TRUNG,854,Viên,0.2846666666666667,0.2846666666666667,8.540000000000001,estimated,3000.0
10.L1.8080.5889.6,Gạch 80x80 MS 5889 loại 1,1,Chi nhánh Đà Nẵng UN,MIỀN TRUNG,63,Viên,0.1,0.1,3.0,estimated,630.0
10.L1.8080.5889.7,Gạch 80x80 MS 5889 loại 1,1,Chi nhánh Đà Nẵng UN,MIỀN TRUNG,648,Viên,0.21600000000000003,0.21600000000000003,6.48,estimated,2999.9999999999995
10.L1.8080.5891.4,Gạch 80x80 MS 5891 loại 1,1,Chi nhánh Đà Nẵng UN,MIỀN TRUNG,643,Viên,0.21433333333333332,0.21433333333333332,6.43,estimated,3000.0
10.L1.8080.5891.5,Gạch 80x80 MS 5891 loại 1,1,Chi nhánh Đà Nẵng UN,MIỀN TRUNG,396,Viên,0.132,0.132,3.96,estimated,3000.0
10.L1.8080.5891.7,Gạch 80x80 MS 5891 loại 1,1,Chi nhánh Đà Nẵng UN,MIỀN TRUNG,1116,Viên,0.372,0.372,11.16,estimated,3000.0
10.L1.8080.5894.2,Gạch 80x80 MS 5894 loại 1,1,Chi nhánh Đà Nẵng UN,MIỀN TRUNG,5040,Viên,1.68,1.68,50.4,estimated,3000.0
10.L1.8080.5895.5,Gạch 80x80 MS 5895 loại 1,1,Chi nhánh Đà Nẵng UN,MIỀN TRUNG,638,Viên,0.21266666666666667,0.21266666666666667,6.38,estimated,3000.0
10.L1.8080.5895.6,Gạch 80x80 MS 5895 loại 1,1,Chi nhánh Đà Nẵng UN,MIỀN TRUNG,352,Viên,0.11733333333333333,0.11733333333333333,3.52,estimated,3000.0
10.L1.8080.5896.5,Gạch 80x80 MS 5896 loại 1,1,Chi nhánh Đà Nẵng UN,MIỀN TRUNG,549,Viên,0.183,0.183,5.49,estimated,3000.0
10.L1.8080.5896.6,Gạch 80x80 MS 5896 loại 1,1,Chi nhánh Đà Nẵng UN,MIỀN TRUNG,860,Viên,0.2866666666666667,0.2866666666666667,8.6,estimated,3000.0
10.L2.3060.4547,Gạch 30x60 MS 4547 Loại 2,1,Chi nhánh Đà Nẵng UN,MIỀN TRUNG,31827,Viên,10.609,10.609,318.27,estimated,3000.0
10.L2.3060.4549,Gạch 30x60 MS 4549 Loại 2,1,Chi nhánh Đà Nẵng UN,MIỀN TRUNG,2987,Viên,0.9956666666666667,0.9956666666666667,29.87,estimated,3000.0
10.L2.3060.4551,Gạch 30x60 MS 4551 Loại 2,1,Chi nhánh Đà Nẵng UN,MIỀN TRUNG,33600,Viên,11.2,11.2,336.0,estimated,3000.0
10.L2.3060.4554,Gạch 30x60 MS 4554 Loại 2,1,Chi nhánh Đà Nẵng UN,MIỀN TRUNG,33031,Viên,11.010333333333334,11.010333333333334,330.31,estimated,3000.0
10.L2.3060.4555,Gạch 30x60 MS 4555 Loại 2,1,Chi nhánh Đà Nẵng UN,MIỀN TRUNG,2240,Viên,0.7466666666666667,0.7466666666666667,22.400000000000002,estimated,3000.0
10.L2.3060.4556,Gạch 30x60 MS 4556 Loại 2,1,Chi nhánh Đà Nẵng UN,MIỀN TRUNG,4160,Viên,1.3866666666666667,1.3866666666666667,41.6,estimated,3000.0
10.L2.3060.4557,Gạch 30x60 MS 4557 Loại 2,1,Chi nhánh Đà Nẵng UN,MIỀN TRUNG,33600,Viên,11.2,11.2,336.0,estimated,3000.0
10.L2.3060.4564,Gạch 30x60 MS 4564 Loại 2,1,Chi nhánh Đà Nẵng UN,MIỀN TRUNG,29848,Viên,9.949333333333334,9.949333333333334,298.48,estimated,3000.0
10.L2.3060.4565,Gạch 30x60 MS 4565 Loại 2,1,Chi nhánh Đà Nẵng UN,MIỀN TRUNG,6720,Viên,2.24,2.24,67.2,estimated,2999.9999999999995
10.L2.3060.4566,Gạch 30x60 MS 4566 Loại 2,1,Chi nhánh Đà Nẵng UN,MIỀN TRUNG,18480,Viên,6.16,6.16,184.8,estimated,3000.0
10.L2.3060.4567,Gạch 30x60 MS 4567 Loại 2,1,Chi nhánh Đà Nẵng UN,MIỀN TRUNG,29120,Viên,9.706666666666667,9.706666666666667,291.2,estimated,3000.0
10.L2.3060.4569,Gạch 30x60 MS 4569 Loại 2,1,Chi nhánh Đà Nẵng UN,MIỀN TRUNG,19712,Viên,6.570666666666667,6.570666666666667,197.12,estimated,3000.0
10.L2.6060.5191,Gạch 60x60 MS 5191 loại 2,1,Chi nhánh Đà Nẵng UN,MIỀN TRUNG,25704,Viên,8.568000000000001,8.568000000000001,257.04,estimated,2999.9999999999995
10.L2.6060.5195,Gạch 60x60 MS 5195 loại 2,1,Chi nhánh Đà Nẵng UN,MIỀN TRUNG,16296,Viên,5.432,5.432,162.96,estimated,3000.0
10.L2.6060.6103,Gạch 60x60 MS 6103 loại 2,1,Chi nhánh Đà Nẵng UN,MIỀN TRUNG,11200,Viên,3.7333333333333334,3.7333333333333334,112.0,estimated,3000.0
10.L2.6060.6157,Gạch 60x60 MS 6157 loại 2,1,Chi nhánh Đà Nẵng UN,MIỀN TRUNG,20160,Viên,6.72,6.72,201.6,estimated,3000.0
10.L3.3060.4554,Gạch 30x60 MS 4554 Loại 3,1,Chi nhánh Đà Nẵng UN,MIỀN TRUNG,12320,Viên,4.1066666666666665,4.1066666666666665,123.19999999999999,estimated,3000.0
12.L1.1033.1301.1,Gạch 10x33 MS 1301 Loại 1,1,Chi nhánh Đà Nẵng UN,MIỀN TRUNG,4914,Viên,1.6380000000000001,1.6380000000000001,49.14,estimated,3000.0
12.L1.1033.1302.1,Gạch 10x33 MS 1302 Loại 1,1,Chi nhánh Đà Nẵng UN,MIỀN TRUNG,2108,Viên,0.7026666666666668,0.7026666666666668,21.080000000000002,estimated,2999.9999999999995
12.L1.1033.1303.1,Gạch 10x33 MS 1303 Loại 1,1,Chi nhánh Đà Nẵng UN,MIỀN TRUNG,6860,Viên,2.286666666666667,2.286666666666667,68.60000000000001,estimated,2999.9999999999995
12.L1.1033.1303.2,Gạch 10x33 MS 1303 Loại 1,1,Chi nhánh Đà Nẵng UN,MIỀN TRUNG,3589,Viên,1.1963333333333332,1.1963333333333332,35.89,estimated,3000.0
12.L1.1033.1304.1,Gạch 10x33 MS 1304 Loại 1,1,Chi nhánh Đà Nẵng UN,MIỀN TRUNG,6300,Viên,2.1,2.1,63.0,estimated,3000.0
12.L1.1033.1304.2,Gạch 10x33 MS 1304 Loại 1,1,Chi nhánh Đà Nẵng UN,MIỀN TRUNG,3421,Viên,1.1403333333333334,1.1403333333333334,34.21,estimated,2999.9999999999995
12.L1.1033.1305.1,Gạch 10x33 MS 1305 Loại 1,1,Chi nhánh Đà Nẵng UN,MIỀN TRUNG,919,Viên,0.3063333333333333,0.3063333333333333,9.19,estimated,3000.0000000000005
12.L1.1033.1305.2,Gạch 10x33 MS 1305 Loại 1,1,Chi nhánh Đà Nẵng UN,MIỀN TRUNG,2640,Viên,0.8800000000000001,0.8800000000000001,26.400000000000002,estimated,2999.9999999999995
12.L1.1033.1306.1,Gạch 10x33 MS 1306 Loại 1,1,Chi nhánh Đà Nẵng UN,MIỀN TRUNG,1834,Viên,0.6113333333333333,0.6113333333333333,18.34,estimated,3000.0000000000005
12.L1.1033.1307.1,Gạch 10x33 MS 1307 Loại 1,1,Chi nhánh Đà Nẵng UN,MIỀN TRUNG,2660,Viên,0.8866666666666667,0.8866666666666667,26.6,estimated,3000.0
12.L1.1033.1308.1,Gạch 10x33 MS 1308 Loại 1,1,Chi nhánh Đà Nẵng UN,MIỀN TRUNG,8050,Viên,2.683333333333333,2.683333333333333,80.5,estimated,3000.0000000000005
12.L1.1033.1309.1,Gạch 10x33 MS 1309 Loại 1,1,Chi nhánh Đà Nẵng UN,MIỀN TRUNG,1800,Viên,0.6,0.6,18.0,estimated,3000.0
12.L1.1033.1310.1,Gạch 10x33 MS 1310 Loại 1,1,Chi nhánh Đà Nẵng UN,MIỀN TRUNG,4704,Viên,1.568,1.568,47.04,estimated,3000.0
12.L1.1033.1311.1,Gạch 10x33 MS 1311 Loại 1,1,Chi nhánh Đà Nẵng UN,MIỀN TRUNG,1246,Viên,0.4153333333333334,0.4153333333333334,12.46,estimated,2999.9999999999995
12.L1.2040.2401.9,Gạch 20x40 MS 2401 Loại 1,1,Chi nhánh Đà Nẵng UN,MIỀN TRUNG,1344,Viên,0.448,0.448,13.44,estimated,3000.0
12.L1.2040.2402.9,Gạch 20x40 MS 2402 Loại 1,1,Chi nhánh Đà Nẵng UN,MIỀN TRUNG,168,Viên,0.1,0.1,3.0,estimated,1680.0
12.L1.2040.2403.3,Gạch 20x40 MS 2403 Loại 1,1,Chi nhánh Đà Nẵng UN,MIỀN TRUNG,4578,Viên,1.526,1.526,45.78,estimated,3000.0
12.L1.2040.2403.4,Gạch 20x40 MS 2403 Loại 1,1,Chi nhánh Đà Nẵng UN,MIỀN TRUNG,567,Viên,0.189,0.189,5.67,estimated,3000.0
12.L1.2040.2403.7,Gạch 20x40 MS 2403 Loại 1,1,Chi nhánh Đà Nẵng UN,MIỀN TRUNG,2352,Viên,0.784,0.784,23.52,estimated,3000.0
12.L1.2040.2403.8,Gạch 20x40 MS 2403 Loại 1,1,Chi nhánh Đà Nẵng UN,MIỀN TRUNG,1725,Viên,0.575,0.575,17.25,estimated,3000.0000000000005
12.L1.2040.2404.5,Gạch 20x40 MS 2404 Loại 1,1,Chi nhánh Đà Nẵng UN,MIỀN TRUNG,147,Viên,0.1,0.1,3.0,estimated,1470.0
12.L1.2040.2404.8,Gạch 20x40 MS 2404 Loại 1,1,Chi nhánh Đà Nẵng UN,MIỀN TRUNG,735,Viên,0.24500000000000002,0.24500000000000002,7.3500000000000005,estimated,2999.9999999999995
12.L1.2040.2405.6,Gạch 20x40 MS 2405 Loại 1,1,Chi nhánh Đà Nẵng UN,MIỀN TRUNG,722,Viên,0.24066666666666667,0.24066666666666667,7.22,estimated,3000.0
12.L1.2040.2405.7,Gạch 20x40 MS 2405 Loại 1,1,Chi nhánh Đà Nẵng UN,MIỀN TRUNG,448,Viên,0.14933333333333335,0.14933333333333335,4.48,estimated,2999.9999999999995
12.L1.2040.2406.4,Gạch 20x40 MS 2406 Loại 1,1,Chi nhánh Đà Nẵng UN,MIỀN TRUNG,1601,Viên,0.5336666666666667,0.5336666666666667,16.01,estimated,2999.9999999999995
12.L1.2040.2407.3,Gạch 20x40 MS 2407 Loại 1,1,Chi nhánh Đà Nẵng UN,MIỀN TRUNG,812,Viên,0.2706666666666667,0.2706666666666667,8.120000000000001,estimated,2999.9999999999995
12.L1.2040.2408.3,Gạch 20x40 MS 2408 Loại 1,1,Chi nhánh Đà Nẵng UN,MIỀN TRUNG,504,Viên,0.168,0.168,5.04,estimated,3000.0
12.L1.2040.2408.4,Gạch 20x40 MS 2408 Loại 1,1,Chi nhánh Đà Nẵng UN,MIỀN TRUNG,616,Viên,0.20533333333333334,0.20533333333333334,6.16,estimated,3000.0
12.L1.2040.2409.1,Gạch 20x40 MS 2409 Loại 1,1,Chi nhánh Đà Nẵng UN,MIỀN TRUNG,1176,Viên,0.392,0.392,11.76,estimated,3000.0
12.L1.2040.2409.3,Gạch 20x40 MS 2409 Loại 1,1,Chi nhánh Đà Nẵng UN,MIỀN TRUNG,1638,Viên,0.5459999999999999,0.5459999999999999,16.38,estimated,3000.0000000000005
12.L1.2040.2410.2,Gạch 20x40 MS 2410 Loại 1,1,Chi nhánh Đà Nẵng UN,MIỀN TRUNG,1294,Viên,0.4313333333333333,0.4313333333333333,12.94,estimated,3000.0000000000005
12.L1.2040.2412.3,Gạch 20x40 MS 2412 Loại 1,1,Chi nhánh Đà Nẵng UN,MIỀN TRUNG,336,Viên,0.112,0.112,3.36,estimated,3000.0
12.L1.2040.2413.1,Gạch 20x40 MS 2413 Loại 1,1,Chi nhánh Đà Nẵng UN,MIỀN TRUNG,588,Viên,0.196,0.196,5.88,estimated,3000.0
12.L1.2040.2414.4,Gạch 20x40 MS 2414 Loại 1,1,Chi nhánh Đà Nẵng UN,MIỀN TRUNG,1680,Viên,0.56,0.56,16.8,estimated,2999.9999999999995
12.L1.2040.2415.2,Gạch 20x40 MS 2415 Loại 1,1,Chi nhánh Đà Nẵng UN,MIỀN TRUNG,840,Viên,0.28,0.28,8.4,estimated,2999.9999999999995
12.L1.2040.U2421.1,Gạch 20x40 MS U2421 Loại 1,1,Chi nhánh Đà Nẵng UN,MIỀN TRUNG,864,Viên,0.28800000000000003,0.28800000000000003,8.64,estimated,2999.9999999999995
12.L1.2040.U2422.1,Gạch 20x40 MS U2422 Loại 1,1,Chi nhánh Đà Nẵng UN,MIỀN TRUNG,1121,Viên,0.3736666666666667,0.3736666666666667,11.21,estimated,2999.9999999999995
12.L1.2040.U2423.1,Gạch 20x40 MS U2423 Loại 1,1,Chi nhánh Đà Nẵng UN,MIỀN TRUNG,854,Viên,0.2846666666666667,0.2846666666666667,8.540000000000001,estimated,3000.0
12.L1.2040.U2424.1,Gạch 20x40 MS U2424 Loại 1,1,Chi nhánh Đà Nẵng UN,MIỀN TRUNG,1399,Viên,0.4663333333333333,0.4663333333333333,13.99,estimated,3000.0
12.L1.2040.U2424.3,Gạch 20x40 MS U2424 Loại 1,1,Chi nhánh Đà Nẵng UN,MIỀN TRUNG,1346,Viên,0.4486666666666667,0.4486666666666667,13.46,estimated,2999.9999999999995
12.L1.2040.U2424.4,Gạch 20x40 MS U2424 Loại 1,1,Chi nhánh Đà Nẵng UN,MIỀN TRUNG,7392,Viên,2.464,2.464,73.92,estimated,3000.0
12.L1.2040.U2425.1,Gạch 20x40 MS U2425 Loại 1,1,Chi nhánh Đà Nẵng UN,MIỀN TRUNG,984,Viên,0.328,0.328,9.84,estimated,3000.0
12.L1.2040.U2425.2,Gạch 20x40 MS U2425 Loại 1,1,Chi nhánh Đà Nẵng UN,MIỀN TRUNG,163,Viên,0.1,0.1,3.0,estimated,1630.0
12.L1.2040.U2425.3,Gạch 20x40 MS U2425 Loại 1,1,Chi nhánh Đà Nẵng UN,MIỀN TRUNG,728,Viên,0.24266666666666667,0.24266666666666667,7.28,estimated,3000.0
12.L1.2040.U2425.4,Gạch 20x40 MS U2425 Loại 1,1,Chi nhánh Đà Nẵng UN,MIỀN TRUNG,628,Viên,0.20933333333333334,0.20933333333333334,6.28,estimated,3000.0
12.L1.2040.U2426.1,Gạch 20x40 MS U2426 Loại 1,1,Chi nhánh Đà Nẵng UN,MIỀN TRUNG,981,Viên,0.327,0.327,9.81,estimated,3000.0
12.L1.2040.U2426.2,Gạch 20x40 MS U2426 Loại 1,1,Chi nhánh Đà Nẵng UN,MIỀN TRUNG,840,Viên,0.28,0.28,8.4,estimated,2999.9999999999995
12.L1.2040.U2426.3,Gạch 20x40 MS U2426 Loại 1,1,Chi nhánh Đà Nẵng UN,MIỀN TRUNG,1254,Viên,0.41800000000000004,0.41800000000000004,12.540000000000001,estimated,2999.9999999999995
12.L1.2040.U2426.4,Gạch 20x40 MS U2426 Loại 1,1,Chi nhánh Đà Nẵng UN,MIỀN TRUNG,2520,Viên,0.84,0.84,25.2,estimated,3000.0
12.L1.2040.U2427.1,Gạch 20x40 MS U2427 Loại 1,1,Chi nhánh Đà Nẵng UN,MIỀN TRUNG,1104,Viên,0.36800000000000005,0.36800000000000005,11.040000000000001,estimated,2999.9999999999995
12.L1.2040.U2427.2,Gạch 20x40 MS U2427 Loại 1,1,Chi nhánh Đà Nẵng UN,MIỀN TRUNG,574,Viên,0.19133333333333333,0.19133333333333333,5.74,estimated,3000.0
12.L1.2040.U2427.3,Gạch 20x40 MS U2427 Loại 1,1,Chi nhánh Đà Nẵng UN,MIỀN TRUNG,6048,Viên,2.016,2.016,60.480000000000004,estimated,3000.0
12.L1.2040.U2428.1,Gạch 20x40 MS U2428 Loại 1,1,Chi nhánh Đà Nẵng UN,MIỀN TRUNG,751,Viên,0.25033333333333335,0.25033333333333335,7.510000000000001,estimated,3000.0
12.L1.2040.U2428.2,Gạch 20x40 MS U2428 Loại 1,1,Chi nhánh Đà Nẵng UN,MIỀN TRUNG,1364,Viên,0.45466666666666666,0.45466666666666666,13.64,estimated,3000.0
12.L1.2550.2501.10,Gạch 25x50 MS 2501 Loại 1,1,Chi nhánh Đà Nẵng UN,MIỀN TRUNG,3360,Viên,1.12,1.12,33.6,estimated,2999.9999999999995
12.L1.2550.2501.5,Gạch 25x50 MS 2501 Loại 1,1,Chi nhánh Đà Nẵng UN,MIỀN TRUNG,1123,Viên,0.37433333333333335,0.37433333333333335,11.23,estimated,3000.0
12.L1.2550.2502.10,Gạch 25x50 MS 2502 Loại 1,1,Chi nhánh Đà Nẵng UN,MIỀN TRUNG,766,Viên,0.25533333333333336,0.25533333333333336,7.660000000000001,estimated,2999.9999999999995
12.L1.2550.2502.13,Gạch 25x50 MS 2502 Loại 1,1,Chi nhánh Đà Nẵng UN,MIỀN TRUNG,1488,Viên,0.49600000000000005,0.49600000000000005,14.88,estimated,2999.9999999999995
12.L1.2550.2503.8,Gạch 25x50 MS 2503 Loại 1,1,Chi nhánh Đà Nẵng UN,MIỀN TRUNG,691,Viên,0.23033333333333333,0.23033333333333333,6.91,estimated,3000.0
12.L1.2550.2504.9,Gạch 25x50 MS 2504 Loại 1,1,Chi nhánh Đà Nẵng UN,MIỀN TRUNG,487,Viên,0.16233333333333333,0.16233333333333333,4.87,estimated,3000.0
12.L1.2550.2505.10,Gạch 25x50 MS 2505 Loại 1,1,Chi nhánh Đà Nẵng UN,MIỀN TRUNG,1701,Viên,0.5670000000000001,0.5670000000000001,17.01,estimated,2999.9999999999995
12.L1.2550.2505.9,Gạch 25x50 MS 2505 Loại 1,1,Chi nhánh Đà Nẵng UN,MIỀN TRUNG,985,Viên,0.3283333333333333,0.3283333333333333,9.85,estimated,3000.0
12.L1.2550.2506.5,Gạch 25x50 MS 2506 Loại 1,1,Chi nhánh Đà Nẵng UN,MIỀN TRUNG,1792,Viên,0.5973333333333334,0.5973333333333334,17.92,estimated,2999.9999999999995
12.L1.2550.2507.5,Gạch 25x50 MS 2507 Loại 1,1,Chi nhánh Đà Nẵng UN,MIỀN TRUNG,956,Viên,0.3186666666666667,0.3186666666666667,9.56,estimated,2999.9999999999995
12.L1.2550.2508.4,Gạch 25x50 MS 2508 Loại 1,1,Chi nhánh Đà Nẵng UN,MIỀN TRUNG,952,Viên,0.3173333333333333,0.3173333333333333,9.52,estimated,3000.0000000000005
12.L1.2550.2509.5,Gạch 25x50 MS 2509 Loại 1,1,Chi nhánh Đà Nẵng UN,MIỀN TRUNG,734,Viên,0.24466666666666667,0.24466666666666667,7.34,estimated,3000.0
12.L1.2550.2509.7,Gạch 25x50 MS 2509 Loại 1,1,Chi nhánh Đà Nẵng UN,MIỀN TRUNG,840,Viên,0.28,0.28,8.4,estimated,2999.9999999999995
12.L1.2550.2510.5,Gạch 25x50 MS 2510 Loại 1,1,Chi nhánh Đà Nẵng UN,MIỀN TRUNG,1664,Viên,0.5546666666666666,0.5546666666666666,16.64,estimated,3000.0
12.L1.2550.25504,Gạch 25x50 MS 25504 Loại 1,1,Chi nhánh Đà Nẵng UN,MIỀN TRUNG,448,Viên,0.14933333333333335,0.14933333333333335,4.48,estimated,2999.9999999999995
12.L1.2550.25504.1,Gạch 25x50 MS 25504 Loại 1,1,Chi nhánh Đà Nẵng UN,MIỀN TRUNG,336,Viên,0.112,0.112,3.36,estimated,3000.0
12.L1.2550.26003,Gạch 25x50 MS 26003 Loại 1,1,Chi nhánh Đà Nẵng UN,MIỀN TRUNG,2011,Viên,0.6703333333333333,0.6703333333333333,20.11,estimated,3000.0
12.L1.2550.A2519.3,Gạch 25x50 MS A2519 Loại 1 12 Viên,1,Chi nhánh Đà Nẵng UN,MIỀN TRUNG,494,Viên,0.16466666666666668,0.16466666666666668,4.94,estimated,2999.9999999999995
12.L1.2550.A2519.4,Gạch 25x50 MS A2519 Loại 1 12 Viên,1,Chi nhánh Đà Nẵng UN,MIỀN TRUNG,719,Viên,0.23966666666666667,0.23966666666666667,7.19,estimated,3000.0
12.L1.2550.A2520.3,Gạch 25x50 MS A2520 Loại 1 12 Viên,1,Chi nhánh Đà Nẵng UN,MIỀN TRUNG,1447,Viên,0.48233333333333334,0.48233333333333334,14.47,estimated,3000.0
12.L1.2550.U2518.1,Gạch 25x50 MS U2518 Loại 1,1,Chi nhánh Đà Nẵng UN,MIỀN TRUNG,524,Viên,0.17466666666666666,0.17466666666666666,5.24,estimated,3000.0
12.L1.2550.U2519.1,Gạch 25x50 MS U2519 Loại 1,1,Chi nhánh Đà Nẵng UN,MIỀN TRUNG,640,Viên,0.21333333333333335,0.21333333333333335,6.4,estimated,3000.0
12.L1.2550.U2522.1,Gạch 25x50 MS U2522 Loại 1,1,Chi nhánh Đà Nẵng UN,MIỀN TRUNG,448,Viên,0.14933333333333335,0.14933333333333335,4.48,estimated,2999.9999999999995
12.L1.2550.U2523.1,Gạch 25x50 MS U2523 Loại 1,1,Chi nhánh Đà Nẵng UN,MIỀN TRUNG,768,Viên,0.256,0.256,7.68,estimated,3000.0
12.L1.2550.U2524.1,Gạch 25x50 MS U2524 Loại 1,1,Chi nhánh Đà Nẵng UN,MIỀN TRUNG,663,Viên,0.221,0.221,6.63,estimated,3000.0
12.L1.2550.U2525.1,Gạch 25x50 MS U2525 Loại 1,1,Chi nhánh Đà Nẵng UN,MIỀN TRUNG,762,Viên,0.254,0.254,7.62,estimated,3000.0
12.L1.2550.U2526.3,Gạch 25x50 MS U2526 Loại 1,1,Chi nhánh Đà Nẵng UN,MIỀN TRUNG,1736,Viên,0.5786666666666667,0.5786666666666667,17.36,estimated,3000.0
12.L1.2550.U2528.3,Gạch 25x50 MS U2528 Loại 1,1,Chi nhánh Đà Nẵng UN,MIỀN TRUNG,448,Viên,0.14933333333333335,0.14933333333333335,4.48,estimated,2999.9999999999995
12.L1.2550.U2530.3,Gạch 25x50 MS U2530 Loại 1,1,Chi nhánh Đà Nẵng UN,MIỀN TRUNG,1344,Viên,0.448,0.448,13.44,estimated,3000.0
12.L1.2550.U2533.2,Gạch 25x50 MS U2533 Loại 1,1,Chi nhánh Đà Nẵng UN,MIỀN TRUNG,4928,Viên,1.6426666666666667,1.6426666666666667,49.28,estimated,3000.0
12.L1.2550.U2535.1,Gạch 25x50 MS U2535 Loại 1,1,Chi nhánh Đà Nẵng UN,MIỀN TRUNG,560,Viên,0.18666666666666668,0.18666666666666668,5.6000000000000005,estimated,3000.0
12.L1.2550.U2540.3,Gạch 25x50 MS U2540 Loại 1,1,Chi nhánh Đà Nẵng UN,MIỀN TRUNG,1120,Viên,0.37333333333333335,0.37333333333333335,11.200000000000001,estimated,3000.0
12.L1.3030.3001.1,Gạch 30x30 MS 3001 Loại 1,1,Chi nhánh Đà Nẵng UN,MIỀN TRUNG,3388,Viên,1.1293333333333335,1.1293333333333335,33.88,estimated,2999.9999999999995
12.L1.3030.3001.3,Gạch 30x30 MS 3001 Loại 1,1,Chi nhánh Đà Nẵng UN,MIỀN TRUNG,385,Viên,0.12833333333333333,0.12833333333333333,3.8499999999999996,estimated,3000.0
12.L1.3030.3001.8,Gạch 30x30 MS 3001 Loại 1,1,Chi nhánh Đà Nẵng UN,MIỀN TRUNG,1386,Viên,0.46199999999999997,0.46199999999999997,13.86,estimated,3000.0
12.L1.3030.3002.16,Gạch 30x30 MS 3002 Loại 1,1,Chi nhánh Đà Nẵng UN,MIỀN TRUNG,1942,Viên,0.6473333333333334,0.6473333333333334,19.42,estimated,2999.9999999999995
12.L1.3030.3002.18,Gạch 30x30 MS 3002 Loại 1,1,Chi nhánh Đà Nẵng UN,MIỀN TRUNG,1161,Viên,0.38699999999999996,0.38699999999999996,11.61,estimated,3000.0000000000005
12.L1.3030.3005.1,Gạch 30x30 MS 3005 Loại 1,1,Chi nhánh Đà Nẵng UN,MIỀN TRUNG,1540,Viên,0.5133333333333333,0.5133333333333333,15.399999999999999,estimated,3000.0
12.L1.3030.3005.19,Gạch 30x30 MS 3005 Loại 1,1,Chi nhánh Đà Nẵng UN,MIỀN TRUNG,1618,Viên,0.5393333333333333,0.5393333333333333,16.18,estimated,3000.0
12.L1.3030.3005.21,Gạch 30x30 MS 3005 Loại 1,1,Chi nhánh Đà Nẵng UN,MIỀN TRUNG,1084,Viên,0.36133333333333334,0.36133333333333334,10.84,estimated,3000.0
12.L1.3030.3005.22,Gạch 30x30 MS 3005 Loại 1,1,Chi nhánh Đà Nẵng UN,MIỀN TRUNG,1544,Viên,0.5146666666666666,0.5146666666666666,15.439999999999998,estimated,3000.0000000000005
12.L1.3030.3010.10,Gạch 30x30 MS 3010 Loại 1,1,Chi nhánh Đà Nẵng UN,MIỀN TRUNG,462,Viên,0.154,0.154,4.62,estimated,3000.0
12.L1.3030.3010.13,Gạch 30x30 MS 3010 Loại 1,1,Chi nhánh Đà Nẵng UN,MIỀN TRUNG,1448,Viên,0.4826666666666667,0.4826666666666667,14.48,estimated,3000.0
12.L1.3030.3011.3,Gạch 30x30 MS 3011 Loại 1,1,Chi nhánh Đà Nẵng UN,MIỀN TRUNG,16940,Viên,5.6466666666666665,5.6466666666666665,169.4,estimated,3000.0
12.L1.3030.3011.4,Gạch 30x30 MS 3011 Loại 1,1,Chi nhánh Đà Nẵng UN,MIỀN TRUNG,17967,Viên,5.989000000000001,5.989000000000001,179.67000000000002,estimated,2999.9999999999995
12.L1.3030.3014.1,Gạch 30x30 MS 3014 Loại 1,1,Chi nhánh Đà Nẵng UN,MIỀN TRUNG,28182,Viên,9.394,9.394,281.82,estimated,3000.0
12.L1.3030.3014.2,Gạch 30x30 MS 3014 Loại 1,1,Chi nhánh Đà Nẵng UN,MIỀN TRUNG,4659,Viên,1.5530000000000002,1.5530000000000002,46.59,estimated,2999.9999999999995
12.L1.3030.3015.3,Gạch 30x30 MS 3015 Loại 1,1,Chi nhánh Đà Nẵng UN,MIỀN TRUNG,4225,Viên,1.4083333333333334,1.4083333333333334,42.25,estimated,3000.0
12.L1.3030.3015.4,Gạch 30x30 MS 3015 Loại 1,1,Chi nhánh Đà Nẵng UN,MIỀN TRUNG,2384,Viên,0.7946666666666666,0.7946666666666666,23.84,estimated,3000.0
12.L1.3030.3016.1,Gạch 30x30 MS 3016 Loại 1,1,Chi nhánh Đà Nẵng UN,MIỀN TRUNG,1421,Viên,0.4736666666666667,0.4736666666666667,14.21,estimated,3000.0
12.L1.3030.3018.5,Gạch 30x30 MS 3018 Loại 1,1,Chi nhánh Đà Nẵng UN,MIỀN TRUNG,3080,Viên,1.0266666666666666,1.0266666666666666,30.799999999999997,estimated,3000.0
12.L1.3030.3019.6,Gạch 30x30 MS 3019 Loại 1,1,Chi nhánh Đà Nẵng UN,MIỀN TRUNG,266,Viên,0.1,0.1,3.0,estimated,2660.0
12.L1.3030.3021.3,Gạch 30x30 MS 3021 Loại 1,1,Chi nhánh Đà Nẵng UN,MIỀN TRUNG,770,Viên,0.25666666666666665,0.25666666666666665,7.699999999999999,estimated,3000.0
12.L1.3030.3021.3+,Gạch 30x30 MS 3021 Loại 1,1,Chi nhánh Đà Nẵng UN,MIỀN TRUNG,308,Viên,0.10266666666666667,0.10266666666666667,3.08,estimated,3000.0
12.L1.3030.3021.4,Gạch 30x30 MS 3021 Loại 1,1,Chi nhánh Đà Nẵng UN,MIỀN TRUNG,2310,Viên,0.77,0.77,23.1,estimated,3000.0
12.L1.3030.3022.3,Gạch 30x30 MS 3022 Loại 1,1,Chi nhánh Đà Nẵng UN,MIỀN TRUNG,231,Viên,0.1,0.1,3.0,estimated,2310.0
12.L1.3030.3023.3,Gạch 30x30 MS 3023 Loại 1,1,Chi nhánh Đà Nẵng UN,MIỀN TRUNG,1386,Viên,0.46199999999999997,0.46199999999999997,13.86,estimated,3000.0
12.L1.3030.3024.4,Gạch 30x30 MS 3024 Loại 1,1,Chi nhánh Đà Nẵng UN,MIỀN TRUNG,770,Viên,0.25666666666666665,0.25666666666666665,7.699999999999999,estimated,3000.0
12.L1.3030.3026.4,Gạch 30x30 MS 3026 Loại 1,1,Chi nhánh Đà Nẵng UN,MIỀN TRUNG,2310,Viên,0.77,0.77,23.1,estimated,3000.0
12.L1.3030.3026.5,Gạch 30x30 MS 3026 Loại 1,1,Chi nhánh Đà Nẵng UN,MIỀN TRUNG,770,Viên,0.25666666666666665,0.25666666666666665,7.699999999999999,estimated,3000.0
12.L1.3030.3302.12,Gạch 30x30 MS 3302 Loại 1,1,Chi nhánh Đà Nẵng UN,MIỀN TRUNG,308,Viên,0.10266666666666667,0.10266666666666667,3.08,estimated,3000.0
12.L1.3030.3302.13,Gạch 30x30 MS 3302 Loại 1,1,Chi nhánh Đà Nẵng UN,MIỀN TRUNG,2559,Viên,0.853,0.853,25.59,estimated,3000.0
12.L1.3030.3305.7,Gạch 30x30 MS 3305 Loại 1,1,Chi nhánh Đà Nẵng UN,MIỀN TRUNG,1302,Viên,0.434,0.434,13.02,estimated,3000.0
12.L1.3030.3306.12,Gạch 30x30 MS 3306 Loại 1,1,Chi nhánh Đà Nẵng UN,MIỀN TRUNG,889,Viên,0.29633333333333334,0.29633333333333334,8.89,estimated,3000.0
12.L1.3030.3401,Gạch 30x30 MS 3401 Loại 1,1,Chi nhánh Đà Nẵng UN,MIỀN TRUNG,616,Viên,0.20533333333333334,0.20533333333333334,6.16,estimated,3000.0
12.L1.3030.3401.1,Gạch 30x30 MS 3401 Loại 1,1,Chi nhánh Đà Nẵng UN,MIỀN TRUNG,5544,Viên,1.8479999999999999,1.8479999999999999,55.44,estimated,3000.0
12.L1.3030.3405.1,Gạch 30x30 MS 3405 Loại 1,1,Chi nhánh Đà Nẵng UN,MIỀN TRUNG,770,Viên,0.25666666666666665,0.25666666666666665,7.699999999999999,estimated,3000.0
12.L1.3030.3407.2,Gạch 30x30 MS 3407 Loại 1,1,Chi nhánh Đà Nẵng UN,MIỀN TRUNG,2194,Viên,0.7313333333333334,0.7313333333333334,21.94,estimated,2999.9999999999995
12.L1.5050.U5001.1,Gạch 50x50 MS U5001 Loại 1,1,Chi nhánh Đà Nẵng UN,MIỀN TRUNG,3234,Viên,1.078,1.078,32.34,estimated,3000.0
12.L1.5050.U5002.1,Gạch 50x50 MS U5002 Loại 1,1,Chi nhánh Đà Nẵng UN,MIỀN TRUNG,5376,Viên,1.792,1.792,53.76,estimated,3000.0
12.L1.5050.U5003.1,Gạch 50x50 MS U5003 Loại 1,1,Chi nhánh Đà Nẵng UN,MIỀN TRUNG,7033,Viên,2.344333333333333,2.344333333333333,70.33,estimated,3000.0
12.L1.5050.U5004.1,Gạch 50x50 MS U5004 Loại 1,1,Chi nhánh Đà Nẵng UN,MIỀN TRUNG,3136,Viên,1.0453333333333332,1.0453333333333332,31.359999999999996,estimated,3000.0000000000005
12.L1.5050.U5005.1,Gạch 50x50 MS U5005 Loại 1,1,Chi nhánh Đà Nẵng UN,MIỀN TRUNG,1344,Viên,0.448,0.448,13.44,estimated,3000.0
12.L1.5050.U5006.1,Gạch 50x50 MS U5006 Loại 1,1,Chi nhánh Đà Nẵng UN,MIỀN TRUNG,4704,Viên,1.568,1.568,47.04,estimated,3000.0
12.L1.5050.U5007.1,Gạch 50x50 MS U5007 Loại 1,1,Chi nhánh Đà Nẵng UN,MIỀN TRUNG,3264,Viên,1.088,1.088,32.64,estimated,3000.0
12.L1.5050.U5008.1,Gạch 50x50 MS U5008 Loại 1,1,Chi nhánh Đà Nẵng UN,MIỀN TRUNG,6468,Viên,2.156,2.156,64.68,estimated,3000.0
12.L1.5050.U5009.1,Gạch 50x50 MS U5009 Loại 1,1,Chi nhánh Đà Nẵng UN,MIỀN TRUNG,3056,Viên,1.0186666666666668,1.0186666666666668,30.560000000000006,estimated,2999.9999999999995
14.L1.3060.36318D,Gạch 30x60 MS 36318D Loại 1,1,Chi nhánh Đà Nẵng UN,MIỀN TRUNG,161,Viên,0.1,0.1,3.0,estimated,1610.0
14.L1.3060.A36308.2,Gạch 30x60 MS A36308 Loại 1,1,Chi nhánh Đà Nẵng UN,MIỀN TRUNG,504,Viên,0.168,0.168,5.04,estimated,3000.0
14.L1.3060.A36308D.1,Gạch 30x60 MS A36308D Loại 1,1,Chi nhánh Đà Nẵng UN,MIỀN TRUNG,308,Viên,0.10266666666666667,0.10266666666666667,3.08,estimated,3000.0
14.L1.3060.A36310.5,Gạch 30x60 MS A36310 Loại 1,1,Chi nhánh Đà Nẵng UN,MIỀN TRUNG,238,Viên,0.1,0.1,3.0,estimated,2380.0
14.L1.3060.A36310.7,Gạch 30x60 MS A36310 Loại 1,1,Chi nhánh Đà Nẵng UN,MIỀN TRUNG,2062,Viên,0.6873333333333334,0.6873333333333334,20.62,estimated,3000.0
14.L1.3060.A36310D.5,Gạch 30x60 MS A36310D Loại 1,1,Chi nhánh Đà Nẵng UN,MIỀN TRUNG,350,Viên,0.11666666666666667,0.11666666666666667,3.5,estimated,3000.0
14.L1.3060.A36311D.2,Gạch 30x60 MS A36311D Loại 1,1,Chi nhánh Đà Nẵng UN,MIỀN TRUNG,4452,Viên,1.4840000000000002,1.4840000000000002,44.52,estimated,2999.9999999999995
14.L1.3060.A36318.3,Gạch 30x60 MS A36318 Loại 1,1,Chi nhánh Đà Nẵng UN,MIỀN TRUNG,1671,Viên,0.557,0.557,16.71,estimated,2999.9999999999995
14.L1.3060.A36318D.2,Gạch 30x60 MS A36318D Loại 1,1,Chi nhánh Đà Nẵng UN,MIỀN TRUNG,854,Viên,0.2846666666666667,0.2846666666666667,8.540000000000001,estimated,3000.0
14.L1.3060.A36318D.4,Gạch 30x60 MS A36318D Loại 1,1,Chi nhánh Đà Nẵng UN,MIỀN TRUNG,332,Viên,0.11066666666666668,0.11066666666666668,3.3200000000000003,estimated,2999.9999999999995
14.L1.3060.A36320D.5,Gạch 30x60 MS A36320D Loại 1,1,Chi nhánh Đà Nẵng UN,MIỀN TRUNG,196,Viên,0.1,0.1,3.0,estimated,1960.0
14.L1.3060.A36408.1,Gạch 30x60 MS A36408 Loại 1,1,Chi nhánh Đà Nẵng UN,MIỀN TRUNG,483,Viên,0.161,0.161,4.83,estimated,3000.0
14.L1.3060.A36408.2,Gạch 30x60 MS A36408 Loại 1,1,Chi nhánh Đà Nẵng UN,MIỀN TRUNG,371,Viên,0.12366666666666666,0.12366666666666666,3.71,estimated,3000.0
14.L1.3060.A36410.3,Gạch 30x60 MS A36410 Loại 1,1,Chi nhánh Đà Nẵng UN,MIỀN TRUNG,210,Viên,0.1,0.1,3.0,estimated,2100.0
14.L1.3060.A36410.7,Gạch 30x60 MS A36410 Loại 1,1,Chi nhánh Đà Nẵng UN,MIỀN TRUNG,723,Viên,0.24100000000000002,0.24100000000000002,7.23,estimated,2999.9999999999995
14.L1.3060.A36411.3,Gạch 30x60 MS A36411 Loại 1,1,Chi nhánh Đà Nẵng UN,MIỀN TRUNG,182,Viên,0.1,0.1,3.0,estimated,1820.0
14.L1.3060.A36418.3,Gạch 30x60 MS A36418 Loại 1,1,Chi nhánh Đà Nẵng UN,MIỀN TRUNG,789,Viên,0.263,0.263,7.890000000000001,estimated,3000.0
14.L1.3060.A36418.4,Gạch 30x60 MS A36418 Loại 1,1,Chi nhánh Đà Nẵng UN,MIỀN TRUNG,1822,Viên,0.6073333333333333,0.6073333333333333,18.22,estimated,3000.0000000000005
14.L1.3060.A36420.5,Gạch 30x60 MS A36420 Loại 1,1,Chi nhánh Đà Nẵng UN,MIỀN TRUNG,1008,Viên,0.336,0.336,10.08,estimated,3000.0
14.L1.3060.A36801.3,Gạch 30x60 MS A36801 Loại 1,1,Chi nhánh Đà Nẵng UN,MIỀN TRUNG,1400,Viên,0.4666666666666667,0.4666666666666667,14.0,estimated,3000.0
14.L1.3060.A36801.4,Gạch 30x60 MS A36801 Loại 1,1,Chi nhánh Đà Nẵng UN,MIỀN TRUNG,336,Viên,0.112,0.112,3.36,estimated,3000.0
14.L1.3060.A36801.8,Gạch 30x60 MS A36801 Loại 1,1,Chi nhánh Đà Nẵng UN,MIỀN TRUNG,3301,Viên,1.1003333333333332,1.1003333333333332,33.01,estimated,3000.0000000000005
14.L1.3060.A36801D.7,Gạch 30x60 MS A36801D Loại 1,1,Chi nhánh Đà Nẵng UN,MIỀN TRUNG,602,Viên,0.2006666666666667,0.2006666666666667,6.0200000000000005,estimated,2999.9999999999995
14.L1.3060.A36801V.3,Gạch 30x60 MS A36801V Loại 1,1,Chi nhánh Đà Nẵng UN,MIỀN TRUNG,613,Viên,0.20433333333333334,0.20433333333333334,6.13,estimated,3000.0
14.L1.3060.A36818.2,Gạch 30x60 MS A36818 Loại 1,1,Chi nhánh Đà Nẵng UN,MIỀN TRUNG,508,Viên,0.16933333333333334,0.16933333333333334,5.08,estimated,3000.0
14.L1.3060.A36818.4,Gạch 30x60 MS A36818 Loại 1,1,Chi nhánh Đà Nẵng UN,MIỀN TRUNG,1190,Viên,0.39666666666666667,0.39666666666666667,11.9,estimated,3000.0
14.L1.3060.A36818D.4,Gạch 30x60 MS A36818D Loại 1,1,Chi nhánh Đà Nẵng UN,MIỀN TRUNG,483,Viên,0.161,0.161,4.83,estimated,3000.0
14.L1.3060.A36821.1,Gạch 30x60 MS A36821 Loại 1,1,Chi nhánh Đà Nẵng UN,MIỀN TRUNG,2155,Viên,0.7183333333333334,0.7183333333333334,21.55,estimated,3000.0
14.L1.3060.A36821.4,Gạch 30x60 MS A36821 Loại 1,1,Chi nhánh Đà Nẵng UN,MIỀN TRUNG,2559,Viên,0.853,0.853,25.59,estimated,3000.0
14.L1.3060.A36821D.1,Gạch 30x60 MS A36821D Loại 1,1,Chi nhánh Đà Nẵng UN,MIỀN TRUNG,28,Viên,0.1,0.1,3.0,estimated,280.0
14.L1.3060.A36821D.3,Gạch 30x60 MS A36821D Loại 1,1,Chi nhánh Đà Nẵng UN,MIỀN TRUNG,224,Viên,0.1,0.1,3.0,estimated,2240.0
14.L1.3060.A36918.1,Gạch 30x60 MS A36918 Loại 1,1,Chi nhánh Đà Nẵng UN,MIỀN TRUNG,56,Viên,0.1,0.1,3.0,estimated,560.0
14.L1.3060.A36918.4,Gạch 30x60 MS A36918 Loại 1,1,Chi nhánh Đà Nẵng UN,MIỀN TRUNG,846,Viên,0.28200000000000003,0.28200000000000003,8.46,estimated,2999.9999999999995
14.L1.3060.A36921.1,Gạch 30x60 MS A36921 Loại 1,1,Chi nhánh Đà Nẵng UN,MIỀN TRUNG,518,Viên,0.17266666666666666,0.17266666666666666,5.18,estimated,3000.0
14.L1.3060.A36921.3,Gạch 30x60 MS A36921 Loại 1,1,Chi nhánh Đà Nẵng UN,MIỀN TRUNG,2058,Viên,0.686,0.686,20.580000000000002,estimated,2999.9999999999995
14.L1.3060.US36AG901,Gạch 30x60 Mỏng MS US36AG901 Loại 1,1,Chi nhánh Đà Nẵng UN,MIỀN TRUNG,1459,Viên,0.48633333333333334,0.48633333333333334,14.59,estimated,3000.0
14.L1.3060.US36AG901D,Gạch 30x60 Mỏng MS US36AG901D Loại 1,1,Chi nhánh Đà Nẵng UN,MIỀN TRUNG,238,Viên,0.1,0.1,3.0,estimated,2380.0
14.L1.3060.US36AW801,Gạch 30x60 Mỏng MS US36AW801 Loại 1,1,Chi nhánh Đà Nẵng UN,MIỀN TRUNG,909,Viên,0.303,0.303,9.09,estimated,3000.0
14.L1.3060.US36CB806,Gạch 30x60 Mỏng MS US36CB806 Loại 1,1,Chi nhánh Đà Nẵng UN,MIỀN TRUNG,1778,Viên,0.5926666666666667,0.5926666666666667,17.78,estimated,3000.0
14.L1.3060.US36CN906,Gạch 30x60 Mỏng MS US36CN906 Loại 1,1,Chi nhánh Đà Nẵng UN,MIỀN TRUNG,2355,Viên,0.785,0.785,23.55,estimated,3000.0
14.L1.3060.US36CW807,Gạch 30x60 Mỏng MS US36CW807 Loại 1,1,Chi nhánh Đà Nẵng UN,MIỀN TRUNG,1230,Viên,0.41000000000000003,0.41000000000000003,12.3,estimated,2999.9999999999995
14.L1.3060.US36LB907,Gạch 30x60 Mỏng MS US36LB907 Loại 1,1,Chi nhánh Đà Nẵng UN,MIỀN TRUNG,887,Viên,0.2956666666666667,0.2956666666666667,8.870000000000001,estimated,3000.0
14.L1.3060.US36LB907D,Gạch 30x60 Mỏng MS US36LB907D Loại 1,1,Chi nhánh Đà Nẵng UN,MIỀN TRUNG,714,Viên,0.23800000000000002,0.23800000000000002,7.140000000000001,estimated,3000.0
14.L1.4080.48803.1,Gạch 40x80 MS 48803 Loại 1,1,Chi nhánh Đà Nẵng UN,MIỀN TRUNG,672,Viên,0.224,0.224,6.72,estimated,3000.0
14.L1.4080.48807.2,Gạch 40x80 MS 48807 Loại 1,1,Chi nhánh Đà Nẵng UN,MIỀN TRUNG,532,Viên,0.17733333333333334,0.17733333333333334,5.32,estimated,3000.0
14.L1.4080.48807.3,Gạch 40x80 MS 48807 Loại 1,1,Chi nhánh Đà Nẵng UN,MIỀN TRUNG,2892,Viên,0.9640000000000001,0.9640000000000001,28.92,estimated,2999.9999999999995
14.L1.4080.48812.1,Gạch 40x80 MS 48812 Loại 1,1,Chi nhánh Đà Nẵng UN,MIỀN TRUNG,14,Viên,0.1,0.1,3.0,estimated,140.0
14.L1.4080.48822,Gạch 40x80 MS 48822 Loại 1,1,Chi nhánh Đà Nẵng UN,MIỀN TRUNG,329,Viên,0.10966666666666666,0.10966666666666666,3.29,estimated,3000.0
14.L1.4080.48868.2,Gạch 40x80 MS 48868 Loại 1,1,Chi nhánh Đà Nẵng UN,MIỀN TRUNG,224,Viên,0.1,0.1,3.0,estimated,2240.0
14.L1.4080.48868.3,Gạch 40x80 MS 48868 Loại 1,1,Chi nhánh Đà Nẵng UN,MIỀN TRUNG,658,Viên,0.21933333333333332,0.21933333333333332,6.58,estimated,3000.0
14.L1.4080.48868.7,Gạch 40x80 MS 48868 Loại 1,1,Chi nhánh Đà Nẵng UN,MIỀN TRUNG,140,Viên,0.1,0.1,3.0,estimated,1400.0
14.L1.4080.48868.8,Gạch 40x80 MS 48868 Loại 1,1,Chi nhánh Đà Nẵng UN,MIỀN TRUNG,1188,Viên,0.396,0.396,11.88,estimated,3000.0
14.L1.4080.48868.9,Gạch 40x80 MS 48868 Loại 1,1,Chi nhánh Đà Nẵng UN,MIỀN TRUNG,567,Viên,0.189,0.189,5.67,estimated,3000.0
14.L1.4080.48903.2,Gạch 40x80 MS 48903 Loại 1,1,Chi nhánh Đà Nẵng UN,MIỀN TRUNG,607,Viên,0.20233333333333334,0.20233333333333334,6.07,estimated,3000.0
14.L1.4080.48903DU,Gạch 40x80 MS 48903DU Loại 1,1,Chi nhánh Đà Nẵng UN,MIỀN TRUNG,245,Viên,0.1,0.1,3.0,estimated,2450.0
14.L1.4080.48905,Gạch 40x80 MS 48905 Loại 1,1,Chi nhánh Đà Nẵng UN,MIỀN TRUNG,364,Viên,0.12133333333333333,0.12133333333333333,3.64,estimated,3000.0
14.L1.4080.48905.1,Gạch 40x80 MS 48905 Loại 1,1,Chi nhánh Đà Nẵng UN,MIỀN TRUNG,1904,Viên,0.6346666666666666,0.6346666666666666,19.04,estimated,3000.0000000000005
14.L1.4080.48907.3,Gạch 40x80 MS 48907 Loại 1,1,Chi nhánh Đà Nẵng UN,MIỀN TRUNG,425,Viên,0.14166666666666666,0.14166666666666666,4.25,estimated,3000.0
14.L1.4080.48907D.3,Gạch 40x80 MS 48907D Loại 1,1,Chi nhánh Đà Nẵng UN,MIỀN TRUNG,174,Viên,0.1,0.1,3.0,estimated,1740.0
14.L1.4080.48910,Gạch 40x80 MS 48910 Loại 1,1,Chi nhánh Đà Nẵng UN,MIỀN TRUNG,14,Viên,0.1,0.1,3.0,estimated,140.0
14.L1.4080.48922.1,Gạch 40x80 MS 48922 Loại 1,1,Chi nhánh Đà Nẵng UN,MIỀN TRUNG,231,Viên,0.1,0.1,3.0,estimated,2310.0
14.L1.4080.48922D.1,Gạch 40x80 MS 48922D Loại 1,1,Chi nhánh Đà Nẵng UN,MIỀN TRUNG,126,Viên,0.1,0.1,3.0,estimated,1260.0
14.L1.4080.48968D.2,Gạch 40x80 MS 48968D Loại 1,1,Chi nhánh Đà Nẵng UN,MIỀN TRUNG,14,Viên,0.1,0.1,3.0,estimated,140.0
14.L1.4080.48968D.4,Gạch 40x80 MS 48968D Loại 1,1,Chi nhánh Đà Nẵng UN,MIỀN TRUNG,518,Viên,0.17266666666666666,0.17266666666666666,5.18,estimated,3000.0
14.L1.4080.U4809,Gạch 40x80 MS U4809 Loại 1,1,Chi nhánh Đà Nẵng UN,MIỀN TRUNG,635,Viên,0.2116666666666667,0.2116666666666667,6.3500000000000005,estimated,2999.9999999999995
14.L1.4080.U4812,Gạch 40x80 MS U4812 Loại 1,1,Chi nhánh Đà Nẵng UN,MIỀN TRUNG,346,Viên,0.11533333333333333,0.11533333333333333,3.46,estimated,3000.0
14.L1.4080.U4815,Gạch 40x80 MS U4815 Loại 1,1,Chi nhánh Đà Nẵng UN,MIỀN TRUNG,276,Viên,0.1,0.1,3.0,estimated,2760.0
14.L1.4080.U4816,Gạch 40x80 MS U4816 Loại 1,1,Chi nhánh Đà Nẵng UN,MIỀN TRUNG,420,Viên,0.14,0.14,4.2,estimated,2999.9999999999995
14.L1.4080.U4909,Gạch 40x80 MS U4909 Loại 1,1,Chi nhánh Đà Nẵng UN,MIỀN TRUNG,445,Viên,0.14833333333333334,0.14833333333333334,4.45,estimated,2999.9999999999995
14.L1.4080.U4909D,Gạch 40x80 MS U4909D Loại 1,1,Chi nhánh Đà Nẵng UN,MIỀN TRUNG,28,Viên,0.1,0.1,3.0,estimated,280.0
14.L1.4080.U4911,Gạch 40x80 MS U4911 Loại 1,1,Chi nhánh Đà Nẵng UN,MIỀN TRUNG,478,Viên,0.15933333333333335,0.15933333333333335,4.78,estimated,2999.9999999999995
14.L1.4080.U4912,Gạch 40x80 MS U4912 Loại 1,1,Chi nhánh Đà Nẵng UN,MIỀN TRUNG,332,Viên,0.11066666666666668,0.11066666666666668,3.3200000000000003,estimated,2999.9999999999995
14.L1.4080.U4912D,Gạch 40x80 MS U4912D Loại 1,1,Chi nhánh Đà Nẵng UN,MIỀN TRUNG,175,Viên,0.1,0.1,3.0,estimated,1750.0
14.L1.60120.181026.1,Gạch 60x120 MS 181026 loại 1,1,Chi nhánh Đà Nẵng UN,MIỀN TRUNG,691,Viên,0.23033333333333333,0.23033333333333333,6.91,estimated,3000.0
14.L1.60120.181070.1,Gạch 60x120 MS 181070 loại 1,1,Chi nhánh Đà Nẵng UN,MIỀN TRUNG,352,Viên,0.11733333333333333,0.11733333333333333,3.52,estimated,3000.0
14.L1.60120.181101,Gạch 60x120 MS 181101 loại 1,1,Chi nhánh Đà Nẵng UN,MIỀN TRUNG,14,Viên,0.1,0.1,3.0,estimated,140.0
14.L1.60120.184061,Gạch 60x120 MS 184061 loại 1,1,Chi nhánh Đà Nẵng UN,MIỀN TRUNG,836,Viên,0.2786666666666667,0.2786666666666667,8.36,estimated,3000.0
14.L1.60120.185064,Gạch 60x120 MS 185064 loại 1,1,Chi nhánh Đà Nẵng UN,MIỀN TRUNG,174,Viên,0.1,0.1,3.0,estimated,1740.0
14.L1.60120.282044,Gạch 60x120 MS 282044 loại 1,1,Chi nhánh Đà Nẵng UN,MIỀN TRUNG,247,Viên,0.1,0.1,3.0,estimated,2470.0
14.L1.60120.282051.2,Gạch 60x120 MS 282051 loại 1,1,Chi nhánh Đà Nẵng UN,MIỀN TRUNG,64,Viên,0.1,0.1,3.0,estimated,640.0
14.L1.60120.282053.1,Gạch 60x120 MS 282053 loại 1,1,Chi nhánh Đà Nẵng UN,MIỀN TRUNG,257,Viên,0.1,0.1,3.0,estimated,2570.0
14.L1.60120.284054,Gạch 60x120 MS 284054 loại 1,1,Chi nhánh Đà Nẵng UN,MIỀN TRUNG,70,Viên,0.1,0.1,3.0,estimated,700.0
14.L1.60120.284055.1,Gạch 60x120 MS 284055 loại 1,1,Chi nhánh Đà Nẵng UN,MIỀN TRUNG,154,Viên,0.1,0.1,3.0,estimated,1540.0
14.L1.60120.284057.2,Gạch 60x120 MS 284057 loại 1,1,Chi nhánh Đà Nẵng UN,MIỀN TRUNG,77,Viên,0.1,0.1,3.0,estimated,770.0
14.L1.60120.284057.3,Gạch 60x120 MS 284057 loại 1,1,Chi nhánh Đà Nẵng UN,MIỀN TRUNG,212,Viên,0.1,0.1,3.0,estimated,2120.0
14.L1.60120.285055.1,Gạch 60x120 MS 285055 loại 1,1,Chi nhánh Đà Nẵng UN,MIỀN TRUNG,56,Viên,0.1,0.1,3.0,estimated,560.0
14.L1.60120.285056,Gạch 60x120 MS 285056 loại 1,1,Chi nhánh Đà Nẵng UN,MIỀN TRUNG,92,Viên,0.1,0.1,3.0,estimated,920.0
14.L1.60120.286012,Gạch 60x120 MS 286012 loại 1,1,Chi nhánh Đà Nẵng UN,MIỀN TRUNG,216,Viên,0.1,0.1,3.0,estimated,2160.0
14.L1.60120.M61LD902,Gạch 60x120 MS M61LD902 loại 1,1,Chi nhánh Đà Nẵng UN,MIỀN TRUNG,145,Viên,0.1,0.1,3.0,estimated,1450.0
14.L1.60120.M61LD902.1,Gạch 60x120 MS M61LD902 loại 1,1,Chi nhánh Đà Nẵng UN,MIỀN TRUNG,280,Viên,0.1,0.1,3.0,estimated,2800.0
14.L1.6060.66122305.1,Gạch 60x60 MS 66122305 loại 1,1,Chi nhánh Đà Nẵng UN,MIỀN TRUNG,212,Viên,0.1,0.1,3.0,estimated,2120.0
14.L1.6060.66181004.5,Gạch 60x60 MS 66181004 loại 1,1,Chi nhánh Đà Nẵng UN,MIỀN TRUNG,987,Viên,0.329,0.329,9.870000000000001,estimated,3000.0
14.L1.6060.66181023.SN,Gạch 60x60 MS 66181023 loại 1,1,Chi nhánh Đà Nẵng UN,MIỀN TRUNG,2800,Viên,0.9333333333333333,0.9333333333333333,28.0,estimated,3000.0
14.L1.6060.66181033.2,Gạch 60x60 MS 66181033 loại 1,1,Chi nhánh Đà Nẵng UN,MIỀN TRUNG,3360,Viên,1.12,1.12,33.6,estimated,2999.9999999999995
14.L1.6060.66182031.2,Gạch 60x60 MS 66182031 loại 1,1,Chi nhánh Đà Nẵng UN,MIỀN TRUNG,551,Viên,0.18366666666666667,0.18366666666666667,5.51,estimated,3000.0
14.L1.6060.66182031U,Gạch 60x60 MS 66182031U loại 1,1,Chi nhánh Đà Nẵng UN,MIỀN TRUNG,361,Viên,0.12033333333333333,0.12033333333333333,3.61,estimated,3000.0
14.L1.6060.66262002.1,Gạch 60x60 MS 66262002 loại 1,1,Chi nhánh Đà Nẵng UN,MIỀN TRUNG,522,Viên,0.174,0.174,5.22,estimated,3000.0
14.L1.6060.66263002,Gạch 60x60 MS 66263002 loại 1,1,Chi nhánh Đà Nẵng UN,MIỀN TRUNG,677,Viên,0.22566666666666668,0.22566666666666668,6.7700000000000005,estimated,3000.0
14.L1.6060.66282018.2,Gạch 60x60 MS 66282018 loại 1,1,Chi nhánh Đà Nẵng UN,MIỀN TRUNG,529,Viên,0.17633333333333334,0.17633333333333334,5.29,estimated,3000.0
14.L1.6060.66282025.2,Gạch 60x60 MS 66282025 loại 1,1,Chi nhánh Đà Nẵng UN,MIỀN TRUNG,84,Viên,0.1,0.1,3.0,estimated,840.0
14.L1.6060.66284019.1,Gạch 60x60 MS 66284019 loại 1,1,Chi nhánh Đà Nẵng UN,MIỀN TRUNG,2371,Viên,0.7903333333333333,0.7903333333333333,23.71,estimated,3000.0
14.L1.6060.66284019.2,Gạch 60x60 MS 66284019 loại 1,1,Chi nhánh Đà Nẵng UN,MIỀN TRUNG,560,Viên,0.18666666666666668,0.18666666666666668,5.6000000000000005,estimated,3000.0
14.L1.6060.66285034,Gạch 60x60 MS 66285034 loại 1,1,Chi nhánh Đà Nẵng UN,MIỀN TRUNG,4788,Viên,1.596,1.596,47.88,estimated,3000.0
14.L1.80120.M81AG905,Gạch 80x120 MS M81AG905 loại 1,1,Chi nhánh Đà Nẵng UN,MIỀN TRUNG,126,Viên,0.1,0.1,3.0,estimated,1260.0
14.L1.80120.M81DT904,Gạch 80x120 MS M81DT904 loại 1,1,Chi nhánh Đà Nẵng UN,MIỀN TRUNG,132,Viên,0.1,0.1,3.0,estimated,1320.0
14.L1.80120.M81LD902,Gạch 80x120 MS M81LD902 loại 1,1,Chi nhánh Đà Nẵng UN,MIỀN TRUNG,80,Viên,0.1,0.1,3.0,estimated,800.0
14.L1.80120.M81LG902,Gạch 80x120 MS M81LG902 loại 1,1,Chi nhánh Đà Nẵng UN,MIỀN TRUNG,56,Viên,0.1,0.1,3.0,estimated,560.0
14.L1.80120.M81MW906,Gạch 80x120 MS M81MW906 loại 1,1,Chi nhánh Đà Nẵng UN,MIỀN TRUNG,79,Viên,0.1,0.1,3.0,estimated,790.0
14.L1.80120.M81OW903,Gạch 80x120 MS M81OW903 loại 1,1,Chi nhánh Đà Nẵng UN,MIỀN TRUNG,217,Viên,0.1,0.1,3.0,estimated,2170.0
14.L1.8080.88181004.6,Gạch 80x80 MS 88181004 loại 1,1,Chi nhánh Đà Nẵng UN,MIỀN TRUNG,695,Viên,0.23166666666666666,0.23166666666666666,6.95,estimated,3000.0
14.L1.8080.88181004.8,Gạch 80x80 MS 88181004 loại 1,1,Chi nhánh Đà Nẵng UN,MIỀN TRUNG,112,Viên,0.1,0.1,3.0,estimated,1120.0
14.L1.8080.88282015,Gạch 80x80 MS 88282015 loại 1,1,Chi nhánh Đà Nẵng UN,MIỀN TRUNG,1316,Viên,0.43866666666666665,0.43866666666666665,13.16,estimated,3000.0
14.L1.8080.88282018.1,Gạch 80x80 MS 88282018 loại 1,1,Chi nhánh Đà Nẵng UN,MIỀN TRUNG,854,Viên,0.2846666666666667,0.2846666666666667,8.540000000000001,estimated,3000.0
14.L1.8080.88282031.2,Gạch 80x80 MS 88282031 loại 1,1,Chi nhánh Đà Nẵng UN,MIỀN TRUNG,627,Viên,0.20900000000000002,0.20900000000000002,6.2700000000000005,estimated,2999.9999999999995
14.L1.8080.88283003.2,Gạch 80x80 MS 88283003 loại 1,1,Chi nhánh Đà Nẵng UN,MIỀN TRUNG,420,Viên,0.14,0.14,4.2,estimated,2999.9999999999995
14.L1.8080.88284006.2,Gạch 80x80 MS 88284006 loại 1,1,Chi nhánh Đà Nẵng UN,MIỀN TRUNG,628,Viên,0.20933333333333334,0.20933333333333334,6.28,estimated,3000.0
14.L1.8080.88285010.1,Gạch 80x80 MS 88285010 loại 1,1,Chi nhánh Đà Nẵng UN,MIỀN TRUNG,657,Viên,0.219,0.219,6.57,estimated,3000.0
14.L1.8080.88285025.1,Gạch 80x80 MS 88285025 loại 1,1,Chi nhánh Đà Nẵng UN,MIỀN TRUNG,133,Viên,0.1,0.1,3.0,estimated,1330.0
14.L1.8080.88285028.1,Gạch 80x80 MS 88285028 loại 1,1,Chi nhánh Đà Nẵng UN,MIỀN TRUNG,735,Viên,0.24500000000000002,0.24500000000000002,7.3500000000000005,estimated,2999.9999999999995
14.L1.8080.88285028.2,Gạch 80x80 MS 88285028 loại 1,1,Chi nhánh Đà Nẵng UN,MIỀN TRUNG,644,Viên,0.21466666666666667,0.21466666666666667,6.44,estimated,3000.0
14.L1.8080.88286026,Gạch 80x80 MS 88286026 loại 1,1,Chi nhánh Đà Nẵng UN,MIỀN TRUNG,300,Viên,0.1,0.1,3.0,estimated,3000.0
14.L1.8080.88286040,Gạch 80x80 MS 88286040 loại 1,1,Chi nhánh Đà Nẵng UN,MIỀN TRUNG,217,Viên,0.1,0.1,3.0,estimated,2170.0
14.L1.8080.M88AG905,Gạch 80x80 MS M88AG905 loại 1,1,Chi nhánh Đà Nẵng UN,MIỀN TRUNG,212,Viên,0.1,0.1,3.0,estimated,2120.0
14.L1.8080.M88LD902,Gạch 80x80 MS M88LD902 loại 1,1,Chi nhánh Đà Nẵng UN,MIỀN TRUNG,157,Viên,0.1,0.1,3.0,estimated,1570.0
14.L1.8080.M88LD902.1,Gạch 80x80 MS M88LD902 loại 1,1,Chi nhánh Đà Nẵng UN,MIỀN TRUNG,214,Viên,0.1,0.1,3.0,estimated,2140.0
14.L1.8080.M88LG902,Gạch 80x80 MS M88LG902 loại 1,1,Chi nhánh Đà Nẵng UN,MIỀN TRUNG,267,Viên,0.1,0.1,3.0,estimated,2670.0
14.L1.8080.M88OW903,Gạch 80x80 MS M88OW903 loại 1,1,Chi nhánh Đà Nẵng UN,MIỀN TRUNG,220,Viên,0.1,0.1,3.0,estimated,2200.0
15.L1.3060.2901.3,Gạch 30x60 MS 2901 Loại 1,1,Chi nhánh Đà Nẵng UN,MIỀN TRUNG,112,Viên,0.1,0.1,3.0,estimated,1120.0
15.L1.3060.2901.8,Gạch 30x60 MS 2901 Loại 1,1,Chi nhánh Đà Nẵng UN,MIỀN TRUNG,2702,Viên,0.9006666666666666,0.9006666666666666,27.02,estimated,3000.0
15.L1.3060.2902.3,Gạch 30x60 MS 2902 Loại 1,1,Chi nhánh Đà Nẵng UN,MIỀN TRUNG,126,Viên,0.1,0.1,3.0,estimated,1260.0
15.L1.3060.2902.8,Gạch 30x60 MS 2902 Loại 1,1,Chi nhánh Đà Nẵng UN,MIỀN TRUNG,557,Viên,0.18566666666666667,0.18566666666666667,5.57,estimated,3000.0
15.L1.3060.2903.8,Gạch 30x60 MS 2903 Loại 1,1,Chi nhánh Đà Nẵng UN,MIỀN TRUNG,627,Viên,0.20900000000000002,0.20900000000000002,6.2700000000000005,estimated,2999.9999999999995
15.L1.3060.2904.5,Gạch 30x60 MS 2904 Loại 1,1,Chi nhánh Đà Nẵng UN,MIỀN TRUNG,1959,Viên,0.653,0.653,19.59,estimated,3000.0
15.L1.3060.2905.5,Gạch 30x60 MS 2905 Loại 1,1,Chi nhánh Đà Nẵng UN,MIỀN TRUNG,220,Viên,0.1,0.1,3.0,estimated,2200.0
15.L1.3060.2906.5,Gạch 30x60 MS 2906 Loại 1,1,Chi nhánh Đà Nẵng UN,MIỀN TRUNG,824,Viên,0.27466666666666667,0.27466666666666667,8.24,estimated,3000.0
15.L1.3060.2907.5,Gạch 30x60 MS 2907 Loại 1,1,Chi nhánh Đà Nẵng UN,MIỀN TRUNG,1806,Viên,0.602,0.602,18.06,estimated,3000.0
15.L1.3060.2908.5,Gạch 30x60 MS 2908 Loại 1,1,Chi nhánh Đà Nẵng UN,MIỀN TRUNG,6552,Viên,2.1839999999999997,2.1839999999999997,65.52,estimated,3000.0000000000005
15.L1.3060.2909.5,Gạch 30x60 MS 2909 Loại 1,1,Chi nhánh Đà Nẵng UN,MIỀN TRUNG,8736,Viên,2.912,2.912,87.36,estimated,3000.0
15.L1.3060.2911.3,Gạch 30x60 MS 2911 Loại 1,1,Chi nhánh Đà Nẵng UN,MIỀN TRUNG,8295,Viên,2.765,2.765,82.95,estimated,3000.0
15.L1.3060.2911.7,Gạch 30x60 MS 2911 Loại 1,1,Chi nhánh Đà Nẵng UN,MIỀN TRUNG,2780,Viên,0.9266666666666666,0.9266666666666666,27.8,estimated,3000.0
15.L1.3060.2911.8,Gạch 30x60 MS 2911 Loại 1,1,Chi nhánh Đà Nẵng UN,MIỀN TRUNG,1585,Viên,0.5283333333333333,0.5283333333333333,15.85,estimated,3000.0
15.L1.3060.2912.3,Gạch 30x60 MS 2912 Loại 1,1,Chi nhánh Đà Nẵng UN,MIỀN TRUNG,387,Viên,0.129,0.129,3.87,estimated,3000.0
15.L1.3060.2912.7,Gạch 30x60 MS 2912 Loại 1,1,Chi nhánh Đà Nẵng UN,MIỀN TRUNG,621,Viên,0.207,0.207,6.21,estimated,3000.0
15.L1.3060.2913.3,Gạch 30x60 MS 2913 Loại 1,1,Chi nhánh Đà Nẵng UN,MIỀN TRUNG,1554,Viên,0.518,0.518,15.540000000000001,estimated,3000.0
15.L1.3060.2913.4,Gạch 30x60 MS 2913 Loại 1,1,Chi nhánh Đà Nẵng UN,MIỀN TRUNG,224,Viên,0.1,0.1,3.0,estimated,2240.0
15.L1.3060.2913.7,Gạch 30x60 MS 2913 Loại 1,1,Chi nhánh Đà Nẵng UN,MIỀN TRUNG,461,Viên,0.15366666666666667,0.15366666666666667,4.61,estimated,3000.0
15.L1.6060.6601.1,Gạch 60x60 MS 6601 loại 1,1,Chi nhánh Đà Nẵng UN,MIỀN TRUNG,2447,Viên,0.8156666666666667,0.8156666666666667,24.47,estimated,3000.0
15.L1.6060.6601.3,Gạch 60x60 MS 6601 loại 1,1,Chi nhánh Đà Nẵng UN,MIỀN TRUNG,4351,Viên,1.4503333333333333,1.4503333333333333,43.51,estimated,3000.0
15.L1.6060.6601.4,Gạch 60x60 MS 6601 loại 1,1,Chi nhánh Đà Nẵng UN,MIỀN TRUNG,7145,Viên,2.381666666666667,2.381666666666667,71.45,estimated,3000.0
15.L1.6060.6601.6,Gạch 60x60 MS 6601 loại 1,1,Chi nhánh Đà Nẵng UN,MIỀN TRUNG,1911,Viên,0.637,0.637,19.11,estimated,3000.0
15.L1.6060.6601.7,Gạch 60x60 MS 6601 loại 1,1,Chi nhánh Đà Nẵng UN,MIỀN TRUNG,1838,Viên,0.6126666666666666,0.6126666666666666,18.38,estimated,3000.0000000000005
15.L1.6060.6601.8,Gạch 60x60 MS 6601 loại 1,1,Chi nhánh Đà Nẵng UN,MIỀN TRUNG,1286,Viên,0.42866666666666664,0.42866666666666664,12.86,estimated,3000.0
15.L1.6060.6601.9,Gạch 60x60 MS 6601 loại 1,1,Chi nhánh Đà Nẵng UN,MIỀN TRUNG,1815,Viên,0.6050000000000001,0.6050000000000001,18.150000000000002,estimated,2999.9999999999995
15.L1.6060.6602.3,Gạch 60x60 MS 6602 loại 1,1,Chi nhánh Đà Nẵng UN,MIỀN TRUNG,1812,Viên,0.604,0.604,18.12,estimated,3000.0
15.L1.6060.6602.6,Gạch 60x60 MS 6602 loại 1,1,Chi nhánh Đà Nẵng UN,MIỀN TRUNG,865,Viên,0.28833333333333333,0.28833333333333333,8.65,estimated,3000.0
15.L1.6060.6602.7,Gạch 60x60 MS 6602 loại 1,1,Chi nhánh Đà Nẵng UN,MIỀN TRUNG,1529,Viên,0.5096666666666667,0.5096666666666667,15.290000000000001,estimated,2999.9999999999995
15.L1.6060.6604.1,Gạch 60x60 MS 6604 loại 1,1,Chi nhánh Đà Nẵng UN,MIỀN TRUNG,1204,Viên,0.4013333333333334,0.4013333333333334,12.040000000000001,estimated,2999.9999999999995
15.L1.6060.6604.2,Gạch 60x60 MS 6604 loại 1,1,Chi nhánh Đà Nẵng UN,MIỀN TRUNG,813,Viên,30.0,30.0,900.0,stable,27.1
15.L1.6060.6604.4,Gạch 60x60 MS 6604 loại 1,1,Chi nhánh Đà Nẵng UN,MIỀN TRUNG,941,Viên,0.31366666666666665,0.31366666666666665,9.41,estimated,3000.0
15.L1.6060.6604.6,Gạch 60x60 MS 6604 loại 1,1,Chi nhánh Đà Nẵng UN,MIỀN TRUNG,826,Viên,0.2753333333333333,0.2753333333333333,8.26,estimated,3000.0
15.L1.6060.6604.8,Gạch 60x60 MS 6604 loại 1,1,Chi nhánh Đà Nẵng UN,MIỀN TRUNG,5610,Viên,1.87,1.87,56.1,estimated,3000.0
15.L1.6060.6803.7,Gạch 60x60 MS 6803 loại 1,1,Chi nhánh Đà Nẵng UN,MIỀN TRUNG,182,Viên,0.1,0.1,3.0,estimated,1820.0
15.L1.6060.6803.8,Gạch 60x60 MS 6803 loại 1,1,Chi nhánh Đà Nẵng UN,MIỀN TRUNG,322,Viên,0.10733333333333334,0.10733333333333334,3.22,estimated,3000.0
15.L1.6060.6812.1,Gạch 60x60 MS 6812 loại 1,1,Chi nhánh Đà Nẵng UN,MIỀN TRUNG,504,Viên,0.168,0.168,5.04,estimated,3000.0
15.L1.6060.6812.8,Gạch 60x60 MS 6812 loại 1,1,Chi nhánh Đà Nẵng UN,MIỀN TRUNG,420,Viên,0.14,0.14,4.2,estimated,2999.9999999999995
15.L1.6060.6874.6,Gạch 60x60 MS 6874 loại 1,1,Chi nhánh Đà Nẵng UN,MIỀN TRUNG,612,Viên,0.20400000000000001,0.20400000000000001,6.12,estimated,3000.0
15.L1.6060.6875.7,Gạch 60x60 MS 6875 loại 1,1,Chi nhánh Đà Nẵng UN,MIỀN TRUNG,560,Viên,0.18666666666666668,0.18666666666666668,5.6000000000000005,estimated,3000.0
15.L2.3060.2901,Gạch 30x60 MS 2901 Loại 2,1,Chi nhánh Đà Nẵng UN,MIỀN TRUNG,63952,Viên,21.317333333333334,21.317333333333334,639.52,estimated,3000.0
15.L2.3060.2907,Gạch 30x60 MS 2907 Loại 2,1,Chi nhánh Đà Nẵng UN,MIỀN TRUNG,41328,Viên,13.776000000000002,13.776000000000002,413.28000000000003,estimated,2999.9999999999995
15.L2.6060.6601,Gạch 60x60 MS 6601 loại 2,1,Chi nhánh Đà Nẵng UN,MIỀN TRUNG,10827,Viên,3.609,3.609,108.27,estimated,3000.0
15.L2.6060.6602,Gạch 60x60 MS 6602 loại 2,1,Chi nhánh Đà Nẵng UN,MIỀN TRUNG,27272,Viên,9.090666666666667,9.090666666666667,272.72,estimated,3000.0
15.L3.6060.6601,Gạch 60x60 MS 6601 loại 3,1,Chi nhánh Đà Nẵng UN,MIỀN TRUNG,24864,Viên,8.288,8.288,248.64000000000001,estimated,3000.0
15.L3.6060.6602,Gạch 60x60 MS 6602 loại 3,1,Chi nhánh Đà Nẵng UN,MIỀN TRUNG,67200,Viên,22.4,22.4,672.0,estimated,3000.0
15.L3.6060.6604,Gạch 60x60 MS 6604 loại 3,1,Chi nhánh Đà Nẵng UN,MIỀN TRUNG,14056,Viên,4.685333333333333,4.685333333333333,140.56,estimated,3000.0
18.C100.DG.UTILE.00.,Keo dán gạch Unitile C1,1,Chi nhánh Đà Nẵng UN,MIỀN TRUNG,350,Kg,0.11666666666666667,0.11666666666666667,3.5,estimated,3000.0
20.L1.3030.U81107.2,Gạch 30x30 MS U81107 Loại 1,1,Chi nhánh Đà Nẵng UN,MIỀN TRUNG,1320,Viên,0.44000000000000006,0.44000000000000006,13.200000000000001,estimated,2999.9999999999995
20.L1.3030.U81107.6,Gạch 30x30 MS U81107 Loại 1,1,Chi nhánh Đà Nẵng UN,MIỀN TRUNG,1655,Viên,71.5,71.5,2145.0,stable,23.146853146853147
20.L1.3030.U81108.2,Gạch 30x30 MS U81108 Loại 1,1,Chi nhánh Đà Nẵng UN,MIỀN TRUNG,1476,Viên,59.333333333333336,56.36666666666667,1691.0,decreasing,24.876404494382022
20.L1.3030.U81108.5,Gạch 30x30 MS U81108 Loại 1,1,Chi nhánh Đà Nẵng UN,MIỀN TRUNG,843,Viên,0.28099999999999997,0.28099999999999997,8.43,estimated,3000.0000000000005
20.L1.3030.U81108.52,Gạch 30x30 MS U81108 Loại 1,1,Chi nhánh Đà Nẵng UN,MIỀN TRUNG,1177,Viên,0.3923333333333333,0.3923333333333333,11.77,estimated,3000.0
20.L1.3030.U81109.5,Gạch 30x30 MS U81109 Loại 1,1,Chi nhánh Đà Nẵng UN,MIỀN TRUNG,1343,Viên,0.44766666666666666,0.44766666666666666,13.43,estimated,3000.0
20.L1.3030.U81110.5,Gạch 30x30 MS U81110 Loại 1,1,Chi nhánh Đà Nẵng UN,MIỀN TRUNG,1199,Viên,0.39966666666666667,0.39966666666666667,11.99,estimated,3000.0
20.L1.3030.U81111.5,Gạch 30x30 MS U81111 Loại 1,1,Chi nhánh Đà Nẵng UN,MIỀN TRUNG,1167,Viên,0.389,0.389,11.67,estimated,3000.0
20.L1.3030.U81111.6,Gạch 30x30 MS U81111 Loại 1,1,Chi nhánh Đà Nẵng UN,MIỀN TRUNG,1095,Viên,60.5,60.5,1815.0,stable,18.09917355371901
20.L1.3030.U81112.5,Gạch 30x30 MS U81112 Loại 1,1,Chi nhánh Đà Nẵng UN,MIỀN TRUNG,1554,Viên,0.518,0.518,15.540000000000001,estimated,3000.0
20.L1.5050.91502.5,Gạch 50x50 MS 91502 loại 1,1,Chi nhánh Đà Nẵng UN,MIỀN TRUNG,1436,Viên,148.5,148.5,4455.0,stable,9.67003367003367
20.L1.5050.91504.5,Gạch 50x50 MS 91504 loại 1,1,Chi nhánh Đà Nẵng UN,MIỀN TRUNG,1776,Viên,120.66666666666667,114.63333333333333,3439.0,decreasing,14.718232044198894
20.L1.5050.91506.5,Gạch 50x50 MS 91506 loại 1,1,Chi nhánh Đà Nẵng UN,MIỀN TRUNG,2122,Viên,0.7073333333333333,0.7073333333333333,21.22,estimated,3000.0000000000005
20.L1.5050.91508.5,Gạch 50x50 MS 91508 loại 1,1,Chi nhánh Đà Nẵng UN,MIỀN TRUNG,2310,Viên,0.77,0.77,23.1,estimated,3000.0
20.L1.6060.A66101.2,Gạch 60x60 MS A66101 Loại 1 5 Viên,1,Chi nhánh Đà Nẵng UN,MIỀN TRUNG,42,Viên,0.1,0.1,3.0,estimated,420.0
20.L1.6060.A66103.1,Gạch 60x60 MS A66103 Loại 1 5 Viên,1,Chi nhánh Đà Nẵng UN,MIỀN TRUNG,382,Viên,0.12733333333333335,0.12733333333333335,3.8200000000000007,estimated,2999.9999999999995
20.L1.6060.A66104.1,Gạch 60x60 MS A66104 Loại 1 5 Viên,1,Chi nhánh Đà Nẵng UN,MIỀN TRUNG,957,Viên,0.319,0.319,9.57,estimated,3000.0
20.L1.6060.A66105.1,Gạch 60x60 MS A66105 Loại 1 5 Viên,1,Chi nhánh Đà Nẵng UN,MIỀN TRUNG,1594,Viên,0.5313333333333333,0.5313333333333333,15.94,estimated,3000.0
20.L1.6060.A66106.1,Gạch 60x60 MS A66106 Loại 1 5 Viên,1,Chi nhánh Đà Nẵng UN,MIỀN TRUNG,959,Viên,0.31966666666666665,0.31966666666666665,9.59,estimated,3000.0
20.L1.6060.A91661.1,Gạch 60x60 MS A91661 Loại 1 5 Viên,1,Chi nhánh Đà Nẵng UN,MIỀN TRUNG,1092,Viên,0.364,0.364,10.92,estimated,3000.0
20.L1.6060.A91662.1,Gạch 60x60 MS A91662 Loại 1 5 Viên,1,Chi nhánh Đà Nẵng UN,MIỀN TRUNG,862,Viên,0.2873333333333334,0.2873333333333334,8.620000000000001,estimated,2999.9999999999995
20.L1.8080.68101.2,Gạch 80x80 MS 68101 Loại 1,1,Chi nhánh Đà Nẵng UN,MIỀN TRUNG,1953,Viên,0.651,0.651,19.53,estimated,3000.0
20.L1.8080.68102.1,Gạch 80x80 MS 68102 Loại 1,1,Chi nhánh Đà Nẵng UN,MIỀN TRUNG,966,Viên,0.322,0.322,9.66,estimated,3000.0
20.L1.8080.68103.1,Gạch 80x80 MS 68103 Loại 1,1,Chi nhánh Đà Nẵng UN,MIỀN TRUNG,847,Viên,0.2823333333333334,0.2823333333333334,8.47,estimated,2999.9999999999995
20.L1.8080.68103.2,Gạch 80x80 MS 68103 Loại 1,1,Chi nhánh Đà Nẵng UN,MIỀN TRUNG,847,Viên,0.2823333333333334,0.2823333333333334,8.47,estimated,2999.9999999999995
20.L1.8080.68104.1,Gạch 80x80 MS 68104 Loại 1,1,Chi nhánh Đà Nẵng UN,MIỀN TRUNG,1344,Viên,0.448,0.448,13.44,estimated,3000.0
20.L1.8080.68104.2,Gạch 80x80 MS 68104 Loại 1,1,Chi nhánh Đà Nẵng UN,MIỀN TRUNG,1148,Viên,0.38266666666666665,0.38266666666666665,11.48,estimated,3000.0
20.L1.8080.68105.1,Gạch 80x80 MS 68105 Loại 1,1,Chi nhánh Đà Nẵng UN,MIỀN TRUNG,794,Viên,0.26466666666666666,0.26466666666666666,7.9399999999999995,estimated,3000.0
20.L1.8080.68105.3,Gạch 80x80 MS 68105 Loại 1,1,Chi nhánh Đà Nẵng UN,MIỀN TRUNG,984,Viên,16.0,16.0,480.0,stable,61.5
20.L1.8080.68106.1,Gạch 80x80 MS 68106 Loại 1,1,Chi nhánh Đà Nẵng UN,MIỀN TRUNG,70,Viên,0.1,0.1,3.0,estimated,700.0
20.L1.8080.91851.1,Gạch 80x80 MS 91851 loại 1,1,Chi nhánh Đà Nẵng UN,MIỀN TRUNG,230,Viên,0.1,0.1,3.0,estimated,2300.0
20.L1.8080.91851.4,Gạch 80x80 MS 91851 loại 1,1,Chi nhánh Đà Nẵng UN,MIỀN TRUNG,1107,Viên,0.369,0.369,11.07,estimated,3000.0
20.L1.8080.91851.5,Gạch 80x80 MS 91851 loại 1,1,Chi nhánh Đà Nẵng UN,MIỀN TRUNG,652,Viên,0.21733333333333335,0.21733333333333335,6.5200000000000005,estimated,2999.9999999999995
20.L1.8080.91855.1,Gạch 80x80 MS 91855 loại 1,1,Chi nhánh Đà Nẵng UN,MIỀN TRUNG,647,Viên,0.21566666666666665,0.21566666666666665,6.47,estimated,3000.0000000000005
20.L1.8080.91855.5,Gạch 80x80 MS 91855 loại 1,1,Chi nhánh Đà Nẵng UN,MIỀN TRUNG,656,Viên,0.21866666666666668,0.21866666666666668,6.5600000000000005,estimated,3000.0
20.L1.8080.91855.6,Gạch 80x80 MS 91855 loại 1,1,Chi nhánh Đà Nẵng UN,MIỀN TRUNG,1169,Viên,0.38966666666666666,0.38966666666666666,11.69,estimated,3000.0
20.L1.8080.91857.5,Gạch 80x80 MS 91857 loại 1,1,Chi nhánh Đà Nẵng UN,MIỀN TRUNG,683,Viên,0.22766666666666666,0.22766666666666666,6.83,estimated,3000.0
20.L1.8080.91858.1,Gạch 80x80 MS 91858 loại 1,1,Chi nhánh Đà Nẵng UN,MIỀN TRUNG,817,Viên,0.2723333333333333,0.2723333333333333,8.17,estimated,3000.0
20.L1.8080.91858.2,Gạch 80x80 MS 91858 loại 1,1,Chi nhánh Đà Nẵng UN,MIỀN TRUNG,859,Viên,0.28633333333333333,0.28633333333333333,8.59,estimated,3000.0
20.L1.8080.91858.4,Gạch 80x80 MS 91858 loại 1,1,Chi nhánh Đà Nẵng UN,MIỀN TRUNG,910,Viên,0.30333333333333334,0.30333333333333334,9.1,estimated,3000.0
20.L1.8080.91858.5,Gạch 80x80 MS 91858 loại 1,1,Chi nhánh Đà Nẵng UN,MIỀN TRUNG,1076,Viên,0.35866666666666663,0.35866666666666663,10.76,estimated,3000.0000000000005
20.L1.8080.91858.6,Gạch 80x80 MS 91858 loại 1,1,Chi nhánh Đà Nẵng UN,MIỀN TRUNG,929,Viên,0.3096666666666667,0.3096666666666667,9.290000000000001,estimated,2999.9999999999995
20.L1.8080.91859.1,Gạch 80x80 MS 91859 loại 1,1,Chi nhánh Đà Nẵng UN,MIỀN TRUNG,912,Viên,42.5,42.5,1275.0,stable,21.458823529411763
20.L1.8080.91859.2,Gạch 80x80 MS 91859 loại 1,1,Chi nhánh Đà Nẵng UN,MIỀN TRUNG,2436,Viên,0.8119999999999999,0.8119999999999999,24.36,estimated,3000.0
20.L1.8080.91859.4,Gạch 80x80 MS 91859 loại 1,1,Chi nhánh Đà Nẵng UN,MIỀN TRUNG,1171,Viên,13.5,13.5,405.0,stable,86.74074074074075
20.L1.8080.91859.5,Gạch 80x80 MS 91859 loại 1,1,Chi nhánh Đà Nẵng UN,MIỀN TRUNG,783,Viên,7.5,7.5,225.0,stable,104.4
20.L1.8080.91859.6,Gạch 80x80 MS 91859 loại 1,1,Chi nhánh Đà Nẵng UN,MIỀN TRUNG,715,Viên,0.23833333333333334,0.23833333333333334,7.15,estimated,3000.0
20.L1.8080.91861.1,Gạch 80x80 MS 91861 loại 1,1,Chi nhánh Đà Nẵng UN,MIỀN TRUNG,1012,Viên,0.3373333333333334,0.3373333333333334,10.120000000000001,estimated,2999.9999999999995
20.L1.8080.91861.2,Gạch 80x80 MS 91861 loại 1,1,Chi nhánh Đà Nẵng UN,MIỀN TRUNG,1291,Viên,0.43033333333333335,0.43033333333333335,12.91,estimated,3000.0
20.L1.8080.91862.1,Gạch 80x80 MS 91862 loại 1,1,Chi nhánh Đà Nẵng UN,MIỀN TRUNG,1122,Viên,0.374,0.374,11.22,estimated,3000.0
21.C100.DG.MPECO.00,Keo dán gạch Mapetile Eco Xám,1,Chi nhánh Đà Nẵng UN,MIỀN TRUNG,9950,Kg,3.316666666666667,3.316666666666667,99.5,estimated,3000.0
21.C100.DG.UNIECO.00,Keo dán gạch Mapetile Uni Eco Xám,1,Chi nhánh Đà Nẵng UN,MIỀN TRUNG,7442,Kg,875.0,875.0,26250.0,stable,8.505142857142857
21.C100.DG.UNISET.00,Keo dán gạch UniSet C1 Xám,1,Chi nhánh Đà Nẵng UN,MIỀN TRUNG,4788,Kg,112.5,112.5,3375.0,stable,42.56
21.CG1.CR.SF-CLASSIC.00,Bột trét  Keracolor SF CLASSIC Trắng,1,Chi nhánh Đà Nẵng UN,MIỀN TRUNG,384,Kg,80.0,76.0,2280.0,decreasing,4.8
22.C100.DG.TPRO2.00,Keo dán gạch KKS TilePro X2 C1,1,Chi nhánh Đà Nẵng UN,MIỀN TRUNG,3465,Kg,1.155,1.155,34.65,estimated,3000.0
22.C100.DG.UNITILE.00,Keo dán gạch KKS Unitile C1,1,Chi nhánh Đà Nẵng UN,MIỀN TRUNG,8276,Kg,3.3333333333333335,0.5859597083178836,17.578791249536508,decreasing,2482.7999999999997
23.L1.5050.6532.5,Gạch 50x50 MS 6532 loại 1,1,Chi nhánh Đà Nẵng UN,MIỀN TRUNG,1176,Viên,0.392,0.392,11.76,estimated,3000.0
23.L1.5050.6533.5,Gạch 50x50 MS 6533 loại 1,1,Chi nhánh Đà Nẵng UN,MIỀN TRUNG,1380,Viên,0.46,0.46,13.8,estimated,3000.0
23.L1.5050.6542.5,Gạch 50x50 MS 6542 loại 1,1,Chi nhánh Đà Nẵng UN,MIỀN TRUNG,1718,Viên,0.5726666666666667,0.5726666666666667,17.18,estimated,3000.0
23.L1.5050.6543.5,Gạch 50x50 MS 6543 loại 1,1,Chi nhánh Đà Nẵng UN,MIỀN TRUNG,1190,Viên,0.39666666666666667,0.39666666666666667,11.9,estimated,3000.0
23.L1.5050.6622.5,Gạch 50x50 MS 6622 loại 1,1,Chi nhánh Đà Nẵng UN,MIỀN TRUNG,84,Viên,0.1,0.1,3.0,estimated,840.0
23.L1.5050.6636.5,Gạch 50x50 MS 6636 loại 1,1,Chi nhánh Đà Nẵng UN,MIỀN TRUNG,105,Viên,0.1,0.1,3.0,estimated,1050.0
23.L1.5050.U6622.5,Gạch 50x50 MS U6622 loại 1,1,Chi nhánh Đà Nẵng UN,MIỀN TRUNG,1429,Viên,0.4763333333333334,0.4763333333333334,14.290000000000001,estimated,2999.9999999999995
23.L1.5050.U6636.5,Gạch 50x50 MS U6636 loại 1,1,Chi nhánh Đà Nẵng UN,MIỀN TRUNG,1548,Viên,0.516,0.516,15.48,estimated,3000.0
25.L1.3060.FP936609.1,Gạch 30x60 MS FP936609 Loại 1,1,Chi nhánh Đà Nẵng UN,MIỀN TRUNG,8624,Viên,2.8746666666666667,2.8746666666666667,86.24,estimated,3000.0
25.L1.3060.FP936610.2,Gạch 30x60 MS FP936610 Loại 1,1,Chi nhánh Đà Nẵng UN,MIỀN TRUNG,2510,Viên,0.8366666666666667,0.8366666666666667,25.1,estimated,3000.0
25.L1.3060.FP936612.1,Gạch 30x60 MS FP936612 Loại 1,1,Chi nhánh Đà Nẵng UN,MIỀN TRUNG,1454,Viên,136.0,136.0,4080.0,stable,10.691176470588236
25.L1.3060.FP936612.2,Gạch 30x60 MS FP936612 Loại 1,1,Chi nhánh Đà Nẵng UN,MIỀN TRUNG,889,Viên,0.29633333333333334,0.29633333333333334,8.89,estimated,3000.0
25.L1.3060.FP936612D.1,Gạch 30x60 MS FP936612D Loại 1,1,Chi nhánh Đà Nẵng UN,MIỀN TRUNG,630,Viên,0.21,0.21,6.3,estimated,3000.0
25.L1.3060.FP936613.2,Gạch 30x60 MS FP936613 Loại 1,1,Chi nhánh Đà Nẵng UN,MIỀN TRUNG,1530,Viên,118.0,123.9,3717.0,increasing,12.966101694915254
25.L1.3060.GT3601.50,Gạch 30x60 MS GT3601 Loại 1,1,Chi nhánh Đà Nẵng UN,MIỀN TRUNG,10082,Viên,3.360666666666667,3.360666666666667,100.82000000000001,estimated,3000.0
25.L1.3060.GT3601.51,Gạch 30x60 MS GT3601 Loại 1,1,Chi nhánh Đà Nẵng UN,MIỀN TRUNG,20160,Viên,6.72,6.72,201.6,estimated,3000.0
25.L1.3060.GT3601.54,Gạch 30x60 MS GT3601 Loại 1,1,Chi nhánh Đà Nẵng UN,MIỀN TRUNG,2765,Viên,0.9216666666666667,0.9216666666666667,27.650000000000002,estimated,2999.9999999999995
25.L1.3060.GT3601V.50,Gạch 30x60 MS GT3601V Loại 1,1,Chi nhánh Đà Nẵng UN,MIỀN TRUNG,1875,Viên,0.625,0.625,18.75,estimated,3000.0
25.L1.3060.GT3602.50,Gạch 30x60 MS GT3602 Loại 1,1,Chi nhánh Đà Nẵng UN,MIỀN TRUNG,843,Viên,0.28099999999999997,0.28099999999999997,8.43,estimated,3000.0000000000005
25.L1.3060.GT3602.51,Gạch 30x60 MS GT3602 Loại 1,1,Chi nhánh Đà Nẵng UN,MIỀN TRUNG,1881,Viên,0.627,0.627,18.81,estimated,3000.0
25.L1.3060.GT3602.54,Gạch 30x60 MS GT3602 Loại 1,1,Chi nhánh Đà Nẵng UN,MIỀN TRUNG,1541,Viên,0.5136666666666667,0.5136666666666667,15.410000000000002,estimated,2999.9999999999995
25.L1.3060.GT3603.51,Gạch 30x60 MS GT3603 Loại 1,1,Chi nhánh Đà Nẵng UN,MIỀN TRUNG,829,Viên,0.2763333333333334,0.2763333333333334,8.290000000000001,estimated,2999.9999999999995
25.L1.3060.GT3603.52,Gạch 30x60 MS GT3603 Loại 1,1,Chi nhánh Đà Nẵng UN,MIỀN TRUNG,746,Viên,0.24866666666666667,0.24866666666666667,7.46,estimated,3000.0
25.L1.3060.GT3608.50,Gạch 30x60 MS GT3608 Loại 1,1,Chi nhánh Đà Nẵng UN,MIỀN TRUNG,494,Viên,0.16466666666666668,0.16466666666666668,4.94,estimated,2999.9999999999995
25.L1.3060.GT3608.51,Gạch 30x60 MS GT3608 Loại 1,1,Chi nhánh Đà Nẵng UN,MIỀN TRUNG,1369,Viên,0.4563333333333333,0.4563333333333333,13.69,estimated,3000.0
25.L1.3060.GT3608.53,Gạch 30x60 MS GT3608 Loại 1,1,Chi nhánh Đà Nẵng UN,MIỀN TRUNG,1767,Viên,0.5890000000000001,0.5890000000000001,17.67,estimated,2999.9999999999995
25.L1.3060.GT3608.54,Gạch 30x60 MS GT3608 Loại 1,1,Chi nhánh Đà Nẵng UN,MIỀN TRUNG,2022,Viên,0.6739999999999999,0.6739999999999999,20.22,estimated,3000.0000000000005
25.L1.3060.GT3609.50,Gạch 30x60 MS GT3609 Loại 1,1,Chi nhánh Đà Nẵng UN,MIỀN TRUNG,545,Viên,0.18166666666666667,0.18166666666666667,5.45,estimated,3000.0
25.L1.3060.GT3609.51,Gạch 30x60 MS GT3609 Loại 1,1,Chi nhánh Đà Nẵng UN,MIỀN TRUNG,1098,Viên,0.366,0.366,10.98,estimated,3000.0
25.L1.3060.GT3609.53,Gạch 30x60 MS GT3609 Loại 1,1,Chi nhánh Đà Nẵng UN,MIỀN TRUNG,1027,Viên,0.3423333333333333,0.3423333333333333,10.27,estimated,3000.0
25.L1.3060.GT3609.54,Gạch 30x60 MS GT3609 Loại 1,1,Chi nhánh Đà Nẵng UN,MIỀN TRUNG,1003,Viên,0.3343333333333333,0.3343333333333333,10.03,estimated,3000.0
25.L1.3060.GT3610.50,Gạch 30x60 MS GT3610 Loại 1,1,Chi nhánh Đà Nẵng UN,MIỀN TRUNG,1548,Viên,0.516,0.516,15.48,estimated,3000.0
25.L1.3060.GT3610.51,Gạch 30x60 MS GT3610 Loại 1,1,Chi nhánh Đà Nẵng UN,MIỀN TRUNG,2533,Viên,0.8443333333333334,0.8443333333333334,25.330000000000002,estimated,3000.0
25.L1.3060.GT3610.57,Gạch 30x60 MS GT3610 Loại 1,1,Chi nhánh Đà Nẵng UN,MIỀN TRUNG,2065,Viên,0.6883333333333334,0.6883333333333334,20.650000000000002,estimated,3000.0
25.L1.3060.GT3611.54,Gạch 30x60 MS GT3611 Loại 1,1,Chi nhánh Đà Nẵng UN,MIỀN TRUNG,3276,Viên,1.0919999999999999,1.0919999999999999,32.76,estimated,3000.0000000000005
25.L1.3060.GT3611.61,Gạch 30x60 MS GT3611 Loại 1,1,Chi nhánh Đà Nẵng UN,MIỀN TRUNG,1802,Viên,0.6006666666666667,0.6006666666666667,18.02,estimated,3000.0
25.L1.3060.GT3614.50,Gạch 30x60 MS GT3614 Loại 1,1,Chi nhánh Đà Nẵng UN,MIỀN TRUNG,9023,Viên,3.0076666666666667,3.0076666666666667,90.23,estimated,3000.0
25.L1.3060.GT3614.53,Gạch 30x60 MS GT3614 Loại 1,1,Chi nhánh Đà Nẵng UN,MIỀN TRUNG,3110,Viên,1.0366666666666666,1.0366666666666666,31.099999999999998,estimated,3000.0
25.L1.3060.GT3614.57,Gạch 30x60 MS GT3614 Loại 1,1,Chi nhánh Đà Nẵng UN,MIỀN TRUNG,3174,Viên,1.058,1.058,31.740000000000002,estimated,3000.0
25.L1.3060.GT3614V.54,Gạch 30x60 MS GT3614V Loại 1,1,Chi nhánh Đà Nẵng UN,MIỀN TRUNG,958,Viên,0.31933333333333336,0.31933333333333336,9.58,estimated,2999.9999999999995
25.L1.3060.GT3614V.57,Gạch 30x60 MS GT3614V Loại 1,1,Chi nhánh Đà Nẵng UN,MIỀN TRUNG,617,Viên,0.20566666666666666,0.20566666666666666,6.17,estimated,3000.0
25.L1.3060.GTD3601.50,Gạch 30x60 MS GTD3601 Loại 1,1,Chi nhánh Đà Nẵng UN,MIỀN TRUNG,577,Viên,0.19233333333333336,0.19233333333333336,5.7700000000000005,estimated,2999.9999999999995
25.L1.3060.GTD3602.50,Gạch 30x60 MS GTD3602 Loại 1,1,Chi nhánh Đà Nẵng UN,MIỀN TRUNG,70,Viên,0.1,0.1,3.0,estimated,700.0
25.L1.3060.GTD3602.51,Gạch 30x60 MS GTD3602 Loại 1,1,Chi nhánh Đà Nẵng UN,MIỀN TRUNG,472,Viên,0.15733333333333333,0.15733333333333333,4.72,estimated,3000.0
25.L1.3060.GTD3602.55,Gạch 30x60 MS GTD3602 Loại 1,1,Chi nhánh Đà Nẵng UN,MIỀN TRUNG,273,Viên,0.1,0.1,3.0,estimated,2730.0
25.L1.3060.GTD3608.50,Gạch 30x60 MS GTD3608 Loại 1,1,Chi nhánh Đà Nẵng UN,MIỀN TRUNG,33,Viên,0.1,0.1,3.0,estimated,330.0
25.L1.3060.GTD3608.51,Gạch 30x60 MS GTD3608 Loại 1,1,Chi nhánh Đà Nẵng UN,MIỀN TRUNG,380,Viên,0.12666666666666668,0.12666666666666668,3.8000000000000003,estimated,2999.9999999999995
25.L1.3060.GTD3608.54,Gạch 30x60 MS GTD3608 Loại 1,1,Chi nhánh Đà Nẵng UN,MIỀN TRUNG,319,Viên,0.10633333333333334,0.10633333333333334,3.19,estimated,3000.0
25.L1.3060.GTD3610.50,Gạch 30x60 MS GTD3610 Loại 1,1,Chi nhánh Đà Nẵng UN,MIỀN TRUNG,2128,Viên,0.7093333333333334,0.7093333333333334,21.28,estimated,3000.0
25.L1.3060.GTD3610.51,Gạch 30x60 MS GTD3610 Loại 1,1,Chi nhánh Đà Nẵng UN,MIỀN TRUNG,238,Viên,0.1,0.1,3.0,estimated,2380.0
25.L1.3060.GTD3610.57,Gạch 30x60 MS GTD3610 Loại 1,1,Chi nhánh Đà Nẵng UN,MIỀN TRUNG,2240,Viên,0.7466666666666667,0.7466666666666667,22.400000000000002,estimated,3000.0
25.L1.3060.GTD3614.50,Gạch 30x60 MS GTD3614 Loại 1,1,Chi nhánh Đà Nẵng UN,MIỀN TRUNG,426,Viên,0.142,0.142,4.26,estimated,3000.0000000000005
25.L1.3060.GTD3614.54,Gạch 30x60 MS GTD3614 Loại 1,1,Chi nhánh Đà Nẵng UN,MIỀN TRUNG,704,Viên,0.23466666666666666,0.23466666666666666,7.04,estimated,3000.0
25.L1.3060.GTD3614.57,Gạch 30x60 MS GTD3614 Loại 1,1,Chi nhánh Đà Nẵng UN,MIỀN TRUNG,774,Viên,0.258,0.258,7.74,estimated,3000.0
25.L1.4080.FP948603.1,Gạch 40x80 MS FP948603 Loại 1 5 Viên,1,Chi nhánh Đà Nẵng UN,MIỀN TRUNG,588,Viên,0.196,0.196,5.88,estimated,3000.0
25.L1.4080.FP948604.1,Gạch 40x80 MS FP948604 Loại 1 5 Viên,1,Chi nhánh Đà Nẵng UN,MIỀN TRUNG,7280,Viên,2.4266666666666667,2.4266666666666667,72.8,estimated,3000.0
25.L1.4080.FP948604.2,Gạch 40x80 MS FP948604 Loại 1 5 Viên,1,Chi nhánh Đà Nẵng UN,MIỀN TRUNG,1439,Viên,137.5,137.5,4125.0,stable,10.465454545454545
25.L1.4080.FP948604.3,Gạch 40x80 MS FP948604 Loại 1 5 Viên,1,Chi nhánh Đà Nẵng UN,MIỀN TRUNG,3052,Viên,1.0173333333333334,1.0173333333333334,30.520000000000003,estimated,2999.9999999999995
25.L1.4080.FP948604D.1,Gạch 40x80 MS FP948604D Loại 1 5 Viên,1,Chi nhánh Đà Nẵng UN,MIỀN TRUNG,1400,Viên,0.4666666666666667,0.4666666666666667,14.0,estimated,3000.0
25.L1.6060.FP96600.2,Gạch 60x60 MS FP96600 Loại 1,1,Chi nhánh Đà Nẵng UN,MIỀN TRUNG,840,Viên,0.28,0.28,8.4,estimated,2999.9999999999995
25.L1.6060.FP96601.3,Gạch 60x60 MS FP96601 Loại 1,1,Chi nhánh Đà Nẵng UN,MIỀN TRUNG,280,Viên,0.1,0.1,3.0,estimated,2800.0
25.L1.6060.FP96601.5,Gạch 60x60 MS FP96601 Loại 1,1,Chi nhánh Đà Nẵng UN,MIỀN TRUNG,2882,Viên,495.5,495.5,14865.0,stable,5.816347124117054
25.L1.6060.FP96608.3,Gạch 60x60 MS FP96608 Loại 1,1,Chi nhánh Đà Nẵng UN,MIỀN TRUNG,3396,Viên,369.5,369.5,11085.0,stable,9.190798376184032
25.L1.6060.FP966602.2,Gạch 60x60 MS FP966602 Loại 1,1,Chi nhánh Đà Nẵng UN,MIỀN TRUNG,1164,Viên,0.388,0.388,11.64,estimated,3000.0
25.L1.6060.FP96666.2,Gạch 60x60 MS FP96666 Loại 1,1,Chi nhánh Đà Nẵng UN,MIỀN TRUNG,1918,Viên,0.6393333333333333,0.6393333333333333,19.18,estimated,3000.0
25.L1.6060.FP96666.3,Gạch 60x60 MS FP96666 Loại 1,1,Chi nhánh Đà Nẵng UN,MIỀN TRUNG,3752,Viên,1.2506666666666668,1.2506666666666668,37.52,estimated,2999.9999999999995
25.L1.6060.FPH966001.4,Gạch 60x60 MS FPH966001 loại 1,1,Chi nhánh Đà Nẵng UN,MIỀN TRUNG,846,Viên,99.0,94.05,2821.5,decreasing,8.545454545454545
25.L1.6060.FPH966001.5,Gạch 60x60 MS FPH966001 loại 1,1,Chi nhánh Đà Nẵng UN,MIỀN TRUNG,504,Viên,0.168,0.168,5.04,estimated,3000.0
25.L1.6060.FPU966001.2,Gạch 60x60 MS FPU966001 Loại 1,1,Chi nhánh Đà Nẵng UN,MIỀN TRUNG,652,Viên,26.0,27.3,819.0,increasing,25.076923076923077
25.L1.6060.GHP6001.2,Gạch 60x60 MS GHP6001 loại 1,1,Chi nhánh Đà Nẵng UN,MIỀN TRUNG,2240,Viên,0.7466666666666667,0.7466666666666667,22.400000000000002,estimated,3000.0
25.L1.6060.GHP6002.3,Gạch 60x60 MS GHP6002 loại 1,1,Chi nhánh Đà Nẵng UN,MIỀN TRUNG,1751,Viên,0.5836666666666667,0.5836666666666667,17.51,estimated,3000.0
25.L1.6060.GHP6003.2,Gạch 60x60 MS GHP6003 loại 1,1,Chi nhánh Đà Nẵng UN,MIỀN TRUNG,1713,Viên,0.571,0.571,17.13,estimated,3000.0000000000005
25.L1.6060.GHP6004.3,Gạch 60x60 MS GHP6004 loại 1,1,Chi nhánh Đà Nẵng UN,MIỀN TRUNG,1693,Viên,0.5643333333333334,0.5643333333333334,16.93,estimated,3000.0
25.L1.6060.GHP6004.4,Gạch 60x60 MS GHP6004 loại 1,1,Chi nhánh Đà Nẵng UN,MIỀN TRUNG,168,Viên,0.1,0.1,3.0,estimated,1680.0
25.L1.6060.GHP6004.5,Gạch 60x60 MS GHP6004 loại 1,1,Chi nhánh Đà Nẵng UN,MIỀN TRUNG,981,Viên,0.327,0.327,9.81,estimated,3000.0
25.L1.6060.GHP6005.2,Gạch 60x60 MS GHP6005 loại 1,1,Chi nhánh Đà Nẵng UN,MIỀN TRUNG,1730,Viên,0.5766666666666667,0.5766666666666667,17.3,estimated,3000.0
25.L1.6060.GHP6007.2,Gạch 60x60 MS GHP6007 loại 1,1,Chi nhánh Đà Nẵng UN,MIỀN TRUNG,2190,Viên,0.7300000000000001,0.7300000000000001,21.900000000000002,estimated,2999.9999999999995
25.L1.6060.GHP6009.2,Gạch 60x60 MS GHP6009 loại 1,1,Chi nhánh Đà Nẵng UN,MIỀN TRUNG,1462,Viên,0.48733333333333334,0.48733333333333334,14.620000000000001,estimated,3000.0
25.L1.6060.GHP6010.2,Gạch 60x60 MS GHP6010 loại 1,1,Chi nhánh Đà Nẵng UN,MIỀN TRUNG,2473,Viên,0.8243333333333334,0.8243333333333334,24.73,estimated,3000.0
25.L1.6060.GP6051.3,Gạch 60x60 MS GP6051 loại 1,1,Chi nhánh Đà Nẵng UN,MIỀN TRUNG,5369,Viên,1.7896666666666665,1.7896666666666665,53.69,estimated,3000.0000000000005
25.L1.6060.GP6053.2,Gạch 60x60 MS GP6053 loại 1,1,Chi nhánh Đà Nẵng UN,MIỀN TRUNG,4095,Viên,1.365,1.365,40.95,estimated,3000.0
25.L1.6060.GP6053.3,Gạch 60x60 MS GP6053 loại 1,1,Chi nhánh Đà Nẵng UN,MIỀN TRUNG,2907,Viên,0.969,0.969,29.07,estimated,3000.0
25.L1.6060.GP6055.1,Gạch 60x60 MS GP6055 loại 1,1,Chi nhánh Đà Nẵng UN,MIỀN TRUNG,1639,Viên,0.5463333333333333,0.5463333333333333,16.39,estimated,3000.0
25.L1.8080.FP18600.2,Gạch 80x80 MS FP18600 Loại 1,1,Chi nhánh Đà Nẵng UN,MIỀN TRUNG,56,Viên,0.1,0.1,3.0,estimated,560.0
25.L1.8080.FP18601.3,Gạch 80x80 MS FP18601 Loại 1,1,Chi nhánh Đà Nẵng UN,MIỀN TRUNG,1462,Viên,0.48733333333333334,0.48733333333333334,14.620000000000001,estimated,3000.0
25.L1.8080.FP18608.2,Gạch 80x80 MS FP18608 Loại 1,1,Chi nhánh Đà Nẵng UN,MIỀN TRUNG,1208,Viên,160.5,160.5,4815.0,stable,7.526479750778816
27.L1.6060.UN601.1,Gạch 60x60 MS UN601 loại 1,1,Chi nhánh Đà Nẵng UN,MIỀN TRUNG,56,Viên,0.1,0.1,3.0,estimated,560.0
27.L1.6060.UN602.1,Gạch 60x60 MS UN602 loại 1,1,Chi nhánh Đà Nẵng UN,MIỀN TRUNG,2160,Viên,0.7200000000000001,0.7200000000000001,21.6,estimated,2999.9999999999995
27.L1.6060.UN603.1,Gạch 60x60 MS UN603 loại 1,1,Chi nhánh Đà Nẵng UN,MIỀN TRUNG,868,Viên,0.28933333333333333,0.28933333333333333,8.68,estimated,3000.0
27.L1.6060.UN604.1,Gạch 60x60 MS UN604 loại 1,1,Chi nhánh Đà Nẵng UN,MIỀN TRUNG,4190,Viên,1.3966666666666667,1.3966666666666667,41.9,estimated,3000.0
29.L1.3060.FC3604.01,Gạch 30x60 MS FC3604 Loại 1,1,Chi nhánh Đà Nẵng UN,MIỀN TRUNG,1204,Viên,0.4013333333333334,0.4013333333333334,12.040000000000001,estimated,2999.9999999999995
29.L1.3060.FC3604.02,Gạch 30x60 MS FC3604 Loại 1,1,Chi nhánh Đà Nẵng UN,MIỀN TRUNG,1617,Viên,0.539,0.539,16.17,estimated,3000.0
29.L1.3060.FC3604.07,Gạch 30x60 MS FC3604 Loại 1,1,Chi nhánh Đà Nẵng UN,MIỀN TRUNG,937,Viên,52.75,55.3875,1661.625,increasing,17.76303317535545
29.L1.3060.FC3604D.01,Gạch 30x60 MS FC3604D Loại 1,1,Chi nhánh Đà Nẵng UN,MIỀN TRUNG,251,Viên,0.1,0.1,3.0,estimated,2510.0
29.L1.3060.FC3604D.02,Gạch 30x60 MS FC3604D Loại 1,1,Chi nhánh Đà Nẵng UN,MIỀN TRUNG,365,Viên,0.12166666666666666,0.12166666666666666,3.65,estimated,3000.0
29.L1.3060.FC3604D.07,Gạch 30x60 MS FC3604D Loại 1,1,Chi nhánh Đà Nẵng UN,MIỀN TRUNG,230,Viên,33.5,33.5,1005.0,stable,6.865671641791045
29.L1.3060.FC3604D.08,Gạch 30x60 MS FC3604D Loại 1,1,Chi nhánh Đà Nẵng UN,MIỀN TRUNG,312,Viên,0.10400000000000001,0.10400000000000001,3.12,estimated,2999.9999999999995
29.L1.3060.FC3604D.12,Gạch 30x60 MS FC3604D Loại 1,1,Chi nhánh Đà Nẵng UN,MIỀN TRUNG,271,Viên,0.1,0.1,3.0,estimated,2710.0
29.L1.3060.FC3605.01,Gạch 30x60 MS FC3605 Loại 1,1,Chi nhánh Đà Nẵng UN,MIỀN TRUNG,710,Viên,0.2366666666666667,0.2366666666666667,7.1000000000000005,estimated,2999.9999999999995
29.L1.3060.FC3605.03,Gạch 30x60 MS FC3605 Loại 1,1,Chi nhánh Đà Nẵng UN,MIỀN TRUNG,5022,Viên,1.674,1.674,50.22,estimated,3000.0
29.L1.3060.FC3605.05,Gạch 30x60 MS FC3605 Loại 1,1,Chi nhánh Đà Nẵng UN,MIỀN TRUNG,1248,Viên,0.41600000000000004,0.41600000000000004,12.48,estimated,2999.9999999999995
29.L1.3060.FC3605.07,Gạch 30x60 MS FC3605 Loại 1,1,Chi nhánh Đà Nẵng UN,MIỀN TRUNG,1350,Viên,0.45,0.45,13.5,estimated,3000.0
29.L1.3060.FC3605.09,Gạch 30x60 MS FC3605 Loại 1,1,Chi nhánh Đà Nẵng UN,MIỀN TRUNG,1396,Viên,0.4653333333333334,0.4653333333333334,13.96,estimated,2999.9999999999995
29.L1.3060.FC3605.10,Gạch 30x60 MS FC3605 Loại 1,1,Chi nhánh Đà Nẵng UN,MIỀN TRUNG,1118,Viên,0.37266666666666665,0.37266666666666665,11.18,estimated,3000.0
29.L1.3060.FC3605.12,Gạch 30x60 MS FC3605 Loại 1,1,Chi nhánh Đà Nẵng UN,MIỀN TRUNG,1701,Viên,157.4,149.53,4485.9,decreasing,10.806861499364675
29.L1.3060.FC3606.01,Gạch 30x60 MS FC3606 Loại 1,1,Chi nhánh Đà Nẵng UN,MIỀN TRUNG,3598,Viên,1.1993333333333334,1.1993333333333334,35.980000000000004,estimated,3000.0
29.L1.3060.FC3606.02,Gạch 30x60 MS FC3606 Loại 1,1,Chi nhánh Đà Nẵng UN,MIỀN TRUNG,2209,Viên,0.7363333333333333,0.7363333333333333,22.09,estimated,3000.0
29.L1.3060.FC3606.05,Gạch 30x60 MS FC3606 Loại 1,1,Chi nhánh Đà Nẵng UN,MIỀN TRUNG,2980,Viên,0.9933333333333334,0.9933333333333334,29.8,estimated,3000.0
29.L1.3060.FC3606.06,Gạch 30x60 MS FC3606 Loại 1,1,Chi nhánh Đà Nẵng UN,MIỀN TRUNG,2975,Viên,0.9916666666666667,0.9916666666666667,29.75,estimated,3000.0
29.L1.3060.FC3606.07,Gạch 30x60 MS FC3606 Loại 1,1,Chi nhánh Đà Nẵng UN,MIỀN TRUNG,4416,Viên,1.4720000000000002,1.4720000000000002,44.160000000000004,estimated,2999.9999999999995
29.L1.3060.FC3606.08,Gạch 30x60 MS FC3606 Loại 1,1,Chi nhánh Đà Nẵng UN,MIỀN TRUNG,2085,Viên,0.6950000000000001,0.6950000000000001,20.85,estimated,2999.9999999999995
29.L1.3060.FC3606.09,Gạch 30x60 MS FC3606 Loại 1,1,Chi nhánh Đà Nẵng UN,MIỀN TRUNG,3074,Viên,1.0246666666666668,1.0246666666666668,30.740000000000006,estimated,2999.9999999999995
29.L1.3060.FC3606.11,Gạch 30x60 MS FC3606 Loại 1,1,Chi nhánh Đà Nẵng UN,MIỀN TRUNG,3251,Viên,1.0836666666666666,1.0836666666666666,32.51,estimated,3000.0000000000005
29.L1.3060.FC3606D.01,Gạch 30x60 MS FC3606D Loại 1,1,Chi nhánh Đà Nẵng UN,MIỀN TRUNG,316,Viên,0.10533333333333333,0.10533333333333333,3.16,estimated,3000.0
29.L1.3060.FC3606D.02,Gạch 30x60 MS FC3606D Loại 1,1,Chi nhánh Đà Nẵng UN,MIỀN TRUNG,583,Viên,0.19433333333333333,0.19433333333333333,5.83,estimated,3000.0
29.L1.3060.FC3606D.03,Gạch 30x60 MS FC3606D Loại 1,1,Chi nhánh Đà Nẵng UN,MIỀN TRUNG,174,Viên,0.1,0.1,3.0,estimated,1740.0
29.L1.3060.FC3606D.07,Gạch 30x60 MS FC3606D Loại 1,1,Chi nhánh Đà Nẵng UN,MIỀN TRUNG,315,Viên,0.105,0.105,3.15,estimated,3000.0
29.L1.3060.FC3606V.01,Gạch 30x60 MS FC3606V Loại 1,1,Chi nhánh Đà Nẵng UN,MIỀN TRUNG,210,Viên,0.1,0.1,3.0,estimated,2100.0
29.L1.3060.FC3606V.02,Gạch 30x60 MS FC3606V Loại 1,1,Chi nhánh Đà Nẵng UN,MIỀN TRUNG,570,Viên,0.19,0.19,5.7,estimated,3000.0
29.L1.3060.FC3606V.03,Gạch 30x60 MS FC3606V Loại 1,1,Chi nhánh Đà Nẵng UN,MIỀN TRUNG,485,Viên,0.16166666666666668,0.16166666666666668,4.8500000000000005,estimated,2999.9999999999995
29.L1.3060.FC3606V.05,Gạch 30x60 MS FC3606V Loại 1,1,Chi nhánh Đà Nẵng UN,MIỀN TRUNG,1009,Viên,0.3363333333333333,0.3363333333333333,10.09,estimated,3000.0
29.L1.3060.FC3606V.07,Gạch 30x60 MS FC3606V Loại 1,1,Chi nhánh Đà Nẵng UN,MIỀN TRUNG,638,Viên,0.21266666666666667,0.21266666666666667,6.38,estimated,3000.0
29.L1.3060.FC3610.01,Gạch 30x60 MS FC3610 Loại 1,1,Chi nhánh Đà Nẵng UN,MIỀN TRUNG,694,Viên,0.23133333333333334,0.23133333333333334,6.94,estimated,3000.0
29.L1.3060.FC3610.03,Gạch 30x60 MS FC3610 Loại 1,1,Chi nhánh Đà Nẵng UN,MIỀN TRUNG,4047,Viên,1.349,1.349,40.47,estimated,3000.0
29.L1.3060.FC3610.04,Gạch 30x60 MS FC3610 Loại 1,1,Chi nhánh Đà Nẵng UN,MIỀN TRUNG,336,Viên,0.112,0.112,3.36,estimated,3000.0
29.L1.3060.FC3610.06,Gạch 30x60 MS FC3610 Loại 1,1,Chi nhánh Đà Nẵng UN,MIỀN TRUNG,1625,Viên,0.5416666666666666,0.5416666666666666,16.25,estimated,3000.0
29.L1.3060.FC3610D.02,Gạch 30x60 MS FC3610D Loại 1,1,Chi nhánh Đà Nẵng UN,MIỀN TRUNG,245,Viên,0.1,0.1,3.0,estimated,2450.0
29.L1.3060.FC3610V.01,Gạch 30x60 MS FC3610V Loại 1,1,Chi nhánh Đà Nẵng UN,MIỀN TRUNG,383,Viên,0.12766666666666668,0.12766666666666668,3.8300000000000005,estimated,2999.9999999999995
29.L1.3060.FC3610V.02,Gạch 30x60 MS FC3610V Loại 1,1,Chi nhánh Đà Nẵng UN,MIỀN TRUNG,3313,Viên,1.1043333333333334,1.1043333333333334,33.13,estimated,3000.0
29.L1.3060.FC3610V.05,Gạch 30x60 MS FC3610V Loại 1,1,Chi nhánh Đà Nẵng UN,MIỀN TRUNG,618,Viên,0.206,0.206,6.18,estimated,3000.0
29.L1.3060.FC3618.01,Gạch 30x60 MS FC3618 Loại 1,1,Chi nhánh Đà Nẵng UN,MIỀN TRUNG,1814,Viên,0.6046666666666667,0.6046666666666667,18.14,estimated,3000.0
29.L1.3060.FC3618.03,Gạch 30x60 MS FC3618 Loại 1,1,Chi nhánh Đà Nẵng UN,MIỀN TRUNG,1503,Viên,189.5,189.5,5685.0,stable,7.931398416886544
29.L1.3060.FC3618.05,Gạch 30x60 MS FC3618 Loại 1,1,Chi nhánh Đà Nẵng UN,MIỀN TRUNG,1569,Viên,0.523,0.523,15.690000000000001,estimated,3000.0
29.L1.3060.FC3618.06,Gạch 30x60 MS FC3618 Loại 1,1,Chi nhánh Đà Nẵng UN,MIỀN TRUNG,1220,Viên,0.4066666666666667,0.4066666666666667,12.200000000000001,estimated,3000.0
29.L1.3060.FC3618D.01,Gạch 30x60 MS FC3618D Loại 1,1,Chi nhánh Đà Nẵng UN,MIỀN TRUNG,238,Viên,0.1,0.1,3.0,estimated,2380.0
29.L1.3060.FC3618D.02,Gạch 30x60 MS FC3618D Loại 1,1,Chi nhánh Đà Nẵng UN,MIỀN TRUNG,460,Viên,0.15333333333333335,0.15333333333333335,4.6000000000000005,estimated,2999.9999999999995
29.L1.3060.FC3618D.03,Gạch 30x60 MS FC3618D Loại 1,1,Chi nhánh Đà Nẵng UN,MIỀN TRUNG,295,Viên,0.1,0.1,3.0,estimated,2950.0
29.L1.3060.FC3619.01,Gạch 30x60 MS FC3619 Loại 1,1,Chi nhánh Đà Nẵng UN,MIỀN TRUNG,938,Viên,0.3126666666666667,0.3126666666666667,9.38,estimated,2999.9999999999995
29.L1.3060.FC3619.03,Gạch 30x60 MS FC3619 Loại 1,1,Chi nhánh Đà Nẵng UN,MIỀN TRUNG,2081,Viên,0.6936666666666667,0.6936666666666667,20.81,estimated,3000.0
29.L1.3060.FC3619.04,Gạch 30x60 MS FC3619 Loại 1,1,Chi nhánh Đà Nẵng UN,MIỀN TRUNG,1118,Viên,0.37266666666666665,0.37266666666666665,11.18,estimated,3000.0
29.L1.3060.FC3619.08,Gạch 30x60 MS FC3619 Loại 1,1,Chi nhánh Đà Nẵng UN,MIỀN TRUNG,1136,Viên,8.0,8.0,240.0,stable,142.0
29.L1.3060.FP3602.1,Gạch 30x60 MS FP3602 Loại 1,1,Chi nhánh Đà Nẵng UN,MIỀN TRUNG,1393,Viên,0.4643333333333333,0.4643333333333333,13.93,estimated,3000.0
29.L1.3060.FP3602.2,Gạch 30x60 MS FP3602 Loại 1,1,Chi nhánh Đà Nẵng UN,MIỀN TRUNG,1734,Viên,0.578,0.578,17.34,estimated,3000.0
29.L1.3060.FP3602D.1,Gạch 30x60 MS FP3602D Loại 1,1,Chi nhánh Đà Nẵng UN,MIỀN TRUNG,256,Viên,0.1,0.1,3.0,estimated,2560.0
29.L1.3060.FP3602D.2,Gạch 30x60 MS FP3602D Loại 1,1,Chi nhánh Đà Nẵng UN,MIỀN TRUNG,224,Viên,0.1,0.1,3.0,estimated,2240.0
29.L1.3060.FP3603.1,Gạch 30x60 MS FP3603 Loại 1,1,Chi nhánh Đà Nẵng UN,MIỀN TRUNG,964,Viên,0.32133333333333336,0.32133333333333336,9.64,estimated,2999.9999999999995
29.L1.3060.FP3603.2,Gạch 30x60 MS FP3603 Loại 1,1,Chi nhánh Đà Nẵng UN,MIỀN TRUNG,1155,Viên,0.385,0.385,11.55,estimated,3000.0
29.L1.3060.FP936608.1,Gạch 30x60 MS FP936608 Loại 1,1,Chi nhánh Đà Nẵng UN,MIỀN TRUNG,3412,Viên,51.0,51.0,1530.0,stable,66.90196078431373
29.L1.3060.FP936608D.1,Gạch 30x60 MS FP936608D Loại 1,1,Chi nhánh Đà Nẵng UN,MIỀN TRUNG,318,Viên,0.10600000000000001,0.10600000000000001,3.18,estimated,2999.9999999999995
29.L1.3060.FP936608V.1,Gạch 30x60 MS FP936608V Loại 1,1,Chi nhánh Đà Nẵng UN,MIỀN TRUNG,924,Viên,0.308,0.308,9.24,estimated,3000.0
29.L1.3060.FP936609.1,Gạch 30x60 MS FP936609 Loại 1,1,Chi nhánh Đà Nẵng UN,MIỀN TRUNG,1233,Viên,185.66666666666666,176.38333333333333,5291.5,decreasing,6.640933572710952
29.L1.3060.FP936609D.1,Gạch 30x60 MS FP936609D Loại 1,1,Chi nhánh Đà Nẵng UN,MIỀN TRUNG,616,Viên,0.20533333333333334,0.20533333333333334,6.16,estimated,3000.0
29.L1.3060.FP936609V.1,Gạch 30x60 MS FP936609V Loại 1,1,Chi nhánh Đà Nẵng UN,MIỀN TRUNG,784,Viên,0.2613333333333333,0.2613333333333333,7.839999999999999,estimated,3000.0000000000005
29.L1.3060.FP936610.1,Gạch 30x60 MS FP936610 Loại 1,1,Chi nhánh Đà Nẵng UN,MIỀN TRUNG,1674,Viên,0.558,0.558,16.740000000000002,estimated,2999.9999999999995
29.L1.3060.FP936610D.1,Gạch 30x60 MS FP936610D Loại 1,1,Chi nhánh Đà Nẵng UN,MIỀN TRUNG,625,Viên,0.20833333333333334,0.20833333333333334,6.25,estimated,3000.0
29.L1.3060.FP936611.1,Gạch 30x60 MS FP936611 Loại 1,1,Chi nhánh Đà Nẵng UN,MIỀN TRUNG,593,Viên,0.19766666666666666,0.19766666666666666,5.93,estimated,3000.0
29.L1.3060.FP936612.1,Gạch 30x60 MS FP936612 Loại 1,1,Chi nhánh Đà Nẵng UN,MIỀN TRUNG,1972,Viên,236.0,236.0,7080.0,stable,8.35593220338983
29.L1.3060.FP936612D.1,Gạch 30x60 MS FP936612D Loại 1,1,Chi nhánh Đà Nẵng UN,MIỀN TRUNG,258,Viên,0.1,0.1,3.0,estimated,2580.0
29.L1.3060.FP936613.1,Gạch 30x60 MS FP936613 Loại 1,1,Chi nhánh Đà Nẵng UN,MIỀN TRUNG,871,Viên,33.5,33.5,1005.0,stable,26.0
29.L1.3060.FPH3623.1,Gạch 30x60 MS FPH3623 Loại 1,1,Chi nhánh Đà Nẵng UN,MIỀN TRUNG,3536,Viên,1.1786666666666668,1.1786666666666668,35.36,estimated,3000.0
29.L1.3060.FPH3623D.1,Gạch 30x60 MS FPH3623D Loại 1,1,Chi nhánh Đà Nẵng UN,MIỀN TRUNG,458,Viên,0.15266666666666667,0.15266666666666667,4.58,estimated,3000.0
29.L1.3060.FPH3623V.1,Gạch 30x60 MS FPH3623V Loại 1,1,Chi nhánh Đà Nẵng UN,MIỀN TRUNG,566,Viên,0.18866666666666668,0.18866666666666668,5.66,estimated,3000.0
29.L1.3060.FPH3625.1,Gạch 30x60 MS FPH3625 Loại 1,1,Chi nhánh Đà Nẵng UN,MIỀN TRUNG,2073,Viên,0.6910000000000001,0.6910000000000001,20.73,estimated,2999.9999999999995
29.L1.3060.FPH3625.2,Gạch 30x60 MS FPH3625 Loại 1,1,Chi nhánh Đà Nẵng UN,MIỀN TRUNG,3248,Viên,1.0826666666666669,1.0826666666666669,32.480000000000004,estimated,2999.9999999999995
29.L1.3060.FPH3625D.1,Gạch 30x60 MS FPH3625D Loại 1,1,Chi nhánh Đà Nẵng UN,MIỀN TRUNG,435,Viên,0.14500000000000002,0.14500000000000002,4.3500000000000005,estimated,2999.9999999999995
29.L1.3060.FPH3625V.1,Gạch 30x60 MS FPH3625V Loại 1,1,Chi nhánh Đà Nẵng UN,MIỀN TRUNG,346,Viên,0.11533333333333333,0.11533333333333333,3.46,estimated,3000.0
29.L1.3060.FPH3625V.2,Gạch 30x60 MS FPH3625V Loại 1,1,Chi nhánh Đà Nẵng UN,MIỀN TRUNG,732,Viên,0.24400000000000002,0.24400000000000002,7.32,estimated,2999.9999999999995
29.L1.3060.FUSC3637.01,Gạch 30x60 MS FUSC3637 Loại 1,1,Chi nhánh Đà Nẵng UN,MIỀN TRUNG,2986,Viên,0.9953333333333333,0.9953333333333333,29.86,estimated,3000.0
29.L1.3060.FUSC3637.02,Gạch 30x60 MS FUSC3637 Loại 1,1,Chi nhánh Đà Nẵng UN,MIỀN TRUNG,3367,Viên,1.1223333333333334,1.1223333333333334,33.67,estimated,3000.0
29.L1.3060.FUSC3637D.01,Gạch 30x60 MS FUSC3637D Loại 1,1,Chi nhánh Đà Nẵng UN,MIỀN TRUNG,457,Viên,28.0,26.599999999999998,797.9999999999999,decreasing,16.321428571428573
29.L1.3060.FUSC3637D.02,Gạch 30x60 MS FUSC3637D Loại 1,1,Chi nhánh Đà Nẵng UN,MIỀN TRUNG,697,Viên,34.0,34.0,1020.0,stable,20.5
29.L1.3060.FUSC3638.01,Gạch 30x60 MS FUSC3638 Loại 1,1,Chi nhánh Đà Nẵng UN,MIỀN TRUNG,2157,Viên,88.0,88.0,2640.0,stable,24.511363636363637
29.L1.3060.FUSC3638.02,Gạch 30x60 MS FUSC3638 Loại 1,1,Chi nhánh Đà Nẵng UN,MIỀN TRUNG,2426,Viên,136.0,136.0,4080.0,stable,17.83823529411765
29.L1.3060.FUSC3639.01,Gạch 30x60 MS FUSC3639 Loại 1,1,Chi nhánh Đà Nẵng UN,MIỀN TRUNG,6216,Viên,2.072,2.072,62.160000000000004,estimated,3000.0
29.L1.3060.FUSC3639.02,Gạch 30x60 MS FUSC3639 Loại 1,1,Chi nhánh Đà Nẵng UN,MIỀN TRUNG,3724,Viên,266.0,279.3,8379.0,increasing,14.0
29.L1.3060.FUSC3639D.01,Gạch 30x60 MS FUSC3639D Loại 1,1,Chi nhánh Đà Nẵng UN,MIỀN TRUNG,963,Viên,0.321,0.321,9.63,estimated,3000.0
29.L1.3060.FUSC3640.01,Gạch 30x60 MS FUSC3640 Loại 1,1,Chi nhánh Đà Nẵng UN,MIỀN TRUNG,3580,Viên,248.0,248.0,7440.0,stable,14.435483870967742
29.L1.3060.FUSC3640.02,Gạch 30x60 MS FUSC3640 Loại 1,1,Chi nhánh Đà Nẵng UN,MIỀN TRUNG,2352,Viên,0.784,0.784,23.52,estimated,3000.0
29.L1.3060.FUSC3641.01,Gạch 30x60 MS FUSC3641 Loại 1,1,Chi nhánh Đà Nẵng UN,MIỀN TRUNG,11172,Viên,3.7239999999999998,3.7239999999999998,111.72,estimated,3000.0
29.L1.3060.FUSC3641.02,Gạch 30x60 MS FUSC3641 Loại 1,1,Chi nhánh Đà Nẵng UN,MIỀN TRUNG,3912,Viên,140.0,140.0,4200.0,stable,27.942857142857143
29.L1.3060.FUSC3641.03,Gạch 30x60 MS FUSC3641 Loại 1,1,Chi nhánh Đà Nẵng UN,MIỀN TRUNG,2398,Viên,0.7993333333333333,0.7993333333333333,23.98,estimated,3000.0
29.L1.3060.FUSC3641D.01,Gạch 30x60 MS FUSC3641D Loại 1,1,Chi nhánh Đà Nẵng UN,MIỀN TRUNG,580,Viên,0.19333333333333333,0.19333333333333333,5.8,estimated,3000.0
29.L1.3060.FUSC3641V.01,Gạch 30x60 MS FUSC3641V Loại 1,1,Chi nhánh Đà Nẵng UN,MIỀN TRUNG,897,Viên,40.0,40.0,1200.0,stable,22.425
29.L1.3060.FUSC3641V.03,Gạch 30x60 MS FUSC3641V Loại 1,1,Chi nhánh Đà Nẵng UN,MIỀN TRUNG,821,Viên,0.27366666666666667,0.27366666666666667,8.21,estimated,3000.0
29.L1.3060.FUSC3642.01,Gạch 30x60 MS FUSC3642 Loại 1,1,Chi nhánh Đà Nẵng UN,MIỀN TRUNG,6890,Viên,519.0,544.95,16348.500000000002,increasing,13.275529865125241
29.L1.3060.FUSC3642D.01,Gạch 30x60 MS FUSC3642D Loại 1,1,Chi nhánh Đà Nẵng UN,MIỀN TRUNG,224,Viên,0.1,0.1,3.0,estimated,2240.0
29.L1.3060.FUSC3642V.01,Gạch 30x60 MS FUSC3642V Loại 1,1,Chi nhánh Đà Nẵng UN,MIỀN TRUNG,1509,Viên,104.0,104.0,3120.0,stable,14.509615384615385
29.L1.3060.FUSM3647.1,Gạch 30x60 MS FUSM3647 Loại 1,1,Chi nhánh Đà Nẵng UN,MIỀN TRUNG,1102,Viên,120.75,126.78750000000001,3803.6250000000005,increasing,9.126293995859212
29.L1.3060.FUSM3648.1,Gạch 30x60 MS FUSM3648 Loại 1,1,Chi nhánh Đà Nẵng UN,MIỀN TRUNG,1543,Viên,173.5,182.175,5465.25,increasing,8.893371757925072
29.L1.3060.FUSM3651.1,Gạch 30x60 MS FUSM3651 Loại 1,1,Chi nhánh Đà Nẵng UN,MIỀN TRUNG,826,Viên,0.2753333333333333,0.2753333333333333,8.26,estimated,3000.0
29.L1.3060.FUSM3651D.1,Gạch 30x60 MS FUSM3651D Loại 1,1,Chi nhánh Đà Nẵng UN,MIỀN TRUNG,331,Viên,0.11033333333333334,0.11033333333333334,3.31,estimated,3000.0
29.L1.3060.FUSM3652.1,Gạch 30x60 MS FUSM3652 Loại 1,1,Chi nhánh Đà Nẵng UN,MIỀN TRUNG,892,Viên,41.333333333333336,39.266666666666666,1178.0,decreasing,21.58064516129032
29.L1.4060.FXK46255.01,Gạch 40x60 MS FXK46255 Loại 1,1,Chi nhánh Đà Nẵng UN,MIỀN TRUNG,1288,Viên,0.42933333333333334,0.42933333333333334,12.88,estimated,3000.0
29.L1.4060.FXK46258.02,Gạch 40x60 MS FXK46258 Loại 1,1,Chi nhánh Đà Nẵng UN,MIỀN TRUNG,1061,Viên,0.35366666666666663,0.35366666666666663,10.61,estimated,3000.0000000000005
29.L1.4060.FXU46001.01,Gạch 40x60 MS FXU46001 Loại 1,1,Chi nhánh Đà Nẵng UN,MIỀN TRUNG,252,Viên,0.1,0.1,3.0,estimated,2520.0
29.L1.4060.FXU46003.01,Gạch 40x60 MS FXU46003 Loại 1,1,Chi nhánh Đà Nẵng UN,MIỀN TRUNG,1267,Viên,0.42233333333333334,0.42233333333333334,12.67,estimated,3000.0
29.L1.4080.FC4801.1,Gạch 40x80 MS FC4801 Loại 1,1,Chi nhánh Đà Nẵng UN,MIỀN TRUNG,1691,Viên,0.5636666666666666,0.5636666666666666,16.91,estimated,3000.0
29.L1.4080.FC4801.2,Gạch 40x80 MS FC4801 Loại 1,1,Chi nhánh Đà Nẵng UN,MIỀN TRUNG,2597,Viên,0.8656666666666666,0.8656666666666666,25.97,estimated,3000.0000000000005
29.L1.4080.FC4801.3,Gạch 40x80 MS FC4801 Loại 1,1,Chi nhánh Đà Nẵng UN,MIỀN TRUNG,1853,Viên,0.6176666666666667,0.6176666666666667,18.53,estimated,3000.0
29.L1.4080.FC4801.5,Gạch 40x80 MS FC4801 Loại 1,1,Chi nhánh Đà Nẵng UN,MIỀN TRUNG,2305,Viên,0.7683333333333333,0.7683333333333333,23.05,estimated,3000.0
29.L1.4080.FC4801D.1,Gạch 40x80 MS FC4801D Loại 1,1,Chi nhánh Đà Nẵng UN,MIỀN TRUNG,180,Viên,0.1,0.1,3.0,estimated,1800.0
29.L1.4080.FC4801D.2,Gạch 40x80 MS FC4801D Loại 1,1,Chi nhánh Đà Nẵng UN,MIỀN TRUNG,252,Viên,0.1,0.1,3.0,estimated,2520.0
29.L1.4080.FC4801V.1,Gạch 40x80 MS FC4801V Loại 1,1,Chi nhánh Đà Nẵng UN,MIỀN TRUNG,552,Viên,0.18400000000000002,0.18400000000000002,5.5200000000000005,estimated,2999.9999999999995
29.L1.4080.FC4801V.5,Gạch 40x80 MS FC4801V Loại 1,1,Chi nhánh Đà Nẵng UN,MIỀN TRUNG,378,Viên,0.126,0.126,3.7800000000000002,estimated,3000.0
29.L1.4080.FC4802.1,Gạch 40x80 MS FC4802 Loại 1,1,Chi nhánh Đà Nẵng UN,MIỀN TRUNG,1277,Viên,0.42566666666666664,0.42566666666666664,12.77,estimated,3000.0
29.L1.4080.FC4802.2,Gạch 40x80 MS FC4802 Loại 1,1,Chi nhánh Đà Nẵng UN,MIỀN TRUNG,2006,Viên,0.6686666666666666,0.6686666666666666,20.06,estimated,3000.0
29.L1.4080.FC4802.4,Gạch 40x80 MS FC4802 Loại 1,1,Chi nhánh Đà Nẵng UN,MIỀN TRUNG,2269,Viên,63.0,66.15,1984.5000000000002,increasing,36.01587301587302
29.L1.4080.FC4802.5,Gạch 40x80 MS FC4802 Loại 1,1,Chi nhánh Đà Nẵng UN,MIỀN TRUNG,868,Viên,0.28933333333333333,0.28933333333333333,8.68,estimated,3000.0
29.L1.4080.FC4802D.1,Gạch 40x80 MS FC4802D Loại 1,1,Chi nhánh Đà Nẵng UN,MIỀN TRUNG,288,Viên,0.1,0.1,3.0,estimated,2880.0
29.L1.4080.FC4802D.2,Gạch 40x80 MS FC4802D Loại 1,1,Chi nhánh Đà Nẵng UN,MIỀN TRUNG,210,Viên,0.1,0.1,3.0,estimated,2100.0
29.L1.4080.FC4802V.1,Gạch 40x80 MS FC4802V Loại 1,1,Chi nhánh Đà Nẵng UN,MIỀN TRUNG,448,Viên,0.14933333333333335,0.14933333333333335,4.48,estimated,2999.9999999999995
29.L1.4080.FC4802V.4,Gạch 40x80 MS FC4802V Loại 1,1,Chi nhánh Đà Nẵng UN,MIỀN TRUNG,511,Viên,0.17033333333333334,0.17033333333333334,5.11,estimated,3000.0
29.L1.4080.FC4804.1,Gạch 40x80 MS FC4804 Loại 1,1,Chi nhánh Đà Nẵng UN,MIỀN TRUNG,2190,Viên,77.33333333333333,73.46666666666665,2203.9999999999995,decreasing,28.31896551724138
29.L1.4080.FC4804.2,Gạch 40x80 MS FC4804 Loại 1,1,Chi nhánh Đà Nẵng UN,MIỀN TRUNG,1526,Viên,0.5086666666666667,0.5086666666666667,15.260000000000002,estimated,2999.9999999999995
29.L1.4080.FC4804D.1,Gạch 40x80 MS FC4804D Loại 1,1,Chi nhánh Đà Nẵng UN,MIỀN TRUNG,174,Viên,0.1,0.1,3.0,estimated,1740.0
29.L1.4080.FC4804V.1,Gạch 40x80 MS FC4804V Loại 1,1,Chi nhánh Đà Nẵng UN,MIỀN TRUNG,336,Viên,0.112,0.112,3.36,estimated,3000.0
29.L1.4080.FC4809.1,Gạch 40x80 MS FC4809 Loại 1,1,Chi nhánh Đà Nẵng UN,MIỀN TRUNG,2240,Viên,0.7466666666666667,0.7466666666666667,22.400000000000002,estimated,3000.0
29.L1.4080.FC4809.2,Gạch 40x80 MS FC4809 Loại 1,1,Chi nhánh Đà Nẵng UN,MIỀN TRUNG,1188,Viên,0.396,0.396,11.88,estimated,3000.0
29.L1.4080.FC4809V.2,Gạch 40x80 MS FC4809V Loại 1,1,Chi nhánh Đà Nẵng UN,MIỀN TRUNG,42,Viên,0.1,0.1,3.0,estimated,420.0
29.L1.4080.FP948603.1,Gạch 40x80 MS FP948603 Loại 1 5 Viên,1,Chi nhánh Đà Nẵng UN,MIỀN TRUNG,3486,Viên,1.162,1.162,34.86,estimated,3000.0
29.L1.4080.FP948603D.1,Gạch 40x80 MS FP948603D Loại 1 5 Viên,1,Chi nhánh Đà Nẵng UN,MIỀN TRUNG,206,Viên,0.1,0.1,3.0,estimated,2060.0
29.L1.4080.FP948603V.1,Gạch 40x80 MS FP948603V Loại 1 5 Viên,1,Chi nhánh Đà Nẵng UN,MIỀN TRUNG,98,Viên,0.1,0.1,3.0,estimated,980.0
29.L1.4080.FP948604.1,Gạch 40x80 MS FP948604 Loại 1 5 Viên,1,Chi nhánh Đà Nẵng UN,MIỀN TRUNG,1790,Viên,25.666666666666668,24.383333333333333,731.5,decreasing,69.74025974025973
29.L1.4080.FP948604D.1,Gạch 40x80 MS FP948604D Loại 1 5 Viên,1,Chi nhánh Đà Nẵng UN,MIỀN TRUNG,200,Viên,0.1,0.1,3.0,estimated,2000.0
29.L1.4080.FP948604V.1,Gạch 40x80 MS FP948604V Loại 1 5 Viên,1,Chi nhánh Đà Nẵng UN,MIỀN TRUNG,282,Viên,12.0,12.0,360.0,stable,23.5
29.L1.6060.FP6602.1,Gạch 60x60 MS FP6602 Loại 1,1,Chi nhánh Đà Nẵng UN,MIỀN TRUNG,1051,Viên,0.35033333333333333,0.35033333333333333,10.51,estimated,3000.0
29.L1.6060.FP6602.2,Gạch 60x60 MS FP6602 Loại 1,1,Chi nhánh Đà Nẵng UN,MIỀN TRUNG,2163,Viên,0.721,0.721,21.63,estimated,3000.0
29.L1.6060.FP6602.3,Gạch 60x60 MS FP6602 Loại 1,1,Chi nhánh Đà Nẵng UN,MIỀN TRUNG,1078,Viên,0.35933333333333334,0.35933333333333334,10.78,estimated,3000.0
29.L1.6060.FP6602.4,Gạch 60x60 MS FP6602 Loại 1,1,Chi nhánh Đà Nẵng UN,MIỀN TRUNG,1877,Viên,0.6256666666666667,0.6256666666666667,18.77,estimated,3000.0
29.L1.6060.FP6602.5,Gạch 60x60 MS FP6602 Loại 1,1,Chi nhánh Đà Nẵng UN,MIỀN TRUNG,908,Viên,0.3026666666666667,0.3026666666666667,9.08,estimated,2999.9999999999995
29.L1.6060.FP6602.6,Gạch 60x60 MS FP6602 Loại 1,1,Chi nhánh Đà Nẵng UN,MIỀN TRUNG,1114,Viên,0.37133333333333335,0.37133333333333335,11.14,estimated,3000.0
29.L1.6060.FP6604.1,Gạch 60x60 MS FP6604 Loại 1,1,Chi nhánh Đà Nẵng UN,MIỀN TRUNG,923,Viên,0.3076666666666667,0.3076666666666667,9.23,estimated,2999.9999999999995
29.L1.6060.FP6604.2,Gạch 60x60 MS FP6604 Loại 1,1,Chi nhánh Đà Nẵng UN,MIỀN TRUNG,635,Viên,0.2116666666666667,0.2116666666666667,6.3500000000000005,estimated,2999.9999999999995
29.L1.6060.FP6604.3,Gạch 60x60 MS FP6604 Loại 1,1,Chi nhánh Đà Nẵng UN,MIỀN TRUNG,2506,Viên,0.8353333333333334,0.8353333333333334,25.060000000000002,estimated,3000.0
29.L1.6060.FP6604.4,Gạch 60x60 MS FP6604 Loại 1,1,Chi nhánh Đà Nẵng UN,MIỀN TRUNG,934,Viên,0.31133333333333335,0.31133333333333335,9.34,estimated,3000.0
29.L1.6060.FP96600.1,Gạch 60x60 MS FP96600 Loại 1,1,Chi nhánh Đà Nẵng UN,MIỀN TRUNG,285,Viên,0.1,0.1,3.0,estimated,2850.0
29.L1.6060.FP96601.1,Gạch 60x60 MS FP96601 Loại 1,1,Chi nhánh Đà Nẵng UN,MIỀN TRUNG,1555,Viên,0.5183333333333333,0.5183333333333333,15.549999999999999,estimated,3000.0
29.L1.6060.FP96601.2,Gạch 60x60 MS FP96601 Loại 1,1,Chi nhánh Đà Nẵng UN,MIỀN TRUNG,1469,Viên,0.48966666666666664,0.48966666666666664,14.69,estimated,3000.0
29.L1.6060.FP96608.1,Gạch 60x60 MS FP96608 Loại 1,1,Chi nhánh Đà Nẵng UN,MIỀN TRUNG,826,Viên,0.2753333333333333,0.2753333333333333,8.26,estimated,3000.0
29.L1.6060.FP96608.2,Gạch 60x60 MS FP96608 Loại 1,1,Chi nhánh Đà Nẵng UN,MIỀN TRUNG,2137,Viên,0.7123333333333334,0.7123333333333334,21.37,estimated,3000.0
29.L1.6060.FP966602.2,Gạch 60x60 MS FP966602 Loại 1,1,Chi nhánh Đà Nẵng UN,MIỀN TRUNG,1946,Viên,0.6486666666666667,0.6486666666666667,19.46,estimated,2999.9999999999995
29.L1.6060.FP96666.1,Gạch 60x60 MS FP96666 Loại 1,1,Chi nhánh Đà Nẵng UN,MIỀN TRUNG,494,Viên,0.16466666666666668,0.16466666666666668,4.94,estimated,2999.9999999999995
29.L1.6060.FPH6001.1,Gạch 60x60 MS FPH6001 Loại 1,1,Chi nhánh Đà Nẵng UN,MIỀN TRUNG,1970,Viên,0.6566666666666666,0.6566666666666666,19.7,estimated,3000.0
29.L1.6060.FPH6001.2,Gạch 60x60 MS FPH6001 Loại 1,1,Chi nhánh Đà Nẵng UN,MIỀN TRUNG,1197,Viên,0.399,0.399,11.97,estimated,3000.0
29.L1.6060.FPH6001.3,Gạch 60x60 MS FPH6001 Loại 1,1,Chi nhánh Đà Nẵng UN,MIỀN TRUNG,806,Viên,0.26866666666666666,0.26866666666666666,8.06,estimated,3000.0
29.L1.6060.FPH6001.4,Gạch 60x60 MS FPH6001 Loại 1,1,Chi nhánh Đà Nẵng UN,MIỀN TRUNG,747,Viên,0.249,0.249,7.47,estimated,3000.0
29.L1.6060.FPH966001.1,Gạch 60x60 MS FPH966001 Loại 1,1,Chi nhánh Đà Nẵng UN,MIỀN TRUNG,1425,Viên,0.475,0.475,14.25,estimated,3000.0
29.L1.6060.FPU6001.1,Gạch 60x60 MS FPU6001 Loại 1,1,Chi nhánh Đà Nẵng UN,MIỀN TRUNG,838,Viên,0.2793333333333334,0.2793333333333334,8.38,estimated,2999.9999999999995
29.L1.6060.FPU6001.2,Gạch 60x60 MS FPU6001 Loại 1,1,Chi nhánh Đà Nẵng UN,MIỀN TRUNG,874,Viên,0.29133333333333333,0.29133333333333333,8.74,estimated,3000.0
29.L1.6060.FPU6001.4,Gạch 60x60 MS FPU6001 Loại 1,1,Chi nhánh Đà Nẵng UN,MIỀN TRUNG,1559,Viên,0.5196666666666666,0.5196666666666666,15.589999999999998,estimated,3000.0000000000005
29.L1.6060.FPU6010.1,Gạch 60x60 MS FPU6010 Loại 1,1,Chi nhánh Đà Nẵng UN,MIỀN TRUNG,700,Viên,0.23333333333333334,0.23333333333333334,7.0,estimated,3000.0
29.L1.6060.FPU6010.2,Gạch 60x60 MS FPU6010 Loại 1,1,Chi nhánh Đà Nẵng UN,MIỀN TRUNG,1213,Viên,0.4043333333333334,0.4043333333333334,12.13,estimated,2999.9999999999995
29.L1.6060.FPU6010.3,Gạch 60x60 MS FPU6010 Loại 1,1,Chi nhánh Đà Nẵng UN,MIỀN TRUNG,1135,Viên,0.3783333333333333,0.3783333333333333,11.35,estimated,3000.0000000000005
29.L1.6060.FPU6011.1,Gạch 60x60 MS FPU6011 Loại 1,1,Chi nhánh Đà Nẵng UN,MIỀN TRUNG,1095,Viên,0.36500000000000005,0.36500000000000005,10.950000000000001,estimated,2999.9999999999995
29.L1.6060.FPU6011.2,Gạch 60x60 MS FPU6011 Loại 1,1,Chi nhánh Đà Nẵng UN,MIỀN TRUNG,1905,Viên,0.635,0.635,19.05,estimated,3000.0
29.L1.6060.FPU966001.1,Gạch 60x60 MS FPU966001 Loại 1,1,Chi nhánh Đà Nẵng UN,MIỀN TRUNG,898,Viên,0.29933333333333334,0.29933333333333334,8.98,estimated,3000.0
29.L1.8080.FP18601.1,Gạch 80x80 MS FP18601 Loại 1,1,Chi nhánh Đà Nẵng UN,MIỀN TRUNG,1031,Viên,0.3436666666666667,0.3436666666666667,10.31,estimated,3000.0
29.L1.8080.FP18601.2,Gạch 80x80 MS FP18601 Loại 1,1,Chi nhánh Đà Nẵng UN,MIỀN TRUNG,946,Viên,0.31533333333333335,0.31533333333333335,9.46,estimated,3000.0
29.L1.8080.FP18608.1,Gạch 80x80 MS FP18608 Loại 1,1,Chi nhánh Đà Nẵng UN,MIỀN TRUNG,705,Viên,0.235,0.235,7.05,estimated,3000.0
29.L1.8080.FP18666.1,Gạch 80x80 MS FP18666 Loại 1,1,Chi nhánh Đà Nẵng UN,MIỀN TRUNG,272,Viên,0.1,0.1,3.0,estimated,2720.0
29.L1.8080.FPU188011.1,Gạch 80x80 MS FPU188011 Loại 1,1,Chi nhánh Đà Nẵng UN,MIỀN TRUNG,840,Viên,0.28,0.28,8.4,estimated,2999.9999999999995
33.L1.ICO-020120-11002.1,Gạch 19.5x120 MS ICO-020120-11002 Loại 1,1,Chi nhánh Đà Nẵng UN,MIỀN TRUNG,2478,Viên,0.8260000000000001,0.8260000000000001,24.78,estimated,2999.9999999999995
36.L1.3060.USC3601.1,Gạch 30x60 MS USC3601 Loại 1,1,Chi nhánh Đà Nẵng UN,MIỀN TRUNG,4856,Viên,1.6186666666666667,1.6186666666666667,48.56,estimated,3000.0
36.L1.3060.USC3601.3,Gạch 30x60 MS USC3601 Loại 1,1,Chi nhánh Đà Nẵng UN,MIỀN TRUNG,2233,Viên,0.7443333333333334,0.7443333333333334,22.330000000000002,estimated,2999.9999999999995
36.L1.3060.USC3601D.1,Gạch 30x60 MS USC3601D Loại 1,1,Chi nhánh Đà Nẵng UN,MIỀN TRUNG,677,Viên,0.22566666666666668,0.22566666666666668,6.7700000000000005,estimated,3000.0
36.L1.3060.USC3601D.2,Gạch 30x60 MS USC3601D Loại 1,1,Chi nhánh Đà Nẵng UN,MIỀN TRUNG,460,Viên,0.15333333333333335,0.15333333333333335,4.6000000000000005,estimated,2999.9999999999995
36.L1.3060.USC3601V.1,Gạch 30x60 MS USC3601V Loại 1,1,Chi nhánh Đà Nẵng UN,MIỀN TRUNG,1385,Viên,0.46166666666666667,0.46166666666666667,13.85,estimated,3000.0
36.L1.3060.USC3601V.2,Gạch 30x60 MS USC3601V Loại 1,1,Chi nhánh Đà Nẵng UN,MIỀN TRUNG,742,Viên,0.24733333333333332,0.24733333333333332,7.42,estimated,3000.0
36.L1.3060.USC3601V.3,Gạch 30x60 MS USC3601V Loại 1,1,Chi nhánh Đà Nẵng UN,MIỀN TRUNG,288,Viên,0.1,0.1,3.0,estimated,2880.0
36.L1.3060.USC3631.1,Gạch 30x60 MS USC3631 Loại 1,1,Chi nhánh Đà Nẵng UN,MIỀN TRUNG,2114,Viên,0.7046666666666667,0.7046666666666667,21.14,estimated,3000.0
36.L1.3060.USC3631.2,Gạch 30x60 MS USC3631 Loại 1,1,Chi nhánh Đà Nẵng UN,MIỀN TRUNG,1008,Viên,0.336,0.336,10.08,estimated,3000.0
36.L1.3060.USC3631D.1,Gạch 30x60 MS USC3631D Loại 1,1,Chi nhánh Đà Nẵng UN,MIỀN TRUNG,238,Viên,0.1,0.1,3.0,estimated,2380.0
36.L1.3060.USC3631D.2,Gạch 30x60 MS USC3631D Loại 1,1,Chi nhánh Đà Nẵng UN,MIỀN TRUNG,280,Viên,0.1,0.1,3.0,estimated,2800.0
36.L1.3060.USC3632.1,Gạch 30x60 MS USC3632 Loại 1,1,Chi nhánh Đà Nẵng UN,MIỀN TRUNG,1395,Viên,0.465,0.465,13.950000000000001,estimated,3000.0
36.L1.3060.USC3632.2,Gạch 30x60 MS USC3632 Loại 1,1,Chi nhánh Đà Nẵng UN,MIỀN TRUNG,675,Viên,0.225,0.225,6.75,estimated,3000.0
36.L1.3060.USC3632.3,Gạch 30x60 MS USC3632 Loại 1,1,Chi nhánh Đà Nẵng UN,MIỀN TRUNG,936,Viên,0.312,0.312,9.36,estimated,3000.0
36.L1.3060.USC3637.1,Gạch 30x60 MS USC3637 Loại 1,1,Chi nhánh Đà Nẵng UN,MIỀN TRUNG,1241,Viên,0.4136666666666667,0.4136666666666667,12.41,estimated,3000.0
36.L1.3060.USC3637D.1,Gạch 30x60 MS USC3637D Loại 1,1,Chi nhánh Đà Nẵng UN,MIỀN TRUNG,339,Viên,0.113,0.113,3.39,estimated,3000.0
36.L1.3060.USC3638.1,Gạch 30x60 MS USC3638 Loại 1,1,Chi nhánh Đà Nẵng UN,MIỀN TRUNG,1501,Viên,0.5003333333333333,0.5003333333333333,15.009999999999998,estimated,3000.0
36.L1.3060.USC3639.1,Gạch 30x60 MS USC3639 Loại 1,1,Chi nhánh Đà Nẵng UN,MIỀN TRUNG,1458,Viên,0.486,0.486,14.58,estimated,3000.0
36.L1.3060.USC3639.2,Gạch 30x60 MS USC3639 Loại 1,1,Chi nhánh Đà Nẵng UN,MIỀN TRUNG,1441,Viên,0.48033333333333333,0.48033333333333333,14.41,estimated,3000.0
36.L1.3060.USC3639D.1,Gạch 30x60 MS USC3639D Loại 1,1,Chi nhánh Đà Nẵng UN,MIỀN TRUNG,379,Viên,0.12633333333333333,0.12633333333333333,3.7899999999999996,estimated,3000.0
36.L1.3060.USC3640.1,Gạch 30x60 MS USC3640 Loại 1,1,Chi nhánh Đà Nẵng UN,MIỀN TRUNG,1699,Viên,0.5663333333333334,0.5663333333333334,16.990000000000002,estimated,3000.0
36.L1.3060.USC3640.2,Gạch 30x60 MS USC3640 Loại 1,1,Chi nhánh Đà Nẵng UN,MIỀN TRUNG,1246,Viên,0.4153333333333334,0.4153333333333334,12.46,estimated,2999.9999999999995
36.L1.3060.USC3647.1,Gạch 30x60 MS USC3647 Loại 1,1,Chi nhánh Đà Nẵng UN,MIỀN TRUNG,1086,Viên,0.362,0.362,10.86,estimated,3000.0
36.L1.3060.USC3647.2,Gạch 30x60 MS USC3647 Loại 1,1,Chi nhánh Đà Nẵng UN,MIỀN TRUNG,1447,Viên,0.48233333333333334,0.48233333333333334,14.47,estimated,3000.0
36.L1.3060.USC3647D.1,Gạch 30x60 MS USC3647D Loại 1,1,Chi nhánh Đà Nẵng UN,MIỀN TRUNG,268,Viên,27.5,27.5,825.0,stable,9.745454545454546
36.L1.3060.USC3648.1,Gạch 30x60 MS USC3648 Loại 1,1,Chi nhánh Đà Nẵng UN,MIỀN TRUNG,1123,Viên,0.37433333333333335,0.37433333333333335,11.23,estimated,3000.0
36.L1.3060.USC3651.1,Gạch 30x60 MS USC3651 Loại 1,1,Chi nhánh Đà Nẵng UN,MIỀN TRUNG,1020,Viên,0.34,0.34,10.200000000000001,estimated,3000.0
36.L1.3060.USC3651D.1,Gạch 30x60 MS USC3651D Loại 1,1,Chi nhánh Đà Nẵng UN,MIỀN TRUNG,176,Viên,0.1,0.1,3.0,estimated,1760.0
36.L1.3060.USC3652.1,Gạch 30x60 MS USC3652 Loại 1,1,Chi nhánh Đà Nẵng UN,MIỀN TRUNG,1141,Viên,0.38033333333333336,0.38033333333333336,11.41,estimated,3000.0
37.CG2A.CR.VINASTAR.00,Bột trét VINASTAR CG2A Trắng,1,Chi nhánh Đà Nẵng UN,MIỀN TRUNG,70,Kg,0.1,0.1,3.0,estimated,700.0
38.L1.4080.UT481001T.16,Gạch 40x80 MS UT481001T Loại 1,1,Chi nhánh Đà Nẵng UN,MIỀN TRUNG,4690,Viên,1.5633333333333332,1.5633333333333332,46.9,estimated,3000.0
38.L1.4080.UT481002D.16,Gạch 40x80 MS UT481002D Loại 1,1,Chi nhánh Đà Nẵng UN,MIỀN TRUNG,217,Viên,0.1,0.1,3.0,estimated,2170.0
38.L1.4080.UT481002V.16,Gạch 40x80 MS UT481002V Loại 1,1,Chi nhánh Đà Nẵng UN,MIỀN TRUNG,1750,Viên,0.5833333333333334,0.5833333333333334,17.5,estimated,3000.0
38.L1.4080.UT481005D.16,Gạch 40x80 MS UT481005D Loại 1,1,Chi nhánh Đà Nẵng UN,MIỀN TRUNG,224,Viên,0.1,0.1,3.0,estimated,2240.0
39.L1.6060.UGG6001.100,Gạch 60x60 MS UGG6001 Loại 1,1,Chi nhánh Đà Nẵng UN,MIỀN TRUNG,2793,Viên,0.9309999999999999,0.9309999999999999,27.93,estimated,3000.0
39.L1.6060.UGG6001.103,Gạch 60x60 MS UGG6001 Loại 1,1,Chi nhánh Đà Nẵng UN,MIỀN TRUNG,801,Viên,92.5,92.5,2775.0,stable,8.659459459459459
39.L1.6060.UGG6001.90,Gạch 60x60 MS UGG6001 Loại 1,1,Chi nhánh Đà Nẵng UN,MIỀN TRUNG,719,Viên,0.23966666666666667,0.23966666666666667,7.19,estimated,3000.0
39.L1.6060.UGG6003.90,Gạch 60x60 MS UGG6003 Loại 1,1,Chi nhánh Đà Nẵng UN,MIỀN TRUNG,1522,Viên,0.5073333333333333,0.5073333333333333,15.219999999999999,estimated,3000.0
39.L1.6060.UGG6003.94,Gạch 60x60 MS UGG6003 Loại 1,1,Chi nhánh Đà Nẵng UN,MIỀN TRUNG,1401,Viên,0.46699999999999997,0.46699999999999997,14.01,estimated,3000.0
39.L1.6060.UGG6003.98,Gạch 60x60 MS UGG6003 Loại 1,1,Chi nhánh Đà Nẵng UN,MIỀN TRUNG,1652,Viên,0.5506666666666666,0.5506666666666666,16.52,estimated,3000.0
39.L1.6060.UGG6004.100,Gạch 60x60 MS UGG6004 Loại 1,1,Chi nhánh Đà Nẵng UN,MIỀN TRUNG,3379,Viên,1.1263333333333334,1.1263333333333334,33.79,estimated,3000.0
39.L1.6060.USGM6001.90,Gạch 60x60 MS USGM6001 Loại 1,1,Chi nhánh Đà Nẵng UN,MIỀN TRUNG,850,Viên,0.2833333333333333,0.2833333333333333,8.5,estimated,3000.0
39.L1.6060.USGM6002.96,Gạch 60x60 MS USGM6002 Loại 1,1,Chi nhánh Đà Nẵng UN,MIỀN TRUNG,1112,Viên,0.3706666666666667,0.3706666666666667,11.120000000000001,estimated,2999.9999999999995
39.L1.6060.USGM6003.90,Gạch 60x60 MS USGM6003 Loại 1,1,Chi nhánh Đà Nẵng UN,MIỀN TRUNG,747,Viên,0.249,0.249,7.47,estimated,3000.0
39.L1.6060.USGM6003.96,Gạch 60x60 MS USGM6003 Loại 1,1,Chi nhánh Đà Nẵng UN,MIỀN TRUNG,880,Viên,0.29333333333333333,0.29333333333333333,8.8,estimated,3000.0
39.L1.6060.USGM6004.100,Gạch 60x60 MS USGM6004 Loại 1,1,Chi nhánh Đà Nẵng UN,MIỀN TRUNG,398,Viên,0.13266666666666665,0.13266666666666665,3.9799999999999995,estimated,3000.0000000000005
39.L1.6060.USGM6004.96,Gạch 60x60 MS USGM6004 Loại 1,1,Chi nhánh Đà Nẵng UN,MIỀN TRUNG,732,Viên,0.24400000000000002,0.24400000000000002,7.32,estimated,2999.9999999999995
40.L1.3060.USC3601D.P2,Gạch 30x60 MS USC3601D Loại 1,1,Chi nhánh Đà Nẵng UN,MIỀN TRUNG,332,Viên,0.11066666666666668,0.11066666666666668,3.3200000000000003,estimated,2999.9999999999995
40.L1.3060.USC3601.P2,Gạch 30x60 MS USC3601 Loại 1,1,Chi nhánh Đà Nẵng UN,MIỀN TRUNG,4387,Viên,1.4623333333333333,1.4623333333333333,43.87,estimated,3000.0
40.L1.3060.USC3601V.P2,Gạch 30x60 MS USC3601V Loại 1,1,Chi nhánh Đà Nẵng UN,MIỀN TRUNG,606,Viên,0.202,0.202,6.0600000000000005,estimated,3000.0
41.L1.3060.U3101.5,Gạch 30x60 MS U3101 Loại 1,1,Chi nhánh Đà Nẵng UN,MIỀN TRUNG,2899,Viên,9.6,1.7032258064516077,51.09677419354823,decreasing,301.9791666666667
41.L1.3060.U3101.8,Gạch 30x60 MS U3101 Loại 1,1,Chi nhánh Đà Nẵng UN,MIỀN TRUNG,2056,Viên,0.6853333333333332,0.6853333333333332,20.56,estimated,3000.0000000000005
41.L1.3060.U3102.5,Gạch 30x60 MS U3102 Loại 1,1,Chi nhánh Đà Nẵng UN,MIỀN TRUNG,1192,Viên,0.3973333333333333,0.3973333333333333,11.92,estimated,3000.0
41.L1.3060.U3103.5,Gạch 30x60 MS U3103 Loại 1,1,Chi nhánh Đà Nẵng UN,MIỀN TRUNG,1554,Viên,0.518,0.518,15.540000000000001,estimated,3000.0
41.L1.3060.U3105.8,Gạch 30x60 MS U3105 Loại 1,1,Chi nhánh Đà Nẵng UN,MIỀN TRUNG,784,Viên,0.2613333333333333,0.2613333333333333,7.839999999999999,estimated,3000.0000000000005
41.L1.3060.U3106.5,Gạch 30x60 MS U3106 Loại 1,1,Chi nhánh Đà Nẵng UN,MIỀN TRUNG,784,Viên,0.2613333333333333,0.2613333333333333,7.839999999999999,estimated,3000.0000000000005
41.L1.3060.U3107.5,Gạch 30x60 MS U3107 Loại 1,1,Chi nhánh Đà Nẵng UN,MIỀN TRUNG,1899,Viên,97.33333333333333,92.46666666666665,2773.9999999999995,decreasing,19.51027397260274
41.L1.3060.U3107.6,Gạch 30x60 MS U3107 Loại 1,1,Chi nhánh Đà Nẵng UN,MIỀN TRUNG,728,Viên,0.24266666666666667,0.24266666666666667,7.28,estimated,3000.0
41.L1.3060.U3108.5,Gạch 30x60 MS U3108 Loại 1,1,Chi nhánh Đà Nẵng UN,MIỀN TRUNG,3349,Viên,1.1163333333333334,1.1163333333333334,33.49,estimated,3000.0
41.L1.3060.U3108.6,Gạch 30x60 MS U3108 Loại 1,1,Chi nhánh Đà Nẵng UN,MIỀN TRUNG,1084,Viên,0.36133333333333334,0.36133333333333334,10.84,estimated,3000.0
41.L1.3060.U3201.5,Gạch 30x60 MS U3201 Loại 1,1,Chi nhánh Đà Nẵng UN,MIỀN TRUNG,509,Viên,0.16966666666666666,0.16966666666666666,5.09,estimated,3000.0
41.L1.3060.U3201.8,Gạch 30x60 MS U3201 Loại 1,1,Chi nhánh Đà Nẵng UN,MIỀN TRUNG,494,Viên,0.16466666666666668,0.16466666666666668,4.94,estimated,2999.9999999999995
41.L1.3060.U3207.5,Gạch 30x60 MS U3207 Loại 1,1,Chi nhánh Đà Nẵng UN,MIỀN TRUNG,287,Viên,0.1,0.1,3.0,estimated,2870.0
41.L1.4080.U4101.5,Gạch 40x80 MS U4101 Loại 1 6 Viên,1,Chi nhánh Đà Nẵng UN,MIỀN TRUNG,1568,Viên,0.5226666666666666,0.5226666666666666,15.679999999999998,estimated,3000.0000000000005
41.L1.4080.U4102.5,Gạch 40x80 MS U4102 Loại 1 6 Viên,1,Chi nhánh Đà Nẵng UN,MIỀN TRUNG,354,Viên,0.11800000000000001,0.11800000000000001,3.54,estimated,3000.0
41.L1.4080.U4103.5,Gạch 40x80 MS U4103 Loại 1 6 Viên,1,Chi nhánh Đà Nẵng UN,MIỀN TRUNG,2968,Viên,0.9893333333333333,0.9893333333333333,29.68,estimated,3000.0
41.L1.4080.U4201.5,Gạch 40x80 MS U4201 Loại 1 6 Viên,1,Chi nhánh Đà Nẵng UN,MIỀN TRUNG,504,Viên,0.168,0.168,5.04,estimated,3000.0
41.L1.5050.91502.5,Gạch 50x50 MS 91502 Loại 1,1,Chi nhánh Đà Nẵng UN,MIỀN TRUNG,2470,Viên,0.8233333333333334,0.8233333333333334,24.7,estimated,3000.0
41.L1.5050.91504.5,Gạch 50x50 MS 91504 Loại 1,1,Chi nhánh Đà Nẵng UN,MIỀN TRUNG,4227,Viên,1.409,1.409,42.27,estimated,3000.0
41.L1.5050.91506.5,Gạch 50x50 MS 91506 Loại 1,1,Chi nhánh Đà Nẵng UN,MIỀN TRUNG,2778,Viên,212.0,212.0,6360.0,stable,13.10377358490566
41.L1.5050.91508.5,Gạch 50x50 MS 91508 Loại 1,1,Chi nhánh Đà Nẵng UN,MIỀN TRUNG,2224,Viên,0.7413333333333334,0.7413333333333334,22.240000000000002,estimated,2999.9999999999995
41.L1.5050.M5190.5,Gạch 50x50 MS M5190 Loại 1,1,Chi nhánh Đà Nẵng UN,MIỀN TRUNG,2057,Viên,108.0,102.6,3078.0,decreasing,19.046296296296298
41.L1.5050.M5191.5,Gạch 50x50 MS M5191 Loại 1,1,Chi nhánh Đà Nẵng UN,MIỀN TRUNG,630,Viên,0.21,0.21,6.3,estimated,3000.0
41.L1.5050.M5192.5,Gạch 50x50 MS M5192 Loại 1,1,Chi nhánh Đà Nẵng UN,MIỀN TRUNG,1726,Viên,0.5753333333333334,0.5753333333333334,17.26,estimated,3000.0
41.L1.5050.U5101.5,Gạch 50x50 MS U5101 Loại 1,1,Chi nhánh Đà Nẵng UN,MIỀN TRUNG,1327,Viên,0.4423333333333333,0.4423333333333333,13.27,estimated,3000.0
41.L1.5050.U5102.4,Gạch 50x50 MS U5102 Loại 1,1,Chi nhánh Đà Nẵng UN,MIỀN TRUNG,952,Viên,0.3173333333333333,0.3173333333333333,9.52,estimated,3000.0000000000005
41.L1.5050.U5102.5,Gạch 50x50 MS U5102 Loại 1,1,Chi nhánh Đà Nẵng UN,MIỀN TRUNG,1217,Viên,116.0,116.0,3480.0,stable,10.491379310344827
41.L1.5050.U5103.4,Gạch 50x50 MS U5103 Loại 1,1,Chi nhánh Đà Nẵng UN,MIỀN TRUNG,1938,Viên,0.646,0.646,19.38,estimated,3000.0
41.L1.5050.U5103.5,Gạch 50x50 MS U5103 Loại 1,1,Chi nhánh Đà Nẵng UN,MIỀN TRUNG,1768,Viên,340.0,340.0,10200.0,stable,5.2
41.L1.5050.U5104.4,Gạch 50x50 MS U5104 Loại 1,1,Chi nhánh Đà Nẵng UN,MIỀN TRUNG,1736,Viên,0.5786666666666667,0.5786666666666667,17.36,estimated,3000.0
41.L1.5050.U5104.5,Gạch 50x50 MS U5104 Loại 1,1,Chi nhánh Đà Nẵng UN,MIỀN TRUNG,1697,Viên,0.5656666666666667,0.5656666666666667,16.97,estimated,3000.0
41.L1.5050.U5151.5,Gạch 50x50 MS U5151 Loại 1,1,Chi nhánh Đà Nẵng UN,MIỀN TRUNG,1904,Viên,18.0,18.0,540.0,stable,105.77777777777777
41.L1.5050.U5151.6,Gạch 50x50 MS U5151 Loại 1,1,Chi nhánh Đà Nẵng UN,MIỀN TRUNG,7700,Viên,2.566666666666667,2.566666666666667,77.0,estimated,2999.9999999999995
41.L1.5050.U5152.5,Gạch 50x50 MS U5152 Loại 1,1,Chi nhánh Đà Nẵng UN,MIỀN TRUNG,903,Viên,0.301,0.301,9.03,estimated,3000.0
41.L1.5050.U5152.6,Gạch 50x50 MS U5152 Loại 1,1,Chi nhánh Đà Nẵng UN,MIỀN TRUNG,4191,Viên,1.397,1.397,41.910000000000004,estimated,3000.0
41.L1.5050.U5153.4,Gạch 50x50 MS U5153 Loại 1,1,Chi nhánh Đà Nẵng UN,MIỀN TRUNG,56,Viên,0.1,0.1,3.0,estimated,560.0
41.L1.5050.U5153.5,Gạch 50x50 MS U5153 Loại 1,1,Chi nhánh Đà Nẵng UN,MIỀN TRUNG,502,Viên,0.16733333333333336,0.16733333333333336,5.0200000000000005,estimated,2999.9999999999995
41.L1.5050.U5154.5,Gạch 50x50 MS U5154 Loại 1,1,Chi nhánh Đà Nẵng UN,MIỀN TRUNG,1480,Viên,31.666666666666668,30.083333333333332,902.5,decreasing,46.73684210526316
41.L1.5050.U5154.6,Gạch 50x50 MS U5154 Loại 1,1,Chi nhánh Đà Nẵng UN,MIỀN TRUNG,4700,Viên,1.5666666666666667,1.5666666666666667,47.0,estimated,3000.0
41.L1.5050.U5155.4,Gạch 50x50 MS U5155 Loại 1,1,Chi nhánh Đà Nẵng UN,MIỀN TRUNG,8064,Viên,2.688,2.688,80.64,estimated,3000.0
41.L1.5050.U5155.5,Gạch 50x50 MS U5155 Loại 1,1,Chi nhánh Đà Nẵng UN,MIỀN TRUNG,1592,Viên,0.5306666666666666,0.5306666666666666,15.919999999999998,estimated,3000.0000000000005
41.L1.6060.AU6151.7,Gạch 60x60 MS AU6151 Loại 1 5 Viên,1,Chi nhánh Đà Nẵng UN,MIỀN TRUNG,1204,Viên,0.4013333333333334,0.4013333333333334,12.040000000000001,estimated,2999.9999999999995
41.L1.6060.AU6153.4,Gạch 60x60 MS AU6153 Loại 1 5 Viên,1,Chi nhánh Đà Nẵng UN,MIỀN TRUNG,4354,Viên,1.4513333333333334,1.4513333333333334,43.54,estimated,3000.0
41.L1.6060.AU6154.4,Gạch 60x60 MS AU6154 Loại 1 5 Viên,1,Chi nhánh Đà Nẵng UN,MIỀN TRUNG,3316,Viên,1.1053333333333335,1.1053333333333335,33.160000000000004,estimated,2999.9999999999995
41.L1.6060.AU6154.5,Gạch 60x60 MS AU6154 Loại 1 5 Viên,1,Chi nhánh Đà Nẵng UN,MIỀN TRUNG,2920,Viên,0.9733333333333333,0.9733333333333333,29.2,estimated,3000.0
41.L1.6060.AU6155.6,Gạch 60x60 MS AU6155 Loại 1 5 Viên,1,Chi nhánh Đà Nẵng UN,MIỀN TRUNG,4550,Viên,1.5166666666666666,1.5166666666666666,45.5,estimated,3000.0
41.L1.6060.M6151.6,Gạch 60x60 MS M6151 Loại 1,1,Chi nhánh Đà Nẵng UN,MIỀN TRUNG,1848,Viên,0.616,0.616,18.48,estimated,3000.0
41.L1.6060.M6152.6,Gạch 60x60 MS M6152 Loại 1,1,Chi nhánh Đà Nẵng UN,MIỀN TRUNG,2506,Viên,0.8353333333333334,0.8353333333333334,25.060000000000002,estimated,3000.0
41.L1.6060.U6151.5,Gạch 60x60 MS U6151 Loại 1,1,Chi nhánh Đà Nẵng UN,MIỀN TRUNG,1848,Viên,130.66666666666666,124.13333333333331,3723.9999999999995,decreasing,14.142857142857144
41.L1.6060.U6152.5,Gạch 60x60 MS U6152 Loại 1,1,Chi nhánh Đà Nẵng UN,MIỀN TRUNG,1085,Viên,0.36166666666666664,0.36166666666666664,10.85,estimated,3000.0000000000005
41.L1.6060.U6153.5,Gạch 60x60 MS U6153 Loại 1,1,Chi nhánh Đà Nẵng UN,MIỀN TRUNG,2884,Viên,0.9613333333333334,0.9613333333333334,28.84,estimated,3000.0
41.L1.6060.U6154.4,Gạch 60x60 MS U6154 Loại 1,1,Chi nhánh Đà Nẵng UN,MIỀN TRUNG,4934,Viên,1.6446666666666667,1.6446666666666667,49.34,estimated,3000.0
41.L1.6060.U6154.5,Gạch 60x60 MS U6154 Loại 1,1,Chi nhánh Đà Nẵng UN,MIỀN TRUNG,3054,Viên,44.0,44.0,1320.0,stable,69.4090909090909
41.L1.6060.U6154.7,Gạch 60x60 MS U6154 Loại 1,1,Chi nhánh Đà Nẵng UN,MIỀN TRUNG,6491,Viên,2.1636666666666664,2.1636666666666664,64.91,estimated,3000.0000000000005
41.L1.6060.U6155.5,Gạch 60x60 MS U6155 Loại 1,1,Chi nhánh Đà Nẵng UN,MIỀN TRUNG,1105,Viên,13.333333333333334,12.666666666666666,380.0,decreasing,82.875
41.L1.6060.U6155.6,Gạch 60x60 MS U6155 Loại 1,1,Chi nhánh Đà Nẵng UN,MIỀN TRUNG,3360,Viên,1.12,1.12,33.6,estimated,2999.9999999999995
41.L1.6060.U6156.5,Gạch 60x60 MS U6156 Loại 1,1,Chi nhánh Đà Nẵng UN,MIỀN TRUNG,1020,Viên,0.34,0.34,10.200000000000001,estimated,3000.0
41.L1.6060.U6157.5,Gạch 60x60 MS U6157 Loại 1,1,Chi nhánh Đà Nẵng UN,MIỀN TRUNG,1797,Viên,0.599,0.599,17.97,estimated,3000.0
41.L1.6060.U6158.5,Gạch 60x60 MS U6158 Loại 1,1,Chi nhánh Đà Nẵng UN,MIỀN TRUNG,1750,Viên,0.5833333333333334,0.5833333333333334,17.5,estimated,3000.0
00.KCB.100.NS,Ke Cân Bằng NS  1 mm,66,Chi nhánh Đà Nẵng UM,MIỀN TRUNG,48,Kg,0.1,0.1,3.0,estimated,480.0
00.KCT.100.NS,Ke Chữ Thập NS 1 mm,66,Chi nhánh Đà Nẵng UM,MIỀN TRUNG,28,Kg,0.1,0.1,3.0,estimated,280.0
00.KCT.150.NS,Ke Chữ Thập NS 1.5 mm,66,Chi nhánh Đà Nẵng UM,MIỀN TRUNG,14,Kg,0.1,0.1,3.0,estimated,140.0
00.NEM.TS,Nêm Cân Bằng,66,Chi nhánh Đà Nẵng UM,MIỀN TRUNG,49,Kg,0.1,0.1,3.0,estimated,490.0
05.L1.6060.686001.F,Gạch 60x60 MS 686001 Loại 1,66,Chi nhánh Đà Nẵng UM,MIỀN TRUNG,1176,Viên,0.392,0.392,11.76,estimated,3000.0
05.L1.6060.686001.G,Gạch 60x60 MS 686001 Loại 1,66,Chi nhánh Đà Nẵng UM,MIỀN TRUNG,1417,Viên,0.4723333333333333,0.4723333333333333,14.17,estimated,3000.0
05.L1.6060.686002.G,Gạch 60x60 MS 686002 Loại 1,66,Chi nhánh Đà Nẵng UM,MIỀN TRUNG,1414,Viên,0.4713333333333333,0.4713333333333333,14.14,estimated,3000.0
05.L1.6060.686003.S,Gạch 60x60 MS 686003 Loại 1,66,Chi nhánh Đà Nẵng UM,MIỀN TRUNG,840,Viên,103.33333333333333,98.16666666666666,2944.9999999999995,decreasing,8.129032258064516
05.L1.6060.686005.G,Gạch 60x60 MS 686005 Loại 1,66,Chi nhánh Đà Nẵng UM,MIỀN TRUNG,779,Viên,0.25966666666666666,0.25966666666666666,7.79,estimated,3000.0
05.L1.6060.686005.I,Gạch 60x60 MS 686005 Loại 1,66,Chi nhánh Đà Nẵng UM,MIỀN TRUNG,1591,Viên,154.5,154.5,4635.0,stable,10.297734627831716
05.L1.6060.686006.G,Gạch 60x60 MS 686006 Loại 1,66,Chi nhánh Đà Nẵng UM,MIỀN TRUNG,2299,Viên,0.7663333333333334,0.7663333333333334,22.990000000000002,estimated,2999.9999999999995
05.L1.6060.686007.F,Gạch 60x60 MS 686007 Loại 1,66,Chi nhánh Đà Nẵng UM,MIỀN TRUNG,1409,Viên,0.4696666666666667,0.4696666666666667,14.09,estimated,3000.0
05.L1.6060.686007.G,Gạch 60x60 MS 686007 Loại 1,66,Chi nhánh Đà Nẵng UM,MIỀN TRUNG,1046,Viên,0.3486666666666667,0.3486666666666667,10.46,estimated,3000.0
05.L1.8080.688001.G,Gạch 80x80 MS 688001 Loại 1,66,Chi nhánh Đà Nẵng UM,MIỀN TRUNG,1974,Viên,0.658,0.658,19.740000000000002,estimated,3000.0
05.L1.8080.688002.G,Gạch 80x80 MS 688002 Loại 1,66,Chi nhánh Đà Nẵng UM,MIỀN TRUNG,84,Viên,0.1,0.1,3.0,estimated,840.0
05.L1.8080.688005.G,Gạch 80x80 MS 688005 Loại 1,66,Chi nhánh Đà Nẵng UM,MIỀN TRUNG,627,Viên,0.20900000000000002,0.20900000000000002,6.2700000000000005,estimated,2999.9999999999995
05.L1.8080.688005.I,Gạch 80x80 MS 688005 Loại 1,66,Chi nhánh Đà Nẵng UM,MIỀN TRUNG,42,Viên,0.1,0.1,3.0,estimated,420.0
05.L1.8080.688006.G,Gạch 80x80 MS 688006 Loại 1,66,Chi nhánh Đà Nẵng UM,MIỀN TRUNG,1142,Viên,0.38066666666666665,0.38066666666666665,11.42,estimated,3000.0
05.L1.8080.688007.G,Gạch 80x80 MS 688007 Loại 1,66,Chi nhánh Đà Nẵng UM,MIỀN TRUNG,786,Viên,4.5,4.5,135.0,stable,174.66666666666666
05.L1.8080.688007.I,Gạch 80x80 MS 688007 Loại 1,66,Chi nhánh Đà Nẵng UM,MIỀN TRUNG,952,Viên,0.3173333333333333,0.3173333333333333,9.52,estimated,3000.0000000000005
08.L1.60120.3616.5,Gạch 60x120 MS 3616 loại 1,66,Chi nhánh Đà Nẵng UM,MIỀN TRUNG,238,Viên,0.1,0.1,3.0,estimated,2380.0
10.L1.6060.5193.6,Gạch 60x60 MS 5193 loại 1,66,Chi nhánh Đà Nẵng UM,MIỀN TRUNG,769,Viên,0.25633333333333336,0.25633333333333336,7.69,estimated,2999.9999999999995
10.L1.6060.5194.7,Gạch 60x60 MS 5194 loại 1,66,Chi nhánh Đà Nẵng UM,MIỀN TRUNG,84,Viên,0.1,0.1,3.0,estimated,840.0
10.L1.6060.5194.8,Gạch 60x60 MS 5194 loại 1,66,Chi nhánh Đà Nẵng UM,MIỀN TRUNG,1427,Viên,0.4756666666666666,0.4756666666666666,14.27,estimated,3000.0000000000005
10.L1.6060.5690.5,Gạch 60x60 MS 5690 loại 1,66,Chi nhánh Đà Nẵng UM,MIỀN TRUNG,1442,Viên,0.4806666666666667,0.4806666666666667,14.42,estimated,3000.0
10.L1.6060.5711.5,Gạch 60x60 MS 5711 Loại 1,66,Chi nhánh Đà Nẵng UM,MIỀN TRUNG,3229,Viên,1.0763333333333334,1.0763333333333334,32.29,estimated,3000.0
10.L1.6060.5711.6,Gạch 60x60 MS 5711 Loại 1,66,Chi nhánh Đà Nẵng UM,MIỀN TRUNG,4480,Viên,1.4933333333333334,1.4933333333333334,44.800000000000004,estimated,3000.0
10.L1.6060.5714.6,Gạch 60x60 MS 5714 Loại 1,66,Chi nhánh Đà Nẵng UM,MIỀN TRUNG,947,Viên,2.0,2.0,60.0,stable,473.5
10.L1.6060.5715.6,Gạch 60x60 MS 5715 Loại 1,66,Chi nhánh Đà Nẵng UM,MIỀN TRUNG,994,Viên,0.3313333333333333,0.3313333333333333,9.94,estimated,3000.0
10.L1.6060.5716.4,Gạch 60x60 MS 5716 Loại 1,66,Chi nhánh Đà Nẵng UM,MIỀN TRUNG,4480,Viên,1.4933333333333334,1.4933333333333334,44.800000000000004,estimated,3000.0
10.L1.6060.5716.6,Gạch 60x60 MS 5716 Loại 1,66,Chi nhánh Đà Nẵng UM,MIỀN TRUNG,783,Viên,0.261,0.261,7.83,estimated,3000.0
10.L1.6060.5716.7,Gạch 60x60 MS 5716 Loại 1,66,Chi nhánh Đà Nẵng UM,MIỀN TRUNG,875,Viên,0.2916666666666667,0.2916666666666667,8.75,estimated,3000.0
10.L1.6060.5717.4,Gạch 60x60 MS 5717 Loại 1,66,Chi nhánh Đà Nẵng UM,MIỀN TRUNG,695,Viên,0.23166666666666666,0.23166666666666666,6.95,estimated,3000.0
10.L1.6060.5717.5,Gạch 60x60 MS 5717 Loại 1,66,Chi nhánh Đà Nẵng UM,MIỀN TRUNG,915,Viên,0.305,0.305,9.15,estimated,3000.0
10.L1.6060.6103.1,Gạch 60x60 MS 6103 loại 1,66,Chi nhánh Đà Nẵng UM,MIỀN TRUNG,4536,Viên,1.512,1.512,45.36,estimated,3000.0
10.L1.6060.6103.2,Gạch 60x60 MS 6103 loại 1,66,Chi nhánh Đà Nẵng UM,MIỀN TRUNG,3631,Viên,1.2103333333333335,1.2103333333333335,36.31,estimated,2999.9999999999995
10.L1.6060.6103.6,Gạch 60x60 MS 6103 loại 1,66,Chi nhánh Đà Nẵng UM,MIỀN TRUNG,1771,Viên,175.5,175.5,5265.0,stable,10.091168091168091
10.L1.6060.6157.1,Gạch 60x60 MS 6157 loại 1,66,Chi nhánh Đà Nẵng UM,MIỀN TRUNG,1270,Viên,0.4233333333333334,0.4233333333333334,12.700000000000001,estimated,2999.9999999999995
10.L1.6060.6157.3,Gạch 60x60 MS 6157 loại 1,66,Chi nhánh Đà Nẵng UM,MIỀN TRUNG,4452,Viên,1.4840000000000002,1.4840000000000002,44.52,estimated,2999.9999999999995
10.L1.6060.6157.8,Gạch 60x60 MS 6157 loại 1,66,Chi nhánh Đà Nẵng UM,MIỀN TRUNG,4704,Viên,1.568,1.568,47.04,estimated,3000.0
10.L1.6060.6157.9,Gạch 60x60 MS 6157 loại 1,66,Chi nhánh Đà Nẵng UM,MIỀN TRUNG,747,Viên,0.249,0.249,7.47,estimated,3000.0
10.L1.6060.6158.1,Gạch 60x60 MS 6158 loại 1,66,Chi nhánh Đà Nẵng UM,MIỀN TRUNG,3541,Viên,1.1803333333333335,1.1803333333333335,35.410000000000004,estimated,2999.9999999999995
10.L1.6060.6158.4,Gạch 60x60 MS 6158 loại 1,66,Chi nhánh Đà Nẵng UM,MIỀN TRUNG,1280,Viên,137.5,137.5,4125.0,stable,9.309090909090909
10.L1.6060.6158.8,Gạch 60x60 MS 6158 loại 1,66,Chi nhánh Đà Nẵng UM,MIỀN TRUNG,8960,Viên,2.986666666666667,2.986666666666667,89.60000000000001,estimated,3000.0
10.L1.6060.6158.9,Gạch 60x60 MS 6158 loại 1,66,Chi nhánh Đà Nẵng UM,MIỀN TRUNG,4536,Viên,1.512,1.512,45.36,estimated,3000.0
10.L1.6060.6159.3,Gạch 60x60 MS 6159 loại 1,66,Chi nhánh Đà Nẵng UM,MIỀN TRUNG,3360,Viên,1.12,1.12,33.6,estimated,2999.9999999999995
10.L1.6060.6162.6,Gạch 60x60 MS 6162 loại 1,66,Chi nhánh Đà Nẵng UM,MIỀN TRUNG,1920,Viên,0.64,0.64,19.2,estimated,3000.0
10.L1.6060.6162.7,Gạch 60x60 MS 6162 loại 1,66,Chi nhánh Đà Nẵng UM,MIỀN TRUNG,2000,Viên,216.0,216.0,6480.0,stable,9.25925925925926
10.L1.8080.5893.4,Gạch 80x80 MS 5893 loại 1,66,Chi nhánh Đà Nẵng UM,MIỀN TRUNG,592,Viên,0.19733333333333333,0.19733333333333333,5.92,estimated,3000.0
10.L1.8080.5894.2,Gạch 80x80 MS 5894 loại 1,66,Chi nhánh Đà Nẵng UM,MIỀN TRUNG,2100,Viên,0.7,0.7,21.0,estimated,3000.0
10.L1.8080.5894.7,Gạch 80x80 MS 5894 loại 1,66,Chi nhánh Đà Nẵng UM,MIỀN TRUNG,623,Viên,0.2076666666666667,0.2076666666666667,6.23,estimated,2999.9999999999995
10.L1.8080.5898.6,Gạch 80x80 MS 5898 loại 1,66,Chi nhánh Đà Nẵng UM,MIỀN TRUNG,588,Viên,0.196,0.196,5.88,estimated,3000.0
10.L1.8080.5899.6,Gạch 80x80 MS 5899 loại 1,66,Chi nhánh Đà Nẵng UM,MIỀN TRUNG,1465,Viên,0.48833333333333334,0.48833333333333334,14.65,estimated,3000.0
12.L1.3030.3014.2,Gạch 30x30 MS 3014 Loại 1,66,Chi nhánh Đà Nẵng UM,MIỀN TRUNG,13860,Viên,4.62,4.62,138.6,estimated,3000.0
12.L1.3030.3015.3,Gạch 30x30 MS 3015 Loại 1,66,Chi nhánh Đà Nẵng UM,MIỀN TRUNG,18480,Viên,6.16,6.16,184.8,estimated,3000.0
12.L1.3030.3015.4,Gạch 30x30 MS 3015 Loại 1,66,Chi nhánh Đà Nẵng UM,MIỀN TRUNG,15400,Viên,5.133333333333334,5.133333333333334,154.0,estimated,2999.9999999999995
12.L1.3030.3302.13,Gạch 30x30 MS 3302 Loại 1,66,Chi nhánh Đà Nẵng UM,MIỀN TRUNG,5236,Viên,1.7453333333333334,1.7453333333333334,52.36,estimated,3000.0
12.L1.3030.3404.1,Gạch 30x30 MS 3404 Loại 1,66,Chi nhánh Đà Nẵng UM,MIỀN TRUNG,15400,Viên,5.133333333333334,5.133333333333334,154.0,estimated,2999.9999999999995
12.L1.3030.3405.1,Gạch 30x30 MS 3405 Loại 1,66,Chi nhánh Đà Nẵng UM,MIỀN TRUNG,15400,Viên,5.133333333333334,5.133333333333334,154.0,estimated,2999.9999999999995
12.L1.3030.3407.1,Gạch 30x30 MS 3407 Loại 1,66,Chi nhánh Đà Nẵng UM,MIỀN TRUNG,7700,Viên,2.566666666666667,2.566666666666667,77.0,estimated,2999.9999999999995
12.L1.5050.U5007.1,Gạch 50x50 MS U5007 Loại 1,66,Chi nhánh Đà Nẵng UM,MIỀN TRUNG,9408,Viên,3.136,3.136,94.08,estimated,3000.0
12.L1.5050.U5008.1,Gạch 50x50 MS U5008 Loại 1,66,Chi nhánh Đà Nẵng UM,MIỀN TRUNG,9408,Viên,3.136,3.136,94.08,estimated,3000.0
12.L1.5050.U5009.1,Gạch 50x50 MS U5009 Loại 1,66,Chi nhánh Đà Nẵng UM,MIỀN TRUNG,9408,Viên,3.136,3.136,94.08,estimated,3000.0
15.L1.6060.6605.6,Gạch 60x60 MS 6605 loại 1,66,Chi nhánh Đà Nẵng UM,MIỀN TRUNG,4312,Viên,1.4373333333333334,1.4373333333333334,43.12,estimated,3000.0
15.L1.6060.6605.7,Gạch 60x60 MS 6605 loại 1,66,Chi nhánh Đà Nẵng UM,MIỀN TRUNG,1702,Viên,0.5673333333333334,0.5673333333333334,17.02,estimated,3000.0
15.L1.6060.6605.8,Gạch 60x60 MS 6605 loại 1,66,Chi nhánh Đà Nẵng UM,MIỀN TRUNG,1680,Viên,0.56,0.56,16.8,estimated,2999.9999999999995
20.L1.1580.91153.6,Gạch 15x80 MS 91153 Loại 1,66,Chi nhánh Đà Nẵng UM,MIỀN TRUNG,1747,Viên,12.0,12.0,360.0,stable,145.58333333333334
20.L1.1580.91154.4,Gạch 15x80 MS 91154 Loại 1,66,Chi nhánh Đà Nẵng UM,MIỀN TRUNG,609,Viên,0.20299999999999999,0.20299999999999999,6.09,estimated,3000.0
20.L1.3030.U81101.1,Gạch 30x30 MS U81101 Loại 1,66,Chi nhánh Đà Nẵng UM,MIỀN TRUNG,1946,Viên,0.6486666666666667,0.6486666666666667,19.46,estimated,2999.9999999999995
20.L1.3030.U81101.2,Gạch 30x30 MS U81101 Loại 1,66,Chi nhánh Đà Nẵng UM,MIỀN TRUNG,154,Viên,0.1,0.1,3.0,estimated,1540.0
20.L1.3030.U81101.5,Gạch 30x30 MS U81101 Loại 1,66,Chi nhánh Đà Nẵng UM,MIỀN TRUNG,601,Viên,0.20033333333333334,0.20033333333333334,6.01,estimated,3000.0
20.L1.3030.U81102.6,Gạch 30x30 MS U81102 Loại 1,66,Chi nhánh Đà Nẵng UM,MIỀN TRUNG,915,Viên,38.5,38.5,1155.0,stable,23.766233766233768
20.L1.3030.U81103.2,Gạch 30x30 MS U81103 Loại 1,66,Chi nhánh Đà Nẵng UM,MIỀN TRUNG,607,Viên,0.20233333333333334,0.20233333333333334,6.07,estimated,3000.0
20.L1.3030.U81103.6,Gạch 30x30 MS U81103 Loại 1,66,Chi nhánh Đà Nẵng UM,MIỀN TRUNG,1265,Viên,0.4216666666666667,0.4216666666666667,12.65,estimated,3000.0
20.L1.3030.U81104.2,Gạch 30x30 MS U81104 Loại 1,66,Chi nhánh Đà Nẵng UM,MIỀN TRUNG,646,Viên,0.21533333333333332,0.21533333333333332,6.46,estimated,3000.0
20.L1.3030.U81104.5,Gạch 30x30 MS U81104 Loại 1,66,Chi nhánh Đà Nẵng UM,MIỀN TRUNG,766,Viên,35.5,35.5,1065.0,stable,21.577464788732396
20.L1.3030.U81105.2,Gạch 30x30 MS U81105 Loại 1,66,Chi nhánh Đà Nẵng UM,MIỀN TRUNG,673,Viên,68.66666666666667,65.23333333333333,1957.0,decreasing,9.800970873786406
20.L1.3030.U81105.5,Gạch 30x30 MS U81105 Loại 1,66,Chi nhánh Đà Nẵng UM,MIỀN TRUNG,1122,Viên,0.374,0.374,11.22,estimated,3000.0
20.L1.3030.U81105.6,Gạch 30x30 MS U81105 Loại 1,66,Chi nhánh Đà Nẵng UM,MIỀN TRUNG,4620,Viên,1.54,1.54,46.2,estimated,3000.0
20.L1.3030.U81106.2,Gạch 30x30 MS U81106 Loại 1,66,Chi nhánh Đà Nẵng UM,MIỀN TRUNG,999,Viên,0.333,0.333,9.99,estimated,3000.0
20.L1.3030.U81106.4,Gạch 30x30 MS U81106 Loại 1,66,Chi nhánh Đà Nẵng UM,MIỀN TRUNG,994,Viên,0.3313333333333333,0.3313333333333333,9.94,estimated,3000.0
20.L1.6060.A89606.1,Gạch 60x60 MS A89606 loại 1 5 Viên,66,Chi nhánh Đà Nẵng UM,MIỀN TRUNG,840,Viên,0.28,0.28,8.4,estimated,2999.9999999999995
20.L1.6060.A89651.1,Gạch 60x60 MS A89651 loại 1 5 Viên,66,Chi nhánh Đà Nẵng UM,MIỀN TRUNG,2716,Viên,0.9053333333333333,0.9053333333333333,27.16,estimated,3000.0
20.L1.6060.A89652.1,Gạch 60x60 MS A89652 loại 1 5 Viên,66,Chi nhánh Đà Nẵng UM,MIỀN TRUNG,2716,Viên,0.9053333333333333,0.9053333333333333,27.16,estimated,3000.0
20.L1.6060.A89653.1,Gạch 60x60 MS A89653 loại 1 5 Viên,66,Chi nhánh Đà Nẵng UM,MIỀN TRUNG,2386,Viên,0.7953333333333333,0.7953333333333333,23.86,estimated,3000.0
20.L1.6060.A89654.1,Gạch 60x60 MS A89654 loại 1 5 Viên,66,Chi nhánh Đà Nẵng UM,MIỀN TRUNG,1582,Viên,172.5,172.5,5175.0,stable,9.171014492753622
20.L1.6060.A89655.1,Gạch 60x60 MS A89655 loại 1 5 Viên,66,Chi nhánh Đà Nẵng UM,MIỀN TRUNG,994,Viên,0.3313333333333333,0.3313333333333333,9.94,estimated,3000.0
20.L1.6060.A89656.1,Gạch 60x60 MS A89656 loại 1 5 Viên,66,Chi nhánh Đà Nẵng UM,MIỀN TRUNG,1937,Viên,84.0,84.0,2520.0,stable,23.05952380952381
20.L1.6060.A89657.1,Gạch 60x60 MS A89657 loại 1 5 Viên,66,Chi nhánh Đà Nẵng UM,MIỀN TRUNG,2124,Viên,0.7080000000000001,0.7080000000000001,21.240000000000002,estimated,2999.9999999999995
20.L1.8080.89802.1,Gạch 80x80 MS 89802 loại 1,66,Chi nhánh Đà Nẵng UM,MIỀN TRUNG,915,Viên,0.305,0.305,9.15,estimated,3000.0
20.L1.8080.89803.1,Gạch 80x80 MS 89803 loại 1,66,Chi nhánh Đà Nẵng UM,MIỀN TRUNG,1057,Viên,0.35233333333333333,0.35233333333333333,10.57,estimated,3000.0
20.L1.8080.89804.1,Gạch 80x80 MS 89804 loại 1,66,Chi nhánh Đà Nẵng UM,MIỀN TRUNG,56,Viên,0.1,0.1,3.0,estimated,560.0
20.L1.8080.89805.1,Gạch 80x80 MS 89805 loại 1,66,Chi nhánh Đà Nẵng UM,MIỀN TRUNG,1969,Viên,86.5,86.5,2595.0,stable,22.76300578034682
20.L1.8080.89806.1,Gạch 80x80 MS 89806 loại 1,66,Chi nhánh Đà Nẵng UM,MIỀN TRUNG,950,Viên,0.31666666666666665,0.31666666666666665,9.5,estimated,3000.0
20.L1.8080.89807.1,Gạch 80x80 MS 89807 loại 1,66,Chi nhánh Đà Nẵng UM,MIỀN TRUNG,1260,Viên,0.42,0.42,12.6,estimated,3000.0
20.L1.8080.89851.1,Gạch 80x80 MS 89851 loại 1,66,Chi nhánh Đà Nẵng UM,MIỀN TRUNG,921,Viên,0.30700000000000005,0.30700000000000005,9.21,estimated,2999.9999999999995
20.L1.8080.89852.1,Gạch 80x80 MS 89852 loại 1,66,Chi nhánh Đà Nẵng UM,MIỀN TRUNG,112,Viên,0.1,0.1,3.0,estimated,1120.0
20.L1.8080.89853.1,Gạch 80x80 MS 89853 loại 1,66,Chi nhánh Đà Nẵng UM,MIỀN TRUNG,1060,Viên,0.35333333333333333,0.35333333333333333,10.6,estimated,3000.0
20.L1.8080.89854.1,Gạch 80x80 MS 89854 loại 1,66,Chi nhánh Đà Nẵng UM,MIỀN TRUNG,2442,Viên,0.8140000000000001,0.8140000000000001,24.42,estimated,3000.0
20.L1.8080.89855.1,Gạch 80x80 MS 89855 loại 1,66,Chi nhánh Đà Nẵng UM,MIỀN TRUNG,738,Viên,0.246,0.246,7.38,estimated,3000.0
20.L1.8080.89856.1,Gạch 80x80 MS 89856 loại 1,66,Chi nhánh Đà Nẵng UM,MIỀN TRUNG,1720,Viên,0.5733333333333334,0.5733333333333334,17.2,estimated,3000.0
20.L1.8080.89857.1,Gạch 80x80 MS 89857 loại 1,66,Chi nhánh Đà Nẵng UM,MIỀN TRUNG,914,Viên,0.3046666666666667,0.3046666666666667,9.14,estimated,2999.9999999999995
20.L1.8080.89858.1,Gạch 80x80 MS 89858 loại 1,66,Chi nhánh Đà Nẵng UM,MIỀN TRUNG,1423,Viên,0.47433333333333333,0.47433333333333333,14.23,estimated,3000.0
20.L1.8080.91852.5,Gạch 80x80 MS 91852 loại 1,66,Chi nhánh Đà Nẵng UM,MIỀN TRUNG,532,Viên,0.17733333333333334,0.17733333333333334,5.32,estimated,3000.0
20.L1.8080.91854.4,Gạch 80x80 MS 91854 loại 1,66,Chi nhánh Đà Nẵng UM,MIỀN TRUNG,814,Viên,89.0,89.0,2670.0,stable,9.146067415730338
20.L1.8080.91856.1,Gạch 80x80 MS 91856 loại 1,66,Chi nhánh Đà Nẵng UM,MIỀN TRUNG,1036,Viên,0.3453333333333333,0.3453333333333333,10.36,estimated,3000.0
20.L1.8080.91856.2,Gạch 80x80 MS 91856 loại 1,66,Chi nhánh Đà Nẵng UM,MIỀN TRUNG,392,Viên,0.13066666666666665,0.13066666666666665,3.9199999999999995,estimated,3000.0000000000005
20.L1.8080.91856.5,Gạch 80x80 MS 91856 loại 1,66,Chi nhánh Đà Nẵng UM,MIỀN TRUNG,696,Viên,0.232,0.232,6.96,estimated,3000.0
20.L1.8080.91860.1,Gạch 80x80 MS 91860 loại 1,66,Chi nhánh Đà Nẵng UM,MIỀN TRUNG,2254,Viên,169.5,169.5,5085.0,stable,13.297935103244837
20.L1.8080.91860.5,Gạch 80x80 MS 91860 loại 1,66,Chi nhánh Đà Nẵng UM,MIỀN TRUNG,769,Viên,0.25633333333333336,0.25633333333333336,7.69,estimated,2999.9999999999995
21.C100.DG.MPECO.00,Keo dán gạch Mapetile Eco Xám,66,Chi nhánh Đà Nẵng UM,MIỀN TRUNG,12367,Kg,4.122333333333334,4.122333333333334,123.67000000000002,estimated,3000.0
21.C100.DG.UNIECO.00,Keo dán gạch Mapetile Uni Eco Xám,66,Chi nhánh Đà Nẵng UM,MIỀN TRUNG,5250,Kg,1.75,1.75,52.5,estimated,3000.0
21.C100.DG.UNISET.00,Keo dán gạch UniSet C1 Xám,66,Chi nhánh Đà Nẵng UM,MIỀN TRUNG,6317,Kg,2.1056666666666666,2.1056666666666666,63.169999999999995,estimated,3000.0
21.CG1.CR.SF-CLASSIC.00,Bột trét  Keracolor SF CLASSIC Trắng,66,Chi nhánh Đà Nẵng UM,MIỀN TRUNG,14,Kg,0.1,0.1,3.0,estimated,140.0
22.C100.DG.TPRO2.00,Keo dán gạch KKS TilePro X2 C1,66,Chi nhánh Đà Nẵng UM,MIỀN TRUNG,5677,Kg,175.0,175.0,5250.0,stable,32.44
22.CGIW.CR.JOINT.00,Bột trét KKS TileJoint CGIW Trắng,66,Chi nhánh Đà Nẵng UM,MIỀN TRUNG,621,Kg,47.0,49.35,1480.5,increasing,13.212765957446809
23.L1.5050.U6622.5,Gạch 50x50 MS U6622 loại 1,66,Chi nhánh Đà Nẵng UM,MIỀN TRUNG,2800,Viên,0.9333333333333333,0.9333333333333333,28.0,estimated,3000.0
25.L1.3060.FP936604.1,Gạch 30x60 MS FP936604 Loại 1,66,Chi nhánh Đà Nẵng UM,MIỀN TRUNG,1946,Viên,0.6486666666666667,0.6486666666666667,19.46,estimated,2999.9999999999995
25.L1.3060.FP936604.3,Gạch 30x60 MS FP936604 Loại 1,66,Chi nhánh Đà Nẵng UM,MIỀN TRUNG,959,Viên,64.0,64.0,1920.0,stable,14.984375
25.L1.3060.FP936605.3,Gạch 30x60 MS FP936605 Loại 1,66,Chi nhánh Đà Nẵng UM,MIỀN TRUNG,1405,Viên,98.66666666666667,103.60000000000001,3108.0000000000005,increasing,14.239864864864865
25.L1.3060.FP936607.1,Gạch 30x60 MS FP936607 Loại 1,66,Chi nhánh Đà Nẵng UM,MIỀN TRUNG,3080,Viên,1.0266666666666666,1.0266666666666666,30.799999999999997,estimated,3000.0
25.L1.4080.FP948601V.1,Gạch 40x80 MS FP948601V Loại 1 5 Viên,66,Chi nhánh Đà Nẵng UM,MIỀN TRUNG,280,Viên,0.1,0.1,3.0,estimated,2800.0
25.L1.6060.FP96606.2,Gạch 60x60 MS FP96606 Loại 1,66,Chi nhánh Đà Nẵng UM,MIỀN TRUNG,2464,Viên,0.8213333333333334,0.8213333333333334,24.64,estimated,3000.0
25.L1.6060.FP96666.2,Gạch 60x60 MS FP96666 Loại 1,66,Chi nhánh Đà Nẵng UM,MIỀN TRUNG,173,Viên,0.1,0.1,3.0,estimated,1730.0
25.L1.6060.FPU6016.3,Gạch 60x60 MS FPU6016 Loại 1,66,Chi nhánh Đà Nẵng UM,MIỀN TRUNG,266,Viên,0.1,0.1,3.0,estimated,2660.0
25.L1.6060.FPU966003.4,Gạch 60x60 MS FPU966003 loại 1,66,Chi nhánh Đà Nẵng UM,MIỀN TRUNG,661,Viên,40.5,40.5,1215.0,stable,16.320987654320987
25.L1.6060.FPU966003.6,Gạch 60x60 MS FPU966003 loại 1,66,Chi nhánh Đà Nẵng UM,MIỀN TRUNG,777,Viên,0.259,0.259,7.7700000000000005,estimated,3000.0
25.L1.6060.FPU966003.7,Gạch 60x60 MS FPU966003 loại 1,66,Chi nhánh Đà Nẵng UM,MIỀN TRUNG,1792,Viên,0.5973333333333334,0.5973333333333334,17.92,estimated,2999.9999999999995
25.L1.6060.FPU966013.1,Gạch 60x60 MS FPU966013 Loại 1,66,Chi nhánh Đà Nẵng UM,MIỀN TRUNG,1582,Viên,0.5273333333333333,0.5273333333333333,15.82,estimated,3000.0
25.L1.8080.FP18600.2,Gạch 80x80 MS FP18600 Loại 1,66,Chi nhánh Đà Nẵng UM,MIỀN TRUNG,316,Viên,0.10533333333333333,0.10533333333333333,3.16,estimated,3000.0
25.L1.8080.FP18604.4,Gạch 80x80 MS FP18604 Loại 1,66,Chi nhánh Đà Nẵng UM,MIỀN TRUNG,3122,Viên,1.0406666666666669,1.0406666666666669,31.220000000000006,estimated,2999.9999999999995
25.L1.8080.FP18606.1,Gạch 80x80 MS FP18606 Loại 1,66,Chi nhánh Đà Nẵng UM,MIỀN TRUNG,2478,Viên,0.8260000000000001,0.8260000000000001,24.78,estimated,2999.9999999999995
25.L1.8080.FPU188003.3,Gạch 80x80 MS FPU188003 Loại 1,66,Chi nhánh Đà Nẵng UM,MIỀN TRUNG,366,Viên,0.12200000000000001,0.12200000000000001,3.66,estimated,2999.9999999999995
25.L1.8080.FPU188003.5,Gạch 80x80 MS FPU188003 Loại 1,66,Chi nhánh Đà Nẵng UM,MIỀN TRUNG,1470,Viên,0.49000000000000005,0.49000000000000005,14.700000000000001,estimated,2999.9999999999995
25.L1.8080.FPU188005.2,Gạch 80x80 MS FPU188005 Loại 1,66,Chi nhánh Đà Nẵng UM,MIỀN TRUNG,336,Viên,0.112,0.112,3.36,estimated,3000.0
25.L1.8080.FPU188013.3,Gạch 80x80 MS FPU188013 Loại 1,66,Chi nhánh Đà Nẵng UM,MIỀN TRUNG,1088,Viên,0.3626666666666667,0.3626666666666667,10.88,estimated,3000.0
25.L1.8080.FPU188017.2,Gạch 80x80 MS FPU188017 Loại 1,66,Chi nhánh Đà Nẵng UM,MIỀN TRUNG,514,Viên,0.1713333333333333,0.1713333333333333,5.14,estimated,3000.0000000000005
29.L1.3060.FC3622.11,Gạch 30x60 MS FC3622 Loại 1,66,Chi nhánh Đà Nẵng UM,MIỀN TRUNG,892,Viên,0.29733333333333334,0.29733333333333334,8.92,estimated,3000.0
29.L1.3060.FC3622.12,Gạch 30x60 MS FC3622 Loại 1,66,Chi nhánh Đà Nẵng UM,MIỀN TRUNG,2579,Viên,0.8596666666666667,0.8596666666666667,25.79,estimated,3000.0
29.L1.3060.FC3622V.11,Gạch 30x60 MS FC3622V Loại 1,66,Chi nhánh Đà Nẵng UM,MIỀN TRUNG,224,Viên,0.1,0.1,3.0,estimated,2240.0
29.L1.3060.FC3622V.12,Gạch 30x60 MS FC3622V Loại 1,66,Chi nhánh Đà Nẵng UM,MIỀN TRUNG,1085,Viên,0.36166666666666664,0.36166666666666664,10.85,estimated,3000.0000000000005
29.L1.3060.FC3623.10,Gạch 30x60 MS FC3623 Loại 1,66,Chi nhánh Đà Nẵng UM,MIỀN TRUNG,1438,Viên,0.47933333333333333,0.47933333333333333,14.38,estimated,3000.0
29.L1.3060.FC3623D.04,Gạch 30x60 MS FC3623D Loại 1,66,Chi nhánh Đà Nẵng UM,MIỀN TRUNG,452,Viên,0.15066666666666667,0.15066666666666667,4.5200000000000005,estimated,3000.0
29.L1.3060.FC3623V.10,Gạch 30x60 MS FC3623V Loại 1,66,Chi nhánh Đà Nẵng UM,MIỀN TRUNG,1008,Viên,0.336,0.336,10.08,estimated,3000.0
29.L1.3060.FC3636.03,Gạch 30x60 MS FC3636 Loại 1,66,Chi nhánh Đà Nẵng UM,MIỀN TRUNG,765,Viên,0.255,0.255,7.65,estimated,3000.0
29.L1.3060.FC3636D.03,Gạch 30x60 MS FC3636D Loại 1,66,Chi nhánh Đà Nẵng UM,MIỀN TRUNG,290,Viên,0.1,0.1,3.0,estimated,2900.0
29.L1.3060.FC3637.03,Gạch 30x60 MS FC3637 Loại 1,66,Chi nhánh Đà Nẵng UM,MIỀN TRUNG,823,Viên,61.0,61.0,1830.0,stable,13.491803278688524
29.L1.3060.FC3638.02,Gạch 30x60 MS FC3638 Loại 1,66,Chi nhánh Đà Nẵng UM,MIỀN TRUNG,1223,Viên,0.4076666666666667,0.4076666666666667,12.23,estimated,3000.0
29.L1.3060.FC3638.03,Gạch 30x60 MS FC3638 Loại 1,66,Chi nhánh Đà Nẵng UM,MIỀN TRUNG,1132,Viên,0.37733333333333335,0.37733333333333335,11.32,estimated,3000.0
29.L1.3060.FC3638D.02,Gạch 30x60 MS FC3638D Loại 1,66,Chi nhánh Đà Nẵng UM,MIỀN TRUNG,392,Viên,0.13066666666666665,0.13066666666666665,3.9199999999999995,estimated,3000.0000000000005
29.L1.3060.FC3639.02,Gạch 30x60 MS FC3639 Loại 1,66,Chi nhánh Đà Nẵng UM,MIỀN TRUNG,784,Viên,0.2613333333333333,0.2613333333333333,7.839999999999999,estimated,3000.0000000000005
29.L1.3060.FC3639.03,Gạch 30x60 MS FC3639 Loại 1,66,Chi nhánh Đà Nẵng UM,MIỀN TRUNG,797,Viên,0.26566666666666666,0.26566666666666666,7.97,estimated,3000.0
29.L1.3060.FC3640.01,Gạch 30x60 MS FC3640 Loại 1,66,Chi nhánh Đà Nẵng UM,MIỀN TRUNG,1190,Viên,0.39666666666666667,0.39666666666666667,11.9,estimated,3000.0
29.L1.3060.FC3640D.01,Gạch 30x60 MS FC3640D Loại 1,66,Chi nhánh Đà Nẵng UM,MIỀN TRUNG,273,Viên,0.1,0.1,3.0,estimated,2730.0
29.L1.3060.FC3641.01,Gạch 30x60 MS FC3641 Loại 1,66,Chi nhánh Đà Nẵng UM,MIỀN TRUNG,492,Viên,0.164,0.164,4.92,estimated,3000.0
29.L1.3060.FC3641.03,Gạch 30x60 MS FC3641 Loại 1,66,Chi nhánh Đà Nẵng UM,MIỀN TRUNG,5635,Viên,1.8783333333333334,1.8783333333333334,56.35,estimated,3000.0
29.L1.3060.FP936601.1,Gạch 30x60 MS FP936601 Loại 1,66,Chi nhánh Đà Nẵng UM,MIỀN TRUNG,1963,Viên,0.6543333333333333,0.6543333333333333,19.63,estimated,3000.0
29.L1.3060.FP936601D.1,Gạch 30x60 MS FP936601D Loại 1,66,Chi nhánh Đà Nẵng UM,MIỀN TRUNG,252,Viên,0.1,0.1,3.0,estimated,2520.0
29.L1.3060.FP936601V.1,Gạch 30x60 MS FP936601V Loại 1,66,Chi nhánh Đà Nẵng UM,MIỀN TRUNG,572,Viên,0.19066666666666665,0.19066666666666665,5.72,estimated,3000.0000000000005
29.L1.3060.FP936602.1,Gạch 30x60 MS FP936602 Loại 1,66,Chi nhánh Đà Nẵng UM,MIỀN TRUNG,1912,Viên,276.5,276.5,8295.0,stable,6.91500904159132
29.L1.3060.FP936602D.1,Gạch 30x60 MS FP936602D Loại 1,66,Chi nhánh Đà Nẵng UM,MIỀN TRUNG,538,Viên,0.17933333333333332,0.17933333333333332,5.38,estimated,3000.0000000000005
29.L1.3060.FP936602V.1,Gạch 30x60 MS FP936602V Loại 1,66,Chi nhánh Đà Nẵng UM,MIỀN TRUNG,524,Viên,0.17466666666666666,0.17466666666666666,5.24,estimated,3000.0
29.L1.3060.FP936604.1,Gạch 30x60 MS FP936604 Loại 1,66,Chi nhánh Đà Nẵng UM,MIỀN TRUNG,1864,Viên,0.6213333333333334,0.6213333333333334,18.64,estimated,2999.9999999999995
29.L1.3060.FP936604D.1,Gạch 30x60 MS FP936604D Loại 1,66,Chi nhánh Đà Nẵng UM,MIỀN TRUNG,173,Viên,19.5,19.5,585.0,stable,8.871794871794872
29.L1.3060.FP936605.1,Gạch 30x60 MS FP936605 Loại 1,66,Chi nhánh Đà Nẵng UM,MIỀN TRUNG,676,Viên,0.22533333333333333,0.22533333333333333,6.76,estimated,3000.0
29.L1.3060.FP936606.1,Gạch 30x60 MS FP936606 Loại 1,66,Chi nhánh Đà Nẵng UM,MIỀN TRUNG,1509,Viên,0.503,0.503,15.09,estimated,3000.0
29.L1.3060.FP936606D.1,Gạch 30x60 MS FP936606D Loại 1,66,Chi nhánh Đà Nẵng UM,MIỀN TRUNG,175,Viên,0.1,0.1,3.0,estimated,1750.0
29.L1.3060.FP936607.1,Gạch 30x60 MS FP936607 Loại 1,66,Chi nhánh Đà Nẵng UM,MIỀN TRUNG,1430,Viên,0.4766666666666667,0.4766666666666667,14.3,estimated,3000.0
29.L1.3060.FUSC3643.01,Gạch 30x60 MS FUSC3643 Loại 1,66,Chi nhánh Đà Nẵng UM,MIỀN TRUNG,3986,Viên,1.3286666666666667,1.3286666666666667,39.86,estimated,3000.0
29.L1.3060.FUSC3643D.01,Gạch 30x60 MS FUSC3643D Loại 1,66,Chi nhánh Đà Nẵng UM,MIỀN TRUNG,1372,Viên,0.45733333333333337,0.45733333333333337,13.72,estimated,2999.9999999999995
29.L1.3060.FUSC3643V.01,Gạch 30x60 MS FUSC3643V Loại 1,66,Chi nhánh Đà Nẵng UM,MIỀN TRUNG,854,Viên,0.2846666666666667,0.2846666666666667,8.540000000000001,estimated,3000.0
29.L1.3060.FUSC3644.01,Gạch 30x60 MS FUSC3644 Loại 1,66,Chi nhánh Đà Nẵng UM,MIỀN TRUNG,10388,Viên,3.4626666666666663,3.4626666666666663,103.88,estimated,3000.0000000000005
29.L1.3060.FUSC3644D.01,Gạch 30x60 MS FUSC3644D Loại 1,66,Chi nhánh Đà Nẵng UM,MIỀN TRUNG,1428,Viên,0.47600000000000003,0.47600000000000003,14.280000000000001,estimated,3000.0
29.L1.3060.FUSC3644V.04,Gạch 30x60 MS FUSC3644V Loại 1,66,Chi nhánh Đà Nẵng UM,MIỀN TRUNG,1428,Viên,0.47600000000000003,0.47600000000000003,14.280000000000001,estimated,3000.0
29.L1.4060.FX46202.01,Gạch 40x60 MS FX46202 Loại 1,66,Chi nhánh Đà Nẵng UM,MIỀN TRUNG,821,Viên,0.27366666666666667,0.27366666666666667,8.21,estimated,3000.0
29.L1.4060.FX46202.02,Gạch 40x60 MS FX46202 Loại 1,66,Chi nhánh Đà Nẵng UM,MIỀN TRUNG,718,Viên,0.23933333333333331,0.23933333333333331,7.18,estimated,3000.0000000000005
29.L1.4060.FXK46251.03,Gạch 40x60 MS FXK46251 Loại 1,66,Chi nhánh Đà Nẵng UM,MIỀN TRUNG,934,Viên,0.31133333333333335,0.31133333333333335,9.34,estimated,3000.0
29.L1.4060.FXK46251.04,Gạch 40x60 MS FXK46251 Loại 1,66,Chi nhánh Đà Nẵng UM,MIỀN TRUNG,3612,Viên,1.204,1.204,36.12,estimated,3000.0
29.L1.4060.FXK46254.01,Gạch 40x60 MS FXK46254 Loại 1,66,Chi nhánh Đà Nẵng UM,MIỀN TRUNG,479,Viên,0.15966666666666668,0.15966666666666668,4.79,estimated,2999.9999999999995
29.L1.4060.FXK46254.04,Gạch 40x60 MS FXK46254 Loại 1,66,Chi nhánh Đà Nẵng UM,MIỀN TRUNG,853,Viên,0.2843333333333333,0.2843333333333333,8.53,estimated,3000.0
29.L1.4060.FXK46256.02,Gạch 40x60 MS FXK46256 Loại 1,66,Chi nhánh Đà Nẵng UM,MIỀN TRUNG,915,Viên,0.305,0.305,9.15,estimated,3000.0
29.L1.4060.FXU46002.01,Gạch 40x60 MS FXU46002 Loại 1,66,Chi nhánh Đà Nẵng UM,MIỀN TRUNG,1983,Viên,231.0,231.0,6930.0,stable,8.584415584415584
29.L1.4080.FC4803.3,Gạch 40x80 MS FC4803 Loại 1,66,Chi nhánh Đà Nẵng UM,MIỀN TRUNG,2144,Viên,0.7146666666666667,0.7146666666666667,21.44,estimated,3000.0
29.L1.4080.FC4803D.2,Gạch 40x80 MS FC4803D Loại 1,66,Chi nhánh Đà Nẵng UM,MIỀN TRUNG,609,Viên,0.20299999999999999,0.20299999999999999,6.09,estimated,3000.0
29.L1.4080.FC4803D.3,Gạch 40x80 MS FC4803D Loại 1,66,Chi nhánh Đà Nẵng UM,MIỀN TRUNG,161,Viên,0.1,0.1,3.0,estimated,1610.0
29.L1.4080.FC4803V.3,Gạch 40x80 MS FC4803V Loại 1,66,Chi nhánh Đà Nẵng UM,MIỀN TRUNG,2464,Viên,0.8213333333333334,0.8213333333333334,24.64,estimated,3000.0
29.L1.4080.FC4805.5,Gạch 40x80 MS FC4805 Loại 1,66,Chi nhánh Đà Nẵng UM,MIỀN TRUNG,667,Viên,0.22233333333333333,0.22233333333333333,6.67,estimated,3000.0
29.L1.4080.FC4805D.2,Gạch 40x80 MS FC4805D Loại 1,66,Chi nhánh Đà Nẵng UM,MIỀN TRUNG,322,Viên,0.10733333333333334,0.10733333333333334,3.22,estimated,3000.0
29.L1.4080.FC4805V.5,Gạch 40x80 MS FC4805V Loại 1,66,Chi nhánh Đà Nẵng UM,MIỀN TRUNG,364,Viên,0.12133333333333333,0.12133333333333333,3.64,estimated,3000.0
29.L1.4080.FC4806.1,Gạch 40x80 MS FC4806 Loại 1,66,Chi nhánh Đà Nẵng UM,MIỀN TRUNG,869,Viên,0.28966666666666663,0.28966666666666663,8.69,estimated,3000.0000000000005
29.L1.4080.FC4806D.1,Gạch 40x80 MS FC4806D Loại 1,66,Chi nhánh Đà Nẵng UM,MIỀN TRUNG,79,Viên,0.1,0.1,3.0,estimated,790.0
29.L1.4080.FC4806V.1,Gạch 40x80 MS FC4806V Loại 1,66,Chi nhánh Đà Nẵng UM,MIỀN TRUNG,242,Viên,0.1,0.1,3.0,estimated,2420.0
29.L1.4080.FC4808.1,Gạch 40x80 MS FC4808 Loại 1,66,Chi nhánh Đà Nẵng UM,MIỀN TRUNG,1138,Viên,0.37933333333333336,0.37933333333333336,11.38,estimated,3000.0
29.L1.4080.FC4808D.1,Gạch 40x80 MS FC4808D Loại 1,66,Chi nhánh Đà Nẵng UM,MIỀN TRUNG,336,Viên,0.112,0.112,3.36,estimated,3000.0
29.L1.4080.FC4808V.1,Gạch 40x80 MS FC4808V Loại 1,66,Chi nhánh Đà Nẵng UM,MIỀN TRUNG,224,Viên,0.1,0.1,3.0,estimated,2240.0
29.L1.4080.FP948601.1,Gạch 40x80 MS FP948601 Loại 1 5 Viên,66,Chi nhánh Đà Nẵng UM,MIỀN TRUNG,890,Viên,165.0,165.0,4950.0,stable,5.393939393939394
29.L1.4080.FP948601D.1,Gạch 40x80 MS FP948601D Loại 1 5 Viên,66,Chi nhánh Đà Nẵng UM,MIỀN TRUNG,467,Viên,0.15566666666666668,0.15566666666666668,4.67,estimated,3000.0
29.L1.4080.FP948601V.1,Gạch 40x80 MS FP948601V Loại 1 5 Viên,66,Chi nhánh Đà Nẵng UM,MIỀN TRUNG,426,Viên,0.142,0.142,4.26,estimated,3000.0000000000005
29.L1.4080.FP948602.1,Gạch 40x80 MS FP948602 Loại 1 5 Viên,66,Chi nhánh Đà Nẵng UM,MIỀN TRUNG,886,Viên,0.29533333333333334,0.29533333333333334,8.86,estimated,3000.0
29.L1.4080.FP948602D.1,Gạch 40x80 MS FP948602D Loại 1 5 Viên,66,Chi nhánh Đà Nẵng UM,MIỀN TRUNG,298,Viên,0.1,0.1,3.0,estimated,2980.0
29.L1.4080.FP948602V.1,Gạch 40x80 MS FP948602V Loại 1 5 Viên,66,Chi nhánh Đà Nẵng UM,MIỀN TRUNG,342,Viên,0.114,0.114,3.42,estimated,3000.0
29.L1.6060.FP6605.3,Gạch 60x60 MS FP6605 Loại 1,66,Chi nhánh Đà Nẵng UM,MIỀN TRUNG,7840,Viên,2.6133333333333337,2.6133333333333337,78.4,estimated,2999.9999999999995
29.L1.6060.FP6605.4,Gạch 60x60 MS FP6605 Loại 1,66,Chi nhánh Đà Nẵng UM,MIỀN TRUNG,3733,Viên,1.2443333333333333,1.2443333333333333,37.33,estimated,3000.0
29.L1.6060.FP96604.1,Gạch 60x60 MS FP96604 Loại 1,66,Chi nhánh Đà Nẵng UM,MIỀN TRUNG,2464,Viên,0.8213333333333334,0.8213333333333334,24.64,estimated,3000.0
29.L1.6060.FP96604.2,Gạch 60x60 MS FP96604 Loại 1,66,Chi nhánh Đà Nẵng UM,MIỀN TRUNG,3024,Viên,1.008,1.008,30.240000000000002,estimated,3000.0
29.L1.6060.FP96606.1,Gạch 60x60 MS FP96606 Loại 1,66,Chi nhánh Đà Nẵng UM,MIỀN TRUNG,1512,Viên,0.504,0.504,15.120000000000001,estimated,3000.0
29.L1.6060.FP96666.1,Gạch 60x60 MS FP96666 Loại 1,66,Chi nhánh Đà Nẵng UM,MIỀN TRUNG,358,Viên,0.11933333333333333,0.11933333333333333,3.58,estimated,3000.0
29.L1.6060.FPU6000.3,Gạch 60x60 MS FPU6000 Loại 1,66,Chi nhánh Đà Nẵng UM,MIỀN TRUNG,224,Viên,0.1,0.1,3.0,estimated,2240.0
29.L1.6060.FPU6003.5,Gạch 60x60 MS FPU6003 Loại 1,66,Chi nhánh Đà Nẵng UM,MIỀN TRUNG,182,Viên,0.1,0.1,3.0,estimated,1820.0
29.L1.6060.FPU6005.3,Gạch 60x60 MS FPU6005 Loại 1,66,Chi nhánh Đà Nẵng UM,MIỀN TRUNG,1008,Viên,0.336,0.336,10.08,estimated,3000.0
29.L1.6060.FPU6006.2,Gạch 60x60 MS FPU6006 Loại 1,66,Chi nhánh Đà Nẵng UM,MIỀN TRUNG,8960,Viên,2.986666666666667,2.986666666666667,89.60000000000001,estimated,3000.0
29.L1.6060.FPU6006.3,Gạch 60x60 MS FPU6006 Loại 1,66,Chi nhánh Đà Nẵng UM,MIỀN TRUNG,980,Viên,0.3266666666666667,0.3266666666666667,9.8,estimated,2999.9999999999995
29.L1.6060.FPU6007.4,Gạch 60x60 MS FPU6007 Loại 1,66,Chi nhánh Đà Nẵng UM,MIỀN TRUNG,994,Viên,0.3313333333333333,0.3313333333333333,9.94,estimated,3000.0
29.L1.6060.FPU6013.2,Gạch 60x60 MS FPU6013 Loại 1,66,Chi nhánh Đà Nẵng UM,MIỀN TRUNG,868,Viên,0.28933333333333333,0.28933333333333333,8.68,estimated,3000.0
29.L1.6060.FPU6016.3,Gạch 60x60 MS FPU6016 Loại 1,66,Chi nhánh Đà Nẵng UM,MIỀN TRUNG,896,Viên,0.2986666666666667,0.2986666666666667,8.96,estimated,2999.9999999999995
29.L1.6060.FPU6017.3,Gạch 60x60 MS FPU6017 Loại 1,66,Chi nhánh Đà Nẵng UM,MIỀN TRUNG,392,Viên,0.13066666666666665,0.13066666666666665,3.9199999999999995,estimated,3000.0000000000005
29.L1.6060.FPU6018.2,Gạch 60x60 MS FPU6018 Loại 1,66,Chi nhánh Đà Nẵng UM,MIỀN TRUNG,1204,Viên,0.4013333333333334,0.4013333333333334,12.040000000000001,estimated,2999.9999999999995
29.L1.6060.FPU966003.3,Gạch 60x60 MS FPU966003 Loại 1,66,Chi nhánh Đà Nẵng UM,MIỀN TRUNG,280,Viên,0.1,0.1,3.0,estimated,2800.0
29.L1.6060.FPU966013.1,Gạch 60x60 MS FPU966013 Loại 1,66,Chi nhánh Đà Nẵng UM,MIỀN TRUNG,555,Viên,59.5,59.5,1785.0,stable,9.327731092436975
29.L1.8080.FP18604.1,Gạch 80x80 MS FP18604 Loại 1,66,Chi nhánh Đà Nẵng UM,MIỀN TRUNG,504,Viên,0.168,0.168,5.04,estimated,3000.0
29.L1.8080.FP18606.1,Gạch 80x80 MS FP18606 Loại 1,66,Chi nhánh Đà Nẵng UM,MIỀN TRUNG,63,Viên,0.1,0.1,3.0,estimated,630.0
29.L1.8080.FP18607.1,Gạch 80x80 MS FP18607 Loại 1,66,Chi nhánh Đà Nẵng UM,MIỀN TRUNG,663,Viên,0.221,0.221,6.63,estimated,3000.0
29.L1.8080.FP18666.1,Gạch 80x80 MS FP18666 Loại 1,66,Chi nhánh Đà Nẵng UM,MIỀN TRUNG,159,Viên,5.0,5.25,157.5,increasing,31.8
29.L1.8080.FPU188005.1,Gạch 80x80 MS FPU188005 Loại 1,66,Chi nhánh Đà Nẵng UM,MIỀN TRUNG,252,Viên,0.1,0.1,3.0,estimated,2520.0
29.L1.8080.FPU188017.1,Gạch 80x80 MS FPU188017 Loại 1,66,Chi nhánh Đà Nẵng UM,MIỀN TRUNG,200,Viên,0.1,0.1,3.0,estimated,2000.0
38.L1.5050.SVKAI501.10,Gạch 50x50 MS SVKAI501 Loại 1,66,Chi nhánh Đà Nẵng UM,MIỀN TRUNG,2155,Viên,107.0,112.35000000000001,3370.5000000000005,increasing,20.14018691588785
38.L1.5050.SVKAI502.10,Gạch 50x50 MS SVKAI502 Loại 1,66,Chi nhánh Đà Nẵng UM,MIỀN TRUNG,1859,Viên,94.0,94.0,2820.0,stable,19.77659574468085
38.L1.5050.SVKAI503.10,Gạch 50x50 MS SVKAI503 Loại 1,66,Chi nhánh Đà Nẵng UM,MIỀN TRUNG,1422,Viên,0.47400000000000003,0.47400000000000003,14.22,estimated,3000.0
38.L1.5050.SVKAI504.10,Gạch 50x50 MS SVKAI504 Loại 1,66,Chi nhánh Đà Nẵng UM,MIỀN TRUNG,1620,Viên,0.5399999999999999,0.5399999999999999,16.2,estimated,3000.0000000000005
38.L1.5050.SVKAI505.10,Gạch 50x50 MS SVKAI505 Loại 1,66,Chi nhánh Đà Nẵng UM,MIỀN TRUNG,1029,Viên,60.5,63.525000000000006,1905.7500000000002,increasing,17.00826446280992
38.L1.5050.SVKAI506.10,Gạch 50x50 MS SVKAI506 Loại 1,66,Chi nhánh Đà Nẵng UM,MIỀN TRUNG,1454,Viên,178.0,186.9,5607.0,increasing,8.168539325842696
39.L1.6060.UGG6006.100,Gạch 60x60 MS UGG6006 Loại 1,66,Chi nhánh Đà Nẵng UM,MIỀN TRUNG,3304,Viên,1.1013333333333333,1.1013333333333333,33.04,estimated,3000.0
39.L1.6060.USGM6005.98,Gạch 60x60 MS USGM6005 Loại 1,66,Chi nhánh Đà Nẵng UM,MIỀN TRUNG,1213,Viên,0.4043333333333334,0.4043333333333334,12.13,estimated,2999.9999999999995
39.L1.6060.USGM6006.100,Gạch 60x60 MS USGM6006 Loại 1,66,Chi nhánh Đà Nẵng UM,MIỀN TRUNG,700,Viên,0.23333333333333334,0.23333333333333334,7.0,estimated,3000.0
39.L1.6060.USGM6006.94,Gạch 60x60 MS USGM6006 Loại 1,66,Chi nhánh Đà Nẵng UM,MIỀN TRUNG,11662,Viên,3.8873333333333333,3.8873333333333333,116.62,estimated,3000.0
39.L1.6060.USGM6007.100,Gạch 60x60 MS USGM6007 Loại 1,66,Chi nhánh Đà Nẵng UM,MIỀN TRUNG,1736,Viên,0.5786666666666667,0.5786666666666667,17.36,estimated,3000.0
39.L1.6060.USGM6007.102,Gạch 60x60 MS USGM6007 Loại 1,66,Chi nhánh Đà Nẵng UM,MIỀN TRUNG,1512,Viên,0.504,0.504,15.120000000000001,estimated,3000.0
39.L1.6060.USGM6008.100,Gạch 60x60 MS USGM6008 Loại 1,66,Chi nhánh Đà Nẵng UM,MIỀN TRUNG,919,Viên,0.3063333333333333,0.3063333333333333,9.19,estimated,3000.0000000000005
39.L1.6060.USGM6008.96,Gạch 60x60 MS USGM6008 Loại 1,66,Chi nhánh Đà Nẵng UM,MIỀN TRUNG,1274,Viên,0.4246666666666667,0.4246666666666667,12.74,estimated,3000.0
41.L1.3060.M3101.5,Gạch 30x60 MS M3101 Loại 1,66,Chi nhánh Đà Nẵng UM,MIỀN TRUNG,1701,Viên,153.6,161.28,4838.4,increasing,11.07421875
41.L1.3060.M3101.6,Gạch 30x60 MS M3101 Loại 1,66,Chi nhánh Đà Nẵng UM,MIỀN TRUNG,5887,Viên,1.9623333333333335,1.9623333333333335,58.870000000000005,estimated,2999.9999999999995
41.L1.3060.M3102.5,Gạch 30x60 MS M3102 Loại 1,66,Chi nhánh Đà Nẵng UM,MIỀN TRUNG,476,Viên,0.15866666666666665,0.15866666666666665,4.76,estimated,3000.0000000000005
41.L1.3060.M3103.5,Gạch 30x60 MS M3103 Loại 1,66,Chi nhánh Đà Nẵng UM,MIỀN TRUNG,3926,Viên,1.3086666666666666,1.3086666666666666,39.26,estimated,3000.0
41.L1.3060.M3104.5,Gạch 30x60 MS M3104 Loại 1,66,Chi nhánh Đà Nẵng UM,MIỀN TRUNG,1534,Viên,0.5113333333333333,0.5113333333333333,15.34,estimated,3000.0
41.L1.3060.M3105.5,Gạch 30x60 MS M3105 Loại 1,66,Chi nhánh Đà Nẵng UM,MIỀN TRUNG,551,Viên,0.18366666666666667,0.18366666666666667,5.51,estimated,3000.0
41.L1.3060.M3106.5,Gạch 30x60 MS M3106 Loại 1,66,Chi nhánh Đà Nẵng UM,MIỀN TRUNG,610,Viên,0.20333333333333334,0.20333333333333334,6.1000000000000005,estimated,3000.0
41.L1.3060.M3107.5,Gạch 30x60 MS M3107 Loại 1,66,Chi nhánh Đà Nẵng UM,MIỀN TRUNG,1170,Viên,7.0,6.6499999999999995,199.49999999999997,decreasing,167.14285714285714
41.L1.3060.M3108.5,Gạch 30x60 MS M3108 Loại 1,66,Chi nhánh Đà Nẵng UM,MIỀN TRUNG,2746,Viên,0.9153333333333333,0.9153333333333333,27.46,estimated,3000.0
41.L1.3060.M3201.5,Gạch 30x60 MS M3201 Loại 1,66,Chi nhánh Đà Nẵng UM,MIỀN TRUNG,270,Viên,0.1,0.1,3.0,estimated,2700.0
41.L1.3060.M3203.5,Gạch 30x60 MS M3203 Loại 1,66,Chi nhánh Đà Nẵng UM,MIỀN TRUNG,216,Viên,0.1,0.1,3.0,estimated,2160.0
41.L1.3060.M3205.5,Gạch 30x60 MS M3205 Loại 1,66,Chi nhánh Đà Nẵng UM,MIỀN TRUNG,140,Viên,0.1,0.1,3.0,estimated,1400.0
41.L1.3060.M3207.5,Gạch 30x60 MS M3207 Loại 1,66,Chi nhánh Đà Nẵng UM,MIỀN TRUNG,651,Viên,0.217,0.217,6.51,estimated,3000.0
41.L1.3060.U3103.5,Gạch 30x60 MS U3103 Loại 1,66,Chi nhánh Đà Nẵng UM,MIỀN TRUNG,1708,Viên,0.5693333333333334,0.5693333333333334,17.080000000000002,estimated,3000.0
41.L1.4080.M4101.5,Gạch 40x80 MS M4101 Loại 1 6 Viên,66,Chi nhánh Đà Nẵng UM,MIỀN TRUNG,2600,Viên,0.8666666666666667,0.8666666666666667,26.0,estimated,3000.0
41.L1.4080.M4102.5,Gạch 40x80 MS M4102 Loại 1 6 Viên,66,Chi nhánh Đà Nẵng UM,MIỀN TRUNG,1038,Viên,0.34600000000000003,0.34600000000000003,10.38,estimated,2999.9999999999995
41.L1.4080.M4103.5,Gạch 40x80 MS M4103 Loại 1 6 Viên,66,Chi nhánh Đà Nẵng UM,MIỀN TRUNG,2522,Viên,0.8406666666666667,0.8406666666666667,25.22,estimated,3000.0
41.L1.4080.M4104.5,Gạch 40x80 MS M4104 Loại 1 6 Viên,66,Chi nhánh Đà Nẵng UM,MIỀN TRUNG,509,Viên,0.16966666666666666,0.16966666666666666,5.09,estimated,3000.0
41.L1.4080.M4201.5,Gạch 40x80 MS M4201 Loại 1 6 Viên,66,Chi nhánh Đà Nẵng UM,MIỀN TRUNG,504,Viên,0.168,0.168,5.04,estimated,3000.0
41.L1.4080.M4203.5,Gạch 40x80 MS M4203 Loại 1 6 Viên,66,Chi nhánh Đà Nẵng UM,MIỀN TRUNG,703,Viên,15.0,15.0,450.0,stable,46.86666666666667
41.L1.5050.M5102.4,Gạch 50x50 MS M5102 Loại 1,66,Chi nhánh Đà Nẵng UM,MIỀN TRUNG,980,Viên,0.3266666666666667,0.3266666666666667,9.8,estimated,2999.9999999999995
41.L1.5050.M5102.5,Gạch 50x50 MS M5102 Loại 1,66,Chi nhánh Đà Nẵng UM,MIỀN TRUNG,1699,Viên,101.0,101.0,3030.0,stable,16.821782178217823
41.L1.5050.M5102.6,Gạch 50x50 MS M5102 Loại 1,66,Chi nhánh Đà Nẵng UM,MIỀN TRUNG,2111,Viên,66.0,66.0,1980.0,stable,31.984848484848484
41.L1.5050.M5103.4,Gạch 50x50 MS M5103 Loại 1,66,Chi nhánh Đà Nẵng UM,MIỀN TRUNG,2244,Viên,0.748,0.748,22.44,estimated,3000.0
41.L1.5050.M5103.5,Gạch 50x50 MS M5103 Loại 1,66,Chi nhánh Đà Nẵng UM,MIỀN TRUNG,1776,Viên,125.2,131.46,3943.8,increasing,14.185303514376997
41.L1.5050.M5104.5,Gạch 50x50 MS M5104 Loại 1,66,Chi nhánh Đà Nẵng UM,MIỀN TRUNG,1242,Viên,9.0,9.0,270.0,stable,138.0
41.L1.5050.M5105.5,Gạch 50x50 MS M5105 Loại 1,66,Chi nhánh Đà Nẵng UM,MIỀN TRUNG,1339,Viên,69.0,72.45,2173.5,increasing,19.405797101449274
41.L1.5050.M5105.6,Gạch 50x50 MS M5105 Loại 1,66,Chi nhánh Đà Nẵng UM,MIỀN TRUNG,3729,Viên,118.0,112.1,3363.0,decreasing,31.60169491525424
41.L1.5050.M5151.5,Gạch 50x50 MS M5151 Loại 1,66,Chi nhánh Đà Nẵng UM,MIỀN TRUNG,1131,Viên,144.0,136.79999999999998,4103.999999999999,decreasing,7.854166666666667
41.L1.5050.M5152.4,Gạch 50x50 MS M5152 Loại 1,66,Chi nhánh Đà Nẵng UM,MIỀN TRUNG,1640,Viên,0.5466666666666666,0.5466666666666666,16.4,estimated,3000.0
41.L1.5050.M5152.5,Gạch 50x50 MS M5152 Loại 1,66,Chi nhánh Đà Nẵng UM,MIỀN TRUNG,950,Viên,0.31666666666666665,0.31666666666666665,9.5,estimated,3000.0
41.L1.5050.M5153.5,Gạch 50x50 MS M5153 Loại 1,66,Chi nhánh Đà Nẵng UM,MIỀN TRUNG,4357,Viên,5.333333333333333,21.333333333333332,640.0,increasing,816.9375
41.L1.5050.M5153.6,Gạch 50x50 MS M5153 Loại 1,66,Chi nhánh Đà Nẵng UM,MIỀN TRUNG,12593,Viên,4.197666666666667,4.197666666666667,125.93,estimated,3000.0
41.L1.5050.M5154.5,Gạch 50x50 MS M5154 Loại 1,66,Chi nhánh Đà Nẵng UM,MIỀN TRUNG,804,Viên,54.0,54.0,1620.0,stable,14.88888888888889
41.L1.5050.M5155.4,Gạch 50x50 MS M5155 Loại 1,66,Chi nhánh Đà Nẵng UM,MIỀN TRUNG,11340,Viên,3.7800000000000002,3.7800000000000002,113.4,estimated,3000.0
41.L1.5050.M5155.5,Gạch 50x50 MS M5155 Loại 1,66,Chi nhánh Đà Nẵng UM,MIỀN TRUNG,829,Viên,0.2763333333333334,0.2763333333333334,8.290000000000001,estimated,2999.9999999999995
41.L1.5050.M5155.6,Gạch 50x50 MS M5155 Loại 1,66,Chi nhánh Đà Nẵng UM,MIỀN TRUNG,3987,Viên,417.2,396.34,11890.199999999999,decreasing,9.556567593480345
41.L1.5050.M5190.5,Gạch 50x50 MS M5190 Loại 1,66,Chi nhánh Đà Nẵng UM,MIỀN TRUNG,4214,Viên,234.4,222.68,6680.400000000001,decreasing,17.977815699658702
41.L1.5050.M5191.5,Gạch 50x50 MS M5191 Loại 1,66,Chi nhánh Đà Nẵng UM,MIỀN TRUNG,364,Viên,0.12133333333333333,0.12133333333333333,3.64,estimated,3000.0
41.L1.5050.M5192.5,Gạch 50x50 MS M5192 Loại 1,66,Chi nhánh Đà Nẵng UM,MIỀN TRUNG,3710,Viên,1.2366666666666668,1.2366666666666668,37.1,estimated,2999.9999999999995
41.L1.5050.M5193.5,Gạch 50x50 MS M5193 Loại 1,66,Chi nhánh Đà Nẵng UM,MIỀN TRUNG,1055,Viên,0.3516666666666667,0.3516666666666667,10.55,estimated,3000.0
41.L1.6060.AM6153.4,Gạch 60x60 MS AM6153 Loại 1 5 Viên,66,Chi nhánh Đà Nẵng UM,MIỀN TRUNG,1407,Viên,0.46900000000000003,0.46900000000000003,14.07,estimated,3000.0
41.L1.6060.AM6154.6,Gạch 60x60 MS AM6154 Loại 1 5 Viên,66,Chi nhánh Đà Nẵng UM,MIỀN TRUNG,1939,Viên,0.6463333333333333,0.6463333333333333,19.39,estimated,3000.0
41.L1.6060.AM6155.4,Gạch 60x60 MS AM6155 Loại 1 5 Viên,66,Chi nhánh Đà Nẵng UM,MIỀN TRUNG,3457,Viên,475.0,475.0,14250.0,stable,7.277894736842105
41.L1.6060.AM6156.4,Gạch 60x60 MS AM6156 Loại 1 5 Viên,66,Chi nhánh Đà Nẵng UM,MIỀN TRUNG,7000,Viên,2.3333333333333335,2.3333333333333335,70.0,estimated,3000.0
41.L1.6060.AM6156.7,Gạch 60x60 MS AM6156 Loại 1 5 Viên,66,Chi nhánh Đà Nẵng UM,MIỀN TRUNG,4993,Viên,1.6643333333333332,1.6643333333333332,49.93,estimated,3000.0
41.L1.6060.M6102.4,Gạch 60x60 MS M6102 loại 1,66,Chi nhánh Đà Nẵng UM,MIỀN TRUNG,1842,Viên,0.6140000000000001,0.6140000000000001,18.42,estimated,2999.9999999999995
41.L1.6060.M6102.5,Gạch 60x60 MS M6102 loại 1,66,Chi nhánh Đà Nẵng UM,MIỀN TRUNG,1172,Viên,0.39066666666666666,0.39066666666666666,11.72,estimated,3000.0
41.L1.6060.M6103.4,Gạch 60x60 MS M6103 loại 1,66,Chi nhánh Đà Nẵng UM,MIỀN TRUNG,812,Viên,46.0,46.0,1380.0,stable,17.652173913043477
41.L1.6060.M6103.5,Gạch 60x60 MS M6103 loại 1,66,Chi nhánh Đà Nẵng UM,MIỀN TRUNG,299,Viên,0.1,0.1,3.0,estimated,2990.0
41.L1.6060.M6105.4,Gạch 60x60 MS M6105 loại 1,66,Chi nhánh Đà Nẵng UM,MIỀN TRUNG,147,Viên,0.1,0.1,3.0,estimated,1470.0
41.L1.6060.M6105.5,Gạch 60x60 MS M6105 loại 1,66,Chi nhánh Đà Nẵng UM,MIỀN TRUNG,455,Viên,0.15166666666666667,0.15166666666666667,4.55,estimated,3000.0
41.L1.6060.M6106.5,Gạch 60x60 MS M6106 loại 1,66,Chi nhánh Đà Nẵng UM,MIỀN TRUNG,484,Viên,0.16133333333333333,0.16133333333333333,4.84,estimated,3000.0
41.L1.6060.M6151.4,Gạch 60x60 MS M6151 Loại 1,66,Chi nhánh Đà Nẵng UM,MIỀN TRUNG,1086,Viên,0.362,0.362,10.86,estimated,3000.0
41.L1.6060.M6151.5,Gạch 60x60 MS M6151 Loại 1,66,Chi nhánh Đà Nẵng UM,MIỀN TRUNG,5265,Viên,422.6666666666667,401.53333333333336,12046.0,decreasing,12.456624605678233
41.L1.6060.M6151.6,Gạch 60x60 MS M6151 Loại 1,66,Chi nhánh Đà Nẵng UM,MIỀN TRUNG,1100,Viên,0.36666666666666664,0.36666666666666664,11.0,estimated,3000.0
41.L1.6060.M6151.8,Gạch 60x60 MS M6151 Loại 1,66,Chi nhánh Đà Nẵng UM,MIỀN TRUNG,3967,Viên,1.3223333333333334,1.3223333333333334,39.67,estimated,3000.0
41.L1.6060.M6152.4,Gạch 60x60 MS M6152 Loại 1,66,Chi nhánh Đà Nẵng UM,MIỀN TRUNG,1416,Viên,208.5,208.5,6255.0,stable,6.7913669064748206
41.L1.6060.M6152.5,Gạch 60x60 MS M6152 Loại 1,66,Chi nhánh Đà Nẵng UM,MIỀN TRUNG,1328,Viên,0.4426666666666667,0.4426666666666667,13.280000000000001,estimated,2999.9999999999995
41.L1.6060.M6152.6,Gạch 60x60 MS M6152 Loại 1,66,Chi nhánh Đà Nẵng UM,MIỀN TRUNG,1122,Viên,111.0,111.0,3330.0,stable,10.108108108108109
41.L1.6060.M6153.3,Gạch 60x60 MS M6153 Loại 1,66,Chi nhánh Đà Nẵng UM,MIỀN TRUNG,1950,Viên,0.65,0.65,19.5,estimated,3000.0
41.L1.6060.M6153.4,Gạch 60x60 MS M6153 Loại 1,66,Chi nhánh Đà Nẵng UM,MIỀN TRUNG,2546,Viên,0.8486666666666667,0.8486666666666667,25.46,estimated,3000.0
41.L1.6060.M6154.4,Gạch 60x60 MS M6154 Loại 1,66,Chi nhánh Đà Nẵng UM,MIỀN TRUNG,3718,Viên,1.2393333333333334,1.2393333333333334,37.18,estimated,3000.0
41.L1.6060.M6154.6,Gạch 60x60 MS M6154 Loại 1,66,Chi nhánh Đà Nẵng UM,MIỀN TRUNG,1909,Viên,144.0,144.0,4320.0,stable,13.256944444444445
41.L1.6060.M6154.7,Gạch 60x60 MS M6154 Loại 1,66,Chi nhánh Đà Nẵng UM,MIỀN TRUNG,3383,Viên,1.1276666666666666,1.1276666666666666,33.83,estimated,3000.0
41.L1.6060.M6155.5,Gạch 60x60 MS M6155 Loại 1,66,Chi nhánh Đà Nẵng UM,MIỀN TRUNG,1170,Viên,0.39,0.39,11.700000000000001,estimated,3000.0
41.L1.6060.M6156.5,Gạch 60x60 MS M6156 Loại 1,66,Chi nhánh Đà Nẵng UM,MIỀN TRUNG,1145,Viên,0.3816666666666667,0.3816666666666667,11.450000000000001,estimated,2999.9999999999995
41.L1.6060.M6156.6,Gạch 60x60 MS M6156 Loại 1,66,Chi nhánh Đà Nẵng UM,MIỀN TRUNG,2968,Viên,0.9893333333333333,0.9893333333333333,29.68,estimated,3000.0
41.L1.6060.M6156.7,Gạch 60x60 MS M6156 Loại 1,66,Chi nhánh Đà Nẵng UM,MIỀN TRUNG,6720,Viên,2.24,2.24,67.2,estimated,2999.9999999999995
41.L1.6060.M6157.5,Gạch 60x60 MS M6157 Loại 1,66,Chi nhánh Đà Nẵng UM,MIỀN TRUNG,3943,Viên,1.3143333333333334,1.3143333333333334,39.43,estimated,3000.0
46.L1.4080.USC4806.1,Gạch 40x80 MS USC4806 Loại 1,66,Chi nhánh Đà Nẵng UM,MIỀN TRUNG,1631,Viên,69.75,73.2375,2197.125,increasing,23.38351254480287
46.L1.4080.USC4806V.1,Gạch 40x80 MS USC4806V Loại 1,66,Chi nhánh Đà Nẵng UM,MIỀN TRUNG,507,Viên,0.169,0.169,5.07,estimated,3000.0
46.L1.4080.USC4808.1,Gạch 40x80 MS USC4808 Loại 1,66,Chi nhánh Đà Nẵng UM,MIỀN TRUNG,1113,Viên,51.5,51.5,1545.0,stable,21.611650485436893
46.L1.4080.USC4808D.1,Gạch 40x80 MS USC4808D Loại 1,66,Chi nhánh Đà Nẵng UM,MIỀN TRUNG,84,Viên,0.1,0.1,3.0,estimated,840.0
46.L1.4080.USC4808V.1,Gạch 40x80 MS USC4808V Loại 1,66,Chi nhánh Đà Nẵng UM,MIỀN TRUNG,247,Viên,17.0,17.0,510.0,stable,14.529411764705882
00.KCB.100.NS,Ke Cân Bằng NS  1 mm,115,Chi nhánh Đà Nẵng UC,MIỀN TRUNG,70,Kg,0.1,0.1,3.0,estimated,700.0
00.KCB.150.NS,Ke Cân Bằng NS  1.5 mm,115,Chi nhánh Đà Nẵng UC,MIỀN TRUNG,64,Kg,0.1,0.1,3.0,estimated,640.0
00.KCT.100.NS,Ke Chữ Thập NS 1 mm,115,Chi nhánh Đà Nẵng UC,MIỀN TRUNG,23,Kg,0.1,0.1,3.0,estimated,230.0
00.KCT.150.NS,Ke Chữ Thập NS 1.5 mm,115,Chi nhánh Đà Nẵng UC,MIỀN TRUNG,20,Kg,0.1,0.1,3.0,estimated,200.0
00.KCT.200.NS,Ke Chữ Thập NS 2 mm,115,Chi nhánh Đà Nẵng UC,MIỀN TRUNG,21,Kg,0.1,0.1,3.0,estimated,210.0
00.KIM.01,Kìm Bấm Nêm,115,Chi nhánh Đà Nẵng UC,MIỀN TRUNG,37,Cái,0.1,0.1,3.0,estimated,370.0
00.NEM.TS,Nêm Cân Bằng,115,Chi nhánh Đà Nẵng UC,MIỀN TRUNG,31,Kg,0.1,0.1,3.0,estimated,310.0
21.C100.DG.UNISET.00,Keo dán gạch UniSet C1 Xám,115,Chi nhánh Đà Nẵng UC,MIỀN TRUNG,4168,Kg,1.3893333333333333,1.3893333333333333,41.68,estimated,3000.0
21.CT.PLANISEAL288.25,Chống thấm Planiseal 288 25kg (Bột +Nước),115,Chi nhánh Đà Nẵng UC,MIỀN TRUNG,28,Bộ,0.1,0.1,3.0,estimated,280.0
21.PG.MAPELATEXVN.5,Phụ gia Mapelatex VN 5 kg,115,Chi nhánh Đà Nẵng UC,MIỀN TRUNG,192,Kg,0.1,0.1,3.0,estimated,1920.0
22.C100.DG.UC-PRO.00,Keo dán gạch KKS Unichemi Pro C1 bao bì cũ,115,Chi nhánh Đà Nẵng UC,MIỀN TRUNG,10780,Kg,1137.5,1137.5,34125.0,stable,9.476923076923077
22.C100.DG.UNICHEMI.00,Keo dán gạch KKS Unichemi C1,115,Chi nhánh Đà Nẵng UC,MIỀN TRUNG,5443,Kg,600.0,570.0,17100.0,decreasing,9.071666666666667
37.C1T0.DG.VNS-PLUS.00,Keo dán gạch VINASTAR PLUS C1T Xám,115,Chi nhánh Đà Nẵng UC,MIỀN TRUNG,2829,Kg,0.943,0.943,28.29,estimated,3000.0
37.CG2A.CR.VINASTAR.00,Bột trét VINASTAR CG2A Trắng,115,Chi nhánh Đà Nẵng UC,MIỀN TRUNG,928,Kg,0.3093333333333333,0.3093333333333333,9.28,estimated,3000.0000000000005
42.HC.A300FUS.TRONG,Keo Silicone Fusion A300 Trong,115,Chi nhánh Đà Nẵng UC,MIỀN TRUNG,271,Chai,0.1,0.1,3.0,estimated,2710.0
42.HC.A500FUS.TRANG,Keo Silicone Fusion A500 Trắng,115,Chi nhánh Đà Nẵng UC,MIỀN TRUNG,70,Chai,0.1,0.1,3.0,estimated,700.0
42.HC.A500FUS.TRONG,Keo Silicone Fusion A500 Trong,115,Chi nhánh Đà Nẵng UC,MIỀN TRUNG,70,Chai,0.1,0.1,3.0,estimated,700.0
