Mã Sản Phẩm,Mã Chi Nhánh,Chi Nhánh,Khu Vực,Tên Sản Phẩm,Tồn Kho Hiện Tại,Trung Bình daily_demand,Forecast Demand 30d,Tồn Kho An Toàn,Điểm Đặt Hàng Lại,Eoq,Expected Stock After 30d,Action,Priority,Quantity Needed,Unit
00.KCB.100.NS,1,Chi nhánh Đà Nẵng UN,MIỀN TRUNG,Ke Cân Bằng NS  1 mm,56,0.1,3.000000000000001,0.13055620920048613,0.8305562092004862,38.2099463490856,53.0,OK,LOW,0.0,Kg
00.KCB.150.NS,1,Chi nhánh Đà Nẵng UN,MIỀN TRUNG,Ke Cân Bằng NS  1.5 mm,36,0.1,3.000000000000001,0.13055620920048613,0.8305562092004862,38.2099463490856,33.0,OK,LOW,0.0,Kg
00.KCB.200.NS,1,Chi nhánh Đà Nẵng UN,MIỀN TRUNG,Ke Cân Bằng NS  2.0 mm,140,0.1,3.000000000000001,0.13055620920048613,0.8305562092004862,38.2099463490856,137.0,SURPLUS,LOW,0.0,Kg
00.KCT.100.NS,1,Chi nhánh Đà Nẵng UN,MIỀN TRUNG,Ke Chữ Thập NS 1 mm,23,0.1,3.000000000000001,0.13055620920048613,0.8305562092004862,38.2099463490856,20.0,OK,LOW,0.0,Kg
00.KCT.150.NS,1,Chi nhánh Đà Nẵng UN,MIỀN TRUNG,Ke Chữ Thập NS 1.5 mm,18,0.1,3.000000000000001,0.13055620920048613,0.8305562092004862,38.2099463490856,15.0,OK,LOW,0.0,Kg
00.KCT.200.NS,1,Chi nhánh Đà Nẵng UN,MIỀN TRUNG,Ke Chữ Thập NS 2 mm,19,0.1,3.000000000000001,0.13055620920048613,0.8305562092004862,38.2099463490856,16.0,OK,LOW,0.0,Kg
00.KIM.01,1,Chi nhánh Đà Nẵng UN,MIỀN TRUNG,Kìm Bấm Nêm,26,0.1,3.000000000000001,0.13055620920048613,0.8305562092004862,38.2099463490856,23.0,OK,LOW,0.0,Cái
00.NEM.TS,1,Chi nhánh Đà Nẵng UN,MIỀN TRUNG,Nêm Cân Bằng,23,0.1,3.000000000000001,0.13055620920048613,0.8305562092004862,38.2099463490856,20.0,OK,LOW,0.0,Kg
03.L1.14560.9532.5,1,Chi nhánh Đà Nẵng UN,MIỀN TRUNG,Gạch 14.5x60 MS 9532 Loại 1,1064,0.3546666666666667,10.64,0.4630393552977242,2.945706021964391,71.95924772628834,1053.36,SURPLUS,LOW,0.0,Viên
03.L1.14560.9551.4,1,Chi nhánh Đà Nẵng UN,MIỀN TRUNG,Gạch 14.5x60 MS 9551 Loại 1,1092,0.364,10.920000000000005,0.47522460148976947,3.0232246014897695,72.8999314128621,1081.08,SURPLUS,LOW,0.0,Viên
03.L1.3030.6372.6,1,Chi nhánh Đà Nẵng UN,MIỀN TRUNG,Gạch 30x30 MS 6372 Loại 1,704,0.23466666666666666,7.039999999999999,0.3063719042571408,1.9490385709238076,58.53318147284781,696.96,SURPLUS,LOW,0.0,Viên
03.L1.3060.7104.9,1,Chi nhánh Đà Nẵng UN,MIỀN TRUNG,Gạch 30x60 MS 7104 Loại 1,11559,3.853,115.58999999999997,5.0303307404947315,32.00133074049473,237.17883548074016,11443.41,SURPLUS,LOW,0.0,Viên
03.L1.3060.7105.5,1,Chi nhánh Đà Nẵng UN,MIỀN TRUNG,Gạch 30x60 MS 7105 Loại 1,924,0.308,9.239999999999998,0.4021131243374973,2.5581131243374973,67.05818369147795,914.76,SURPLUS,LOW,0.0,Viên
03.L1.3060.7106.4,1,Chi nhánh Đà Nẵng UN,MIỀN TRUNG,Gạch 30x60 MS 7106 Loại 1,2058,0.686,20.580000000000002,0.895615595115335,5.6976155951153356,100.07796960370449,2037.42,SURPLUS,LOW,0.0,Viên
03.L1.3060.7107.5,1,Chi nhánh Đà Nẵng UN,MIỀN TRUNG,Gạch 30x60 MS 7107 Loại 1,1554,0.518,15.540000000000004,0.6762811636585182,4.3022811636585185,86.96436051624826,1538.46,SURPLUS,LOW,0.0,Viên
03.L1.3060.7107.8,1,Chi nhánh Đà Nẵng UN,MIỀN TRUNG,Gạch 30x60 MS 7107 Loại 1,6720,2.24,67.2,2.9244590860908897,18.60445908609089,180.84247288731703,6652.8,SURPLUS,LOW,0.0,Viên
03.L1.3060.7108.5,1,Chi nhánh Đà Nẵng UN,MIỀN TRUNG,Gạch 30x60 MS 7108 Loại 1,2562,0.854,25.619999999999994,1.1149500265721515,7.092950026572151,111.66198995181843,2536.38,SURPLUS,LOW,0.0,Viên
03.L1.3060.7109.5,1,Chi nhánh Đà Nẵng UN,MIỀN TRUNG,Gạch 30x60 MS 7109 Loại 1,245,0.1,3.000000000000001,0.13055620920048613,0.8305562092004862,38.2099463490856,242.0,SURPLUS,LOW,0.0,Viên
03.L1.3060.7109.8,1,Chi nhánh Đà Nẵng UN,MIỀN TRUNG,Gạch 30x60 MS 7109 Loại 1,19936,6.645333333333334,199.35999999999999,8.675895288736307,55.19322862206965,311.4833328874383,19736.64,SURPLUS,LOW,0.0,Viên
03.L1.3060.7114.3,1,Chi nhánh Đà Nẵng UN,MIỀN TRUNG,Gạch 30x60 MS 7114 Loại 1,1162,0.38733333333333336,11.620000000000006,0.505687716969883,3.2170210503032166,75.20017730475551,1150.3799999999999,SURPLUS,LOW,0.0,Viên
03.L1.3060.7115.5,1,Chi nhánh Đà Nẵng UN,MIỀN TRUNG,Gạch 30x60 MS 7115 Loại 1,238,0.1,3.000000000000001,0.13055620920048613,0.8305562092004862,38.2099463490856,235.0,SURPLUS,LOW,0.0,Viên
03.L1.3060.7116.5,1,Chi nhánh Đà Nẵng UN,MIỀN TRUNG,Gạch 30x60 MS 7116 Loại 1,280,0.1,3.000000000000001,0.13055620920048613,0.8305562092004862,38.2099463490856,277.0,SURPLUS,LOW,0.0,Viên
03.L1.3060.7121.3,1,Chi nhánh Đà Nẵng UN,MIỀN TRUNG,Gạch 30x60 MS 7121 Loại 1,644,0.21466666666666667,6.440000000000002,0.2802606624170436,1.7829273290837104,55.98333085243619,637.56,SURPLUS,LOW,0.0,Viên
03.L1.3060.7121.8,1,Chi nhánh Đà Nẵng UN,MIỀN TRUNG,Gạch 30x60 MS 7121 Loại 1,1358,0.45266666666666666,13.580000000000005,0.5909844403142006,3.7596511069808676,81.29534632027428,1344.42,SURPLUS,LOW,0.0,Viên
03.L1.3060.7122.4,1,Chi nhánh Đà Nẵng UN,MIỀN TRUNG,Gạch 30x60 MS 7122 Loại 1,56,0.1,3.000000000000001,0.13055620920048613,0.8305562092004862,38.2099463490856,53.0,OK,LOW,0.0,Viên
03.L1.3060.7122.5,1,Chi nhánh Đà Nẵng UN,MIỀN TRUNG,Gạch 30x60 MS 7122 Loại 1,196,0.1,3.000000000000001,0.13055620920048613,0.8305562092004862,38.2099463490856,193.0,SURPLUS,LOW,0.0,Viên
03.L1.3060.7122.7,1,Chi nhánh Đà Nẵng UN,MIỀN TRUNG,Gạch 30x60 MS 7122 Loại 1,541,0.18033333333333335,5.410000000000001,0.23543636392487668,1.49776969725821,51.3114672043849,535.59,SURPLUS,LOW,0.0,Viên
03.L1.3060.7123.1,1,Chi nhánh Đà Nẵng UN,MIỀN TRUNG,Gạch 30x60 MS 7123 Loại 1,469,0.15633333333333335,4.690000000000001,0.20410287371676003,1.2984362070500934,47.7751678873729,464.31,SURPLUS,LOW,0.0,Viên
03.L1.3060.7123.8,1,Chi nhánh Đà Nẵng UN,MIỀN TRUNG,Gạch 30x60 MS 7123 Loại 1,1827,0.609,18.270000000000003,0.7950873140309606,5.058087314030961,94.29422039552583,1808.73,SURPLUS,LOW,0.0,Viên
03.L1.3060.7347.7,1,Chi nhánh Đà Nẵng UN,MIỀN TRUNG,Gạch 30x60 MS 7347 Loại 1,3398,1.1326666666666667,33.98,1.4787666628775065,9.407433329544173,128.59600823250048,3364.02,SURPLUS,LOW,0.0,Viên
03.L1.3060.7348.6,1,Chi nhánh Đà Nẵng UN,MIỀN TRUNG,Gạch 30x60 MS 7348 Loại 1,194,0.1,3.000000000000001,0.13055620920048613,0.8305562092004862,38.2099463490856,191.0,SURPLUS,LOW,0.0,Viên
03.L1.3060.7349.4,1,Chi nhánh Đà Nẵng UN,MIỀN TRUNG,Gạch 30x60 MS 7349 Loại 1,1493,0.49766666666666665,14.930000000000003,0.6497347344544193,4.133401401121086,85.24044423472542,1478.07,SURPLUS,LOW,0.0,Viên
03.L1.3060.7349.9,1,Chi nhánh Đà Nẵng UN,MIỀN TRUNG,Gạch 30x60 MS 7349 Loại 1,112,0.1,3.000000000000001,0.13055620920048613,0.8305562092004862,38.2099463490856,109.0,SURPLUS,LOW,0.0,Viên
03.L1.3060.7401.7,1,Chi nhánh Đà Nẵng UN,MIỀN TRUNG,Gạch 30x60 MS 7401 Loại 1,11564,3.8546666666666667,115.64000000000004,5.032506677314739,32.0151733439814,237.23012737283884,11448.36,SURPLUS,LOW,0.0,Viên
03.L1.3060.7404.5,1,Chi nhánh Đà Nẵng UN,MIỀN TRUNG,Gạch 30x60 MS 7404 Loại 1,6781,2.2603333333333335,67.81000000000002,2.951005515294989,18.773338848628324,181.66140665167896,6713.19,SURPLUS,LOW,0.0,Viên
03.L1.3060.7524.3,1,Chi nhánh Đà Nẵng UN,MIỀN TRUNG,Gạch 30x60 MS 7524 Loại 1,8442,2.814,84.41999999999996,3.6738517269016797,23.37185172690168,202.69287111292297,8357.58,SURPLUS,LOW,0.0,Viên
03.L1.3060.7524.4,1,Chi nhánh Đà Nẵng UN,MIỀN TRUNG,Gạch 30x60 MS 7524 Loại 1,14994,4.998,149.93999999999997,6.5251993358402975,41.5111993358403,270.13107929299804,14844.06,SURPLUS,LOW,0.0,Viên
03.L1.3060.7527.2,1,Chi nhánh Đà Nẵng UN,MIỀN TRUNG,Gạch 30x60 MS 7527 Loại 1,10038,3.3459999999999996,100.38000000000001,4.368410759848266,27.790410759848264,221.02398059939108,9937.62,SURPLUS,LOW,0.0,Viên
03.L1.3060.7529.2,1,Chi nhánh Đà Nẵng UN,MIỀN TRUNG,Gạch 30x60 MS 7529 Loại 1,4102,1.3673333333333335,41.02000000000001,1.7851385671346474,11.356471900467982,141.29071684532803,4060.98,SURPLUS,LOW,0.0,Viên
03.L1.3060.7611.7,1,Chi nhánh Đà Nẵng UN,MIỀN TRUNG,Gạch 30x60 MS 7611 Loại 1,865,0.28833333333333333,8.65,0.3764370698614017,2.394770403194735,64.88194407280554,856.35,SURPLUS,LOW,0.0,Viên
03.L1.3060.7611.8,1,Chi nhánh Đà Nẵng UN,MIỀN TRUNG,Gạch 30x60 MS 7611 Loại 1,1568,0.5226666666666666,15.679999999999994,0.6823737867545407,4.341040453421207,87.35521354408867,1552.32,SURPLUS,LOW,0.0,Viên
03.L1.3060.7613.2,1,Chi nhánh Đà Nẵng UN,MIỀN TRUNG,Gạch 30x60 MS 7613 Loại 1,756,0.252,7.559999999999999,0.32900164718522507,2.093001647185225,60.65640938928053,748.44,SURPLUS,LOW,0.0,Viên
03.L1.3060.7613.7,1,Chi nhánh Đà Nẵng UN,MIỀN TRUNG,Gạch 30x60 MS 7613 Loại 1,2646,0.882,26.460000000000008,1.1515057651482878,7.325505765148288,113.47775112329289,2619.54,SURPLUS,LOW,0.0,Viên
03.L1.3060.7614.1,1,Chi nhánh Đà Nẵng UN,MIỀN TRUNG,Gạch 30x60 MS 7614 Loại 1,2002,0.6673333333333333,20.01999999999999,0.8712451027312441,5.542578436064577,98.7069737489032,1981.98,SURPLUS,LOW,0.0,Viên
03.L1.3060.7614.8,1,Chi nhánh Đà Nẵng UN,MIỀN TRUNG,Gạch 30x60 MS 7614 Loại 1,406,0.13533333333333336,4.060000000000001,0.17668606978465795,1.1240194031179915,44.45072177891679,401.94,SURPLUS,LOW,0.0,Viên
03.L1.3060.7615.9,1,Chi nhánh Đà Nẵng UN,MIỀN TRUNG,Gạch 30x60 MS 7615 Loại 1,336,0.112,3.3600000000000008,0.14622295430454446,0.9302229543045445,40.43760625952036,332.64,SURPLUS,LOW,0.0,Viên
03.L1.3060.7616.1,1,Chi nhánh Đà Nẵng UN,MIỀN TRUNG,Gạch 30x60 MS 7616 Loại 1,2478,0.8260000000000001,24.780000000000005,1.0783942879960156,6.860394287996016,109.81621009668837,2453.22,SURPLUS,LOW,0.0,Viên
03.L1.3060.7627.5,1,Chi nhánh Đà Nẵng UN,MIỀN TRUNG,Gạch 30x60 MS 7627 Loại 1,26880,8.96,268.8,11.697836344363559,74.41783634436356,361.68494577463406,26611.2,SURPLUS,LOW,0.0,Viên
03.L1.3060.7628.5,1,Chi nhánh Đà Nẵng UN,MIỀN TRUNG,Gạch 30x60 MS 7628 Loại 1,644,0.21466666666666667,6.440000000000002,0.2802606624170436,1.7829273290837104,55.98333085243619,637.56,SURPLUS,LOW,0.0,Viên
03.L1.3060.7630.5,1,Chi nhánh Đà Nẵng UN,MIỀN TRUNG,Gạch 30x60 MS 7630 Loại 1,11648,3.8826666666666667,116.47999999999999,5.069062415890876,32.24772908255754,238.0901789938706,11531.52,SURPLUS,LOW,0.0,Viên
03.L1.3060.7635.6,1,Chi nhánh Đà Nẵng UN,MIỀN TRUNG,Gạch 30x60 MS 7635 Loại 1,224,0.1,3.000000000000001,0.13055620920048613,0.8305562092004862,38.2099463490856,221.0,SURPLUS,LOW,0.0,Viên
03.L1.3060.7636.6,1,Chi nhánh Đà Nẵng UN,MIỀN TRUNG,Gạch 30x60 MS 7636 Loại 1,224,0.1,3.000000000000001,0.13055620920048613,0.8305562092004862,38.2099463490856,221.0,SURPLUS,LOW,0.0,Viên
03.L1.3060.7637.5,1,Chi nhánh Đà Nẵng UN,MIỀN TRUNG,Gạch 30x60 MS 7637 Loại 1,1283,0.4276666666666667,12.830000000000004,0.5583453880140791,3.552012054680746,79.01856321987471,1270.17,SURPLUS,LOW,0.0,Viên
03.L1.3060.7637.6,1,Chi nhánh Đà Nẵng UN,MIỀN TRUNG,Gạch 30x60 MS 7637 Loại 1,2158,0.7193333333333334,21.580000000000013,0.9391343315154971,5.974467664848831,102.48056726358743,2136.42,SURPLUS,LOW,0.0,Viên
03.L1.3060.7639.6,1,Chi nhánh Đà Nẵng UN,MIỀN TRUNG,Gạch 30x60 MS 7639 Loại 1,4914,1.6380000000000001,49.13999999999999,2.138510706703963,13.604510706703964,154.64410755020702,4864.86,SURPLUS,LOW,0.0,Viên
03.L1.4080.7701.1,1,Chi nhánh Đà Nẵng UN,MIỀN TRUNG,Gạch 40x80 MS 7701 Loại 1,210,0.1,3.000000000000001,0.13055620920048613,0.8305562092004862,38.2099463490856,207.0,SURPLUS,LOW,0.0,Viên
03.L1.4080.7701.8,1,Chi nhánh Đà Nẵng UN,MIỀN TRUNG,Gạch 40x80 MS 7701 Loại 1,934,0.31133333333333335,9.340000000000002,0.40646499797751356,2.5857983313108472,67.42007613957928,924.66,SURPLUS,LOW,0.0,Viên
03.L1.4080.7702.8,1,Chi nhánh Đà Nẵng UN,MIỀN TRUNG,Gạch 40x80 MS 7702 Loại 1,438,0.146,4.379999999999999,0.19061206543270975,1.2126120654327097,46.16925383845834,433.62,SURPLUS,LOW,0.0,Viên
03.L1.4080.7703.1,1,Chi nhánh Đà Nẵng UN,MIỀN TRUNG,Gạch 40x80 MS 7703 Loại 1,66,0.1,3.000000000000001,0.13055620920048613,0.8305562092004862,38.2099463490856,63.0,OK,LOW,0.0,Viên
03.L1.4080.7703.8,1,Chi nhánh Đà Nẵng UN,MIỀN TRUNG,Gạch 40x80 MS 7703 Loại 1,303,0.101,3.0300000000000002,0.131861771292491,0.8388617712924911,38.40052082980125,299.97,SURPLUS,LOW,0.0,Viên
03.L1.4080.7704.6,1,Chi nhánh Đà Nẵng UN,MIỀN TRUNG,Gạch 40x80 MS 7704 Loại 1,728,0.24266666666666667,7.279999999999999,0.31681640099317976,2.0154830676598463,59.52254474846765,720.72,SURPLUS,LOW,0.0,Viên
03.L1.4080.7705.5,1,Chi nhánh Đà Nẵng UN,MIỀN TRUNG,Gạch 40x80 MS 7705 Loại 1,784,0.2613333333333333,7.839999999999997,0.3411868933772704,2.1705202267106034,61.76946386902404,776.16,SURPLUS,LOW,0.0,Viên
03.L1.4080.7706.4,1,Chi nhánh Đà Nẵng UN,MIỀN TRUNG,Gạch 40x80 MS 7706 Loại 1,602,0.2006666666666667,6.020000000000001,0.26198279312897554,1.6666494597956423,54.12701112506891,595.98,SURPLUS,LOW,0.0,Viên
03.L1.4080.7711.4,1,Chi nhánh Đà Nẵng UN,MIỀN TRUNG,Gạch 40x80 MS 7711 Loại 1,952,0.3173333333333333,9.520000000000001,0.41429837052954266,2.6356317038628756,68.06663401892786,942.48,SURPLUS,LOW,0.0,Viên
03.L1.4080.7713.4,1,Chi nhánh Đà Nẵng UN,MIỀN TRUNG,Gạch 40x80 MS 7713 Loại 1,1988,0.6626666666666666,19.88,0.8651524796352215,5.503819146301888,98.36123897823437,1968.12,SURPLUS,LOW,0.0,Viên
03.L1.6060.8016.4,1,Chi nhánh Đà Nẵng UN,MIỀN TRUNG,Gạch 60x60 MS 8016 loại 1,840,0.28,8.4,0.3655573857613612,2.3255573857613614,63.93746945258312,831.6,SURPLUS,LOW,0.0,Viên
03.L1.6060.8021.3,1,Chi nhánh Đà Nẵng UN,MIỀN TRUNG,Gạch 60x60 MS 8021 loại 1,952,0.3173333333333333,9.520000000000001,0.41429837052954266,2.6356317038628756,68.06663401892786,942.48,SURPLUS,LOW,0.0,Viên
03.L1.6060.8024.6,1,Chi nhánh Đà Nẵng UN,MIỀN TRUNG,Gạch 60x60 MS 8024 loại 1,229,0.1,3.000000000000001,0.13055620920048613,0.8305562092004862,38.2099463490856,226.0,SURPLUS,LOW,0.0,Viên
03.L1.6060.8026.8,1,Chi nhánh Đà Nẵng UN,MIỀN TRUNG,Gạch 60x60 MS 8026 loại 1,392,0.13066666666666665,3.9199999999999986,0.1705934466886352,1.0852601133553017,43.677606772044335,388.08,SURPLUS,LOW,0.0,Viên
03.L1.6060.8044.3,1,Chi nhánh Đà Nẵng UN,MIỀN TRUNG,Gạch 60x60 MS 8044 loại 1,742,0.24733333333333332,7.420000000000002,0.3229090240892023,2.0542423574225355,60.09215145646448,734.58,SURPLUS,LOW,0.0,Viên
03.L1.6060.8045.1,1,Chi nhánh Đà Nẵng UN,MIỀN TRUNG,Gạch 60x60 MS 8045 loại 1,203,0.1,3.000000000000001,0.13055620920048613,0.8305562092004862,38.2099463490856,200.0,SURPLUS,LOW,0.0,Viên
03.L1.6060.8046.1,1,Chi nhánh Đà Nẵng UN,MIỀN TRUNG,Gạch 60x60 MS 8046 loại 1,2016,0.672,20.160000000000004,0.8773377258272669,5.581337725827267,99.05150175539995,1995.84,SURPLUS,LOW,0.0,Viên
03.L1.6060.8046.5,1,Chi nhánh Đà Nẵng UN,MIỀN TRUNG,Gạch 60x60 MS 8046 loại 1,98,0.1,3.000000000000001,0.13055620920048613,0.8305562092004862,38.2099463490856,95.0,SURPLUS,LOW,0.0,Viên
03.L1.6060.8050.3,1,Chi nhánh Đà Nẵng UN,MIỀN TRUNG,Gạch 60x60 MS 8050 loại 1,556,0.18533333333333335,5.5600000000000005,0.241964174384901,1.5392975077182345,52.01794562135905,550.44,SURPLUS,LOW,0.0,Viên
03.L1.6060.8050.4,1,Chi nhánh Đà Nẵng UN,MIỀN TRUNG,Gạch 60x60 MS 8050 loại 1,98,0.1,3.000000000000001,0.13055620920048613,0.8305562092004862,38.2099463490856,95.0,SURPLUS,LOW,0.0,Viên
03.L1.6060.8050.6,1,Chi nhánh Đà Nẵng UN,MIỀN TRUNG,Gạch 60x60 MS 8050 loại 1,625,0.20833333333333334,6.249999999999998,0.2719921025010128,1.7303254358343463,55.15130702591433,618.75,SURPLUS,LOW,0.0,Viên
03.L1.6060.8066.6,1,Chi nhánh Đà Nẵng UN,MIỀN TRUNG,Gạch 60x60 MS 8066 loại 1,692,0.23066666666666666,6.920000000000002,0.30114965588912135,1.915816322555788,58.03217498365311,685.08,SURPLUS,LOW,0.0,Viên
03.L1.6060.8067.3,1,Chi nhánh Đà Nẵng UN,MIỀN TRUNG,Gạch 60x60 MS 8067 loại 1,176,0.1,3.000000000000001,0.13055620920048613,0.8305562092004862,38.2099463490856,173.0,SURPLUS,LOW,0.0,Viên
03.L1.6060.8067.4,1,Chi nhánh Đà Nẵng UN,MIỀN TRUNG,Gạch 60x60 MS 8067 loại 1,2098,0.6993333333333334,20.97999999999999,0.9130230896753998,5.808356423008733,101.04586417398126,2077.02,SURPLUS,LOW,0.0,Viên
03.L1.6060.8067.8,1,Chi nhánh Đà Nẵng UN,MIỀN TRUNG,Gạch 60x60 MS 8067 loại 1,989,0.32966666666666666,9.889999999999999,0.4304003029976027,2.738066969664269,69.37674922719667,979.11,SURPLUS,LOW,0.0,Viên
03.L1.6060.8068.1,1,Chi nhánh Đà Nẵng UN,MIỀN TRUNG,Gạch 60x60 MS 8068 loại 1,448,0.14933333333333335,4.480000000000002,0.19496393907272597,1.2402972724060595,46.693325718636345,443.52,SURPLUS,LOW,0.0,Viên
03.L1.6060.8068.9,1,Chi nhánh Đà Nẵng UN,MIỀN TRUNG,Gạch 60x60 MS 8068 loại 1,593,0.19766666666666666,5.93,0.2580661068529609,1.6417327735196274,53.72088358667729,587.07,SURPLUS,LOW,0.0,Viên
03.L1.6060.8503.1,1,Chi nhánh Đà Nẵng UN,MIỀN TRUNG,Gạch 60x60 MS 8503 loại 1,203,0.1,3.000000000000001,0.13055620920048613,0.8305562092004862,38.2099463490856,200.0,SURPLUS,LOW,0.0,Viên
03.L1.6060.8503.2,1,Chi nhánh Đà Nẵng UN,MIỀN TRUNG,Gạch 60x60 MS 8503 loại 1,336,0.112,3.3600000000000008,0.14622295430454446,0.9302229543045445,40.43760625952036,332.64,SURPLUS,LOW,0.0,Viên
03.L1.6060.8504.6,1,Chi nhánh Đà Nẵng UN,MIỀN TRUNG,Gạch 60x60 MS 8504 loại 1,210,0.1,3.000000000000001,0.13055620920048613,0.8305562092004862,38.2099463490856,207.0,SURPLUS,LOW,0.0,Viên
03.L1.6060.8510.3,1,Chi nhánh Đà Nẵng UN,MIỀN TRUNG,Gạch 60x60 MS 8510 loại 1,238,0.1,3.000000000000001,0.13055620920048613,0.8305562092004862,38.2099463490856,235.0,SURPLUS,LOW,0.0,Viên
03.L1.8080.9002.9,1,Chi nhánh Đà Nẵng UN,MIỀN TRUNG,Gạch 80x80 MS 9002 loại 1,868,0.28933333333333333,8.68,0.3777426319534066,2.4030759652867397,64.9943587295595,859.32,SURPLUS,LOW,0.0,Viên
03.L2.3060.7638,1,Chi nhánh Đà Nẵng UN,MIỀN TRUNG,Gạch 30x60 MS 7638 Loại 2,518,0.17266666666666666,5.179999999999998,0.2254270545528394,1.434093721219506,50.208896953959595,512.82,SURPLUS,LOW,0.0,Viên
03.L2.3060.7639,1,Chi nhánh Đà Nẵng UN,MIỀN TRUNG,Gạch 30x60 MS 7639 Loại 2,1792,0.5973333333333334,17.92000000000001,0.7798557562909039,4.961189089624238,93.38665143727269,1774.08,SURPLUS,LOW,0.0,Viên
05.L1.1580.18401.I,1,Chi nhánh Đà Nẵng UN,MIỀN TRUNG,Gạch 15x80 MS 18401 Loại 1,476,0.15866666666666665,4.760000000000001,0.20714918526477133,1.3178158519314378,48.13037848732683,471.24,SURPLUS,LOW,0.0,Viên
05.L1.1580.18402.E,1,Chi nhánh Đà Nẵng UN,MIỀN TRUNG,Gạch 15x80 MS 18402 Loại 1,3710,1.2366666666666668,37.099999999999994,1.6145451204460122,10.27121178711268,134.3701355708676,3672.9,SURPLUS,LOW,0.0,Viên
05.L1.1580.18405.I,1,Chi nhánh Đà Nẵng UN,MIỀN TRUNG,Gạch 15x80 MS 18405 Loại 1,826,0.2753333333333333,8.26,0.3594647626653385,2.286798095998672,63.40241846070752,817.74,SURPLUS,LOW,0.0,Viên
05.L1.1580.18407.N,1,Chi nhánh Đà Nẵng UN,MIỀN TRUNG,Gạch 15x80 MS 18407 Loại 1,434,0.14466666666666667,4.34,0.1888713159767033,1.2015379826433699,45.9579517965426,429.66,SURPLUS,LOW,0.0,Viên
05.L1.1580.18409.I,1,Chi nhánh Đà Nẵng UN,MIỀN TRUNG,Gạch 15x80 MS 18409 Loại 1,2856,0.9520000000000001,28.560000000000013,1.2428951115886282,7.906895111588629,117.89486842097921,2827.44,SURPLUS,LOW,0.0,Viên
05.L1.6060.USG66001.I,1,Chi nhánh Đà Nẵng UN,MIỀN TRUNG,Gạch 60x60 MS USG66001 loại 1,1837,138.5,3947.2499999999986,882.1145171798701,1851.61451717987,1422.0056258679147,-2110.2499999999986,URGENT_RESTOCK,HIGH,1422.0056258679147,Viên
05.L1.6060.USG66002.I,1,Chi nhánh Đà Nẵng UN,MIỀN TRUNG,Gạch 60x60 MS USG66002 loại 1,1213,0.4043333333333334,12.130000000000003,0.5278822725339657,3.3582156058672994,76.83271872494599,1200.87,SURPLUS,LOW,0.0,Viên
05.L1.6060.USG66003.I,1,Chi nhánh Đà Nẵng UN,MIỀN TRUNG,Gạch 60x60 MS USG66003 loại 1,1077,0.359,10.77,0.46869679102974515,2.981696791029745,72.39751376946586,1066.23,SURPLUS,LOW,0.0,Viên
05.L1.6060.USG66004.I,1,Chi nhánh Đà Nẵng UN,MIỀN TRUNG,Gạch 60x60 MS USG66004 loại 1,830,0.27666666666666667,8.3,0.36120551212134505,2.297872178788012,63.555749805452955,821.7,SURPLUS,LOW,0.0,Viên
05.L1.8080.8682.G21,1,Chi nhánh Đà Nẵng UN,MIỀN TRUNG,Gạch 80x80 MS 8682 loại 1,2016,0.672,20.160000000000004,0.8773377258272669,5.581337725827267,99.05150175539995,1995.84,SURPLUS,LOW,0.0,Viên
05.L1.8080.8682.H,1,Chi nhánh Đà Nẵng UN,MIỀN TRUNG,Gạch 80x80 MS 8682 loại 1,140,0.1,3.000000000000001,0.13055620920048613,0.8305562092004862,38.2099463490856,137.0,SURPLUS,LOW,0.0,Viên
05.L1.8080.8683.E,1,Chi nhánh Đà Nẵng UN,MIỀN TRUNG,Gạch 80x80 MS 8683 loại 1,1111,0.3703333333333333,11.109999999999996,0.48349316140580034,3.0758264947391334,73.53139918882725,1099.89,SURPLUS,LOW,0.0,Viên
05.L1.8080.8684.H,1,Chi nhánh Đà Nẵng UN,MIỀN TRUNG,Gạch 80x80 MS 8684 loại 1,434,0.14466666666666667,4.34,0.1888713159767033,1.2015379826433699,45.9579517965426,429.66,SURPLUS,LOW,0.0,Viên
05.L1.8080.8685.G,1,Chi nhánh Đà Nẵng UN,MIỀN TRUNG,Gạch 80x80 MS 8685 loại 1,2576,0.8586666666666667,25.76000000000001,1.1210426496681745,7.131709316334842,111.96666170487238,2550.24,SURPLUS,LOW,0.0,Viên
05.L1.8080.8686.G22,1,Chi nhánh Đà Nẵng UN,MIỀN TRUNG,Gạch 80x80 MS 8686 loại 1,637,0.21233333333333335,6.370000000000001,0.2772143508690323,1.7635476842023659,55.67824230942161,630.63,SURPLUS,LOW,0.0,Viên
05.L1.8080.8686.L,1,Chi nhánh Đà Nẵng UN,MIỀN TRUNG,Gạch 80x80 MS 8686 loại 1,56,0.1,3.000000000000001,0.13055620920048613,0.8305562092004862,38.2099463490856,53.0,OK,LOW,0.0,Viên
05.L1.8080.8693.H,1,Chi nhánh Đà Nẵng UN,MIỀN TRUNG,Gạch 80x80 MS 8693 loại 1,238,0.1,3.000000000000001,0.13055620920048613,0.8305562092004862,38.2099463490856,235.0,SURPLUS,LOW,0.0,Viên
05.L1.8080.8694.G,1,Chi nhánh Đà Nẵng UN,MIỀN TRUNG,Gạch 80x80 MS 8694 loại 1,294,0.1,3.000000000000001,0.13055620920048613,0.8305562092004862,38.2099463490856,291.0,SURPLUS,LOW,0.0,Viên
05.L1.8080.8913.F,1,Chi nhánh Đà Nẵng UN,MIỀN TRUNG,Gạch 80x80 MS 8913 loại 1,140,0.1,3.000000000000001,0.13055620920048613,0.8305562092004862,38.2099463490856,137.0,SURPLUS,LOW,0.0,Viên
05.L1.8080.8916.H,1,Chi nhánh Đà Nẵng UN,MIỀN TRUNG,Gạch 80x80 MS 8916 loại 1,854,0.2846666666666667,8.54,0.3716500088573839,2.3643166755240506,64.46807995693166,845.46,SURPLUS,LOW,0.0,Viên
05.L1.8080.USG88001.I,1,Chi nhánh Đà Nẵng UN,MIỀN TRUNG,Gạch 80x80 MS USG88001 Loại 1,1216,0.4053333333333333,12.159999999999998,0.5291878346259704,3.366521167959304,76.92767165764648,1203.84,SURPLUS,LOW,0.0,Viên
05.L1.8080.USG88003.I,1,Chi nhánh Đà Nẵng UN,MIỀN TRUNG,Gạch 80x80 MS USG88003 Loại 1,2058,0.686,20.580000000000002,0.895615595115335,5.6976155951153356,100.07796960370449,2037.42,SURPLUS,LOW,0.0,Viên
08.L1.15580.4212.5,1,Chi nhánh Đà Nẵng UN,MIỀN TRUNG,Gạch 15.5x80 MS 4212 Loại 1,10034,3.344666666666667,100.34000000000002,4.36667001039226,27.77933667705893,220.9799387576468,9933.66,SURPLUS,LOW,0.0,Viên
08.L1.15580.4213.5,1,Chi nhánh Đà Nẵng UN,MIỀN TRUNG,Gạch 15.5x80 MS 4213 Loại 1,4946,1.6486666666666667,49.45999999999998,2.152436702352015,13.693103369018681,155.14681219197942,4896.54,SURPLUS,LOW,0.0,Viên
08.L1.15580.4215.5,1,Chi nhánh Đà Nẵng UN,MIỀN TRUNG,Gạch 15.5x80 MS 4215 Loại 1,3312,1.1039999999999999,33.11999999999999,1.4413405495733667,9.169340549573366,126.95826085765353,3278.88,SURPLUS,LOW,0.0,Viên
08.L1.15580.4216.5,1,Chi nhánh Đà Nẵng UN,MIỀN TRUNG,Gạch 15.5x80 MS 4216 Loại 1,4599,1.5330000000000001,45.99000000000001,2.0014266870434527,12.732426687043453,149.60548118301014,4553.01,SURPLUS,LOW,0.0,Viên
08.L1.15580.4219.5,1,Chi nhánh Đà Nẵng UN,MIỀN TRUNG,Gạch 15.5x80 MS 4219 Loại 1,2046,0.682,20.459999999999994,0.8903933467473155,5.664393346747316,99.78577052866807,2025.54,SURPLUS,LOW,0.0,Viên
08.L1.60120.3614.4,1,Chi nhánh Đà Nẵng UN,MIỀN TRUNG,Gạch 60x120 MS 3614 loại 1,88,0.1,3.000000000000001,0.13055620920048613,0.8305562092004862,38.2099463490856,85.0,SURPLUS,LOW,0.0,Viên
08.L1.60120.3616.5,1,Chi nhánh Đà Nẵng UN,MIỀN TRUNG,Gạch 60x120 MS 3616 loại 1,76,0.1,3.000000000000001,0.13055620920048613,0.8305562092004862,38.2099463490856,73.0,OK,LOW,0.0,Viên
08.L1.60120.3619.5,1,Chi nhánh Đà Nẵng UN,MIỀN TRUNG,Gạch 60x120 MS 3619 loại 1,248,0.1,3.000000000000001,0.13055620920048613,0.8305562092004862,38.2099463490856,245.0,SURPLUS,LOW,0.0,Viên
08.L1.60120.3624.5,1,Chi nhánh Đà Nẵng UN,MIỀN TRUNG,Gạch 60x120 MS 3624 loại 1,180,0.1,3.000000000000001,0.13055620920048613,0.8305562092004862,38.2099463490856,177.0,SURPLUS,LOW,0.0,Viên
08.L1.60120.3627.5,1,Chi nhánh Đà Nẵng UN,MIỀN TRUNG,Gạch 60x120 MS 3627 loại 1,186,0.1,3.000000000000001,0.13055620920048613,0.8305562092004862,38.2099463490856,183.0,SURPLUS,LOW,0.0,Viên
10.L1.3030.5262.8,1,Chi nhánh Đà Nẵng UN,MIỀN TRUNG,Gạch 30x30 MS 5262 Loại 1,308,0.10266666666666667,3.0799999999999987,0.1340377081124991,0.8527043747791658,38.71606040564217,304.92,SURPLUS,LOW,0.0,Viên
10.L1.3030.5263.8,1,Chi nhánh Đà Nẵng UN,MIỀN TRUNG,Gạch 30x30 MS 5263 Loại 1,14,0.1,3.000000000000001,0.13055620920048613,0.8305562092004862,38.2099463490856,11.0,OK,LOW,0.0,Viên
10.L1.3030.5265.7,1,Chi nhánh Đà Nẵng UN,MIỀN TRUNG,Gạch 30x30 MS 5265 Loại 1,681,0.227,6.810000000000002,0.2963625948851035,1.8853625948851036,57.56908892800024,674.19,SURPLUS,LOW,0.0,Viên
10.L1.3030.5266.5,1,Chi nhánh Đà Nẵng UN,MIỀN TRUNG,Gạch 30x30 MS 5266 Loại 1,1229,0.4096666666666667,12.29,0.5348452703579916,3.4025119370246584,77.33778722806423,1216.71,SURPLUS,LOW,0.0,Viên
10.L1.3030.5267.2,1,Chi nhánh Đà Nẵng UN,MIỀN TRUNG,Gạch 30x30 MS 5267 Loại 1,1080,0.36000000000000004,10.799999999999997,0.47000235312175015,2.9900023531217506,72.49827584156743,1069.2,SURPLUS,LOW,0.0,Viên
10.L1.3030.5268.5,1,Chi nhánh Đà Nẵng UN,MIỀN TRUNG,Gạch 30x30 MS 5268 Loại 1,3980,1.3266666666666669,39.80000000000001,1.7320457087264498,11.018712375393118,139.17375231462768,3940.2,SURPLUS,LOW,0.0,Viên
10.L1.3030.5294.1,1,Chi nhánh Đà Nẵng UN,MIỀN TRUNG,Gạch 30x30 MS 5294 Loại 1,807,0.269,8.07,0.35119620274930774,2.234196202749308,62.66897158881738,798.93,SURPLUS,LOW,0.0,Viên
10.L1.3030.5294.2,1,Chi nhánh Đà Nẵng UN,MIỀN TRUNG,Gạch 30x30 MS 5294 Loại 1,242,0.1,3.000000000000001,0.13055620920048613,0.8305562092004862,38.2099463490856,239.0,SURPLUS,LOW,0.0,Viên
10.L1.3030.5295.5,1,Chi nhánh Đà Nẵng UN,MIỀN TRUNG,Gạch 30x30 MS 5295 Loại 1,1243,0.41433333333333333,12.43,0.5409378934540142,3.4412712267873475,77.7770317424538,1230.57,SURPLUS,LOW,0.0,Viên
10.L1.3060.4501.3,1,Chi nhánh Đà Nẵng UN,MIỀN TRUNG,Gạch 30x60 MS 4501 Loại 1,4975,1.6583333333333334,49.74999999999999,2.165057135908062,13.773390469241397,155.6009854296131,4925.25,SURPLUS,LOW,0.0,Viên
10.L1.3060.4501.5,1,Chi nhánh Đà Nẵng UN,MIỀN TRUNG,Gạch 30x60 MS 4501 Loại 1,7560,2.5200000000000005,75.6,3.290016471852251,20.930016471852255,191.81240835774938,7484.4,SURPLUS,LOW,0.0,Viên
10.L1.3060.4502.5,1,Chi nhánh Đà Nẵng UN,MIỀN TRUNG,Gạch 30x60 MS 4502 Loại 1,3794,1.2646666666666666,37.93999999999998,1.6511008590221479,10.503767525688813,135.882792631493,3756.06,SURPLUS,LOW,0.0,Viên
10.L1.3060.4504.1,1,Chi nhánh Đà Nẵng UN,MIỀN TRUNG,Gạch 30x60 MS 4504 Loại 1,1699,0.5663333333333334,16.99,0.7393833314387532,4.703716664772086,90.93110945472219,1682.01,SURPLUS,LOW,0.0,Viên
10.L1.3060.4505.6,1,Chi nhánh Đà Nẵng UN,MIỀN TRUNG,Gạch 30x60 MS 4505 Loại 1,210,0.1,3.000000000000001,0.13055620920048613,0.8305562092004862,38.2099463490856,207.0,SURPLUS,LOW,0.0,Viên
10.L1.3060.4506.2,1,Chi nhánh Đà Nẵng UN,MIỀN TRUNG,Gạch 30x60 MS 4506 Loại 1,462,0.154,4.619999999999999,0.20105656216874865,1.2790565621687486,47.41729642229721,457.38,SURPLUS,LOW,0.0,Viên
10.L1.3060.4506.3,1,Chi nhánh Đà Nẵng UN,MIỀN TRUNG,Gạch 30x60 MS 4506 Loại 1,77,0.1,3.000000000000001,0.13055620920048613,0.8305562092004862,38.2099463490856,74.0,OK,LOW,0.0,Viên
10.L1.3060.4521.5,1,Chi nhánh Đà Nẵng UN,MIỀN TRUNG,Gạch 30x60 MS 4521 Loại 1,2375,0.7916666666666666,23.750000000000007,1.0335699895038486,6.575236656170515,107.50968948580092,2351.25,SURPLUS,LOW,0.0,Viên
10.L1.3060.4537.4,1,Chi nhánh Đà Nẵng UN,MIỀN TRUNG,Gạch 30x60 MS 4537 Loại 1,12012,4.0040000000000004,120.12000000000003,5.227470616387465,33.25547061638747,241.78171973910685,11891.88,SURPLUS,LOW,0.0,Viên
10.L1.3060.4538.4,1,Chi nhánh Đà Nẵng UN,MIỀN TRUNG,Gạch 30x60 MS 4538 Loại 1,910,0.30333333333333334,9.1,0.39602050124147464,2.519353834574808,66.54822812567339,900.9,SURPLUS,LOW,0.0,Viên
10.L1.3060.4539.4,1,Chi nhánh Đà Nẵng UN,MIỀN TRUNG,Gạch 30x60 MS 4539 Loại 1,2576,0.8586666666666667,25.76000000000001,1.1210426496681745,7.131709316334842,111.96666170487238,2550.24,SURPLUS,LOW,0.0,Viên
10.L1.3060.4541.4,1,Chi nhánh Đà Nẵng UN,MIỀN TRUNG,Gạch 30x60 MS 4541 Loại 1,1078,0.35933333333333334,10.780000000000003,0.4691319783937469,2.9844653117270803,72.43111670177856,1067.22,SURPLUS,LOW,0.0,Viên
10.L1.3060.4542.4,1,Chi nhánh Đà Nẵng UN,MIỀN TRUNG,Gạch 30x60 MS 4542 Loại 1,1008,0.336,10.080000000000002,0.43866886291363344,2.7906688629136336,70.03998857795453,997.92,SURPLUS,LOW,0.0,Viên
10.L1.3060.4544.4,1,Chi nhánh Đà Nẵng UN,MIỀN TRUNG,Gạch 30x60 MS 4544 Loại 1,3161,1.0536666666666668,31.610000000000014,1.3756272576091224,8.75129392427579,124.03037262434285,3129.39,SURPLUS,LOW,0.0,Viên
10.L1.3060.4544.6,1,Chi nhánh Đà Nẵng UN,MIỀN TRUNG,Gạch 30x60 MS 4544 Loại 1,3399,1.133,33.99,1.4792018502415079,9.410201850241508,128.6149291489911,3365.01,SURPLUS,LOW,0.0,Viên
10.L1.3060.4545.4,1,Chi nhánh Đà Nẵng UN,MIỀN TRUNG,Gạch 30x60 MS 4545 Loại 1,724,0.24133333333333334,7.24,0.31507565153717326,2.0044089848705067,59.358796034510895,716.76,SURPLUS,LOW,0.0,Viên
10.L1.3060.4545.6,1,Chi nhánh Đà Nẵng UN,MIỀN TRUNG,Gạch 30x60 MS 4545 Loại 1,406,0.13533333333333336,4.060000000000001,0.17668606978465795,1.1240194031179915,44.45072177891679,401.94,SURPLUS,LOW,0.0,Viên
10.L1.3060.4546.4,1,Chi nhánh Đà Nẵng UN,MIỀN TRUNG,Gạch 30x60 MS 4546 Loại 1,1336,0.4453333333333333,13.360000000000003,0.581410318306165,3.6987436516394983,80.6341532271944,1322.64,SURPLUS,LOW,0.0,Viên
10.L1.3060.4546.6,1,Chi nhánh Đà Nẵng UN,MIỀN TRUNG,Gạch 30x60 MS 4546 Loại 1,1213,0.4043333333333334,12.130000000000003,0.5278822725339657,3.3582156058672994,76.83271872494599,1200.87,SURPLUS,LOW,0.0,Viên
10.L1.3060.4547.4,1,Chi nhánh Đà Nẵng UN,MIỀN TRUNG,Gạch 30x60 MS 4547 Loại 1,3136,1.0453333333333332,31.35999999999999,1.3647475735090815,8.682080906842414,123.53892773804807,3104.64,SURPLUS,LOW,0.0,Viên
10.L1.3060.4547.5,1,Chi nhánh Đà Nẵng UN,MIỀN TRUNG,Gạch 30x60 MS 4547 Loại 1,3119,1.0396666666666667,31.189999999999994,1.3573493883210543,8.635016054987721,123.20362548778074,3087.81,SURPLUS,LOW,0.0,Viên
10.L1.3060.4548.5,1,Chi nhánh Đà Nẵng UN,MIỀN TRUNG,Gạch 30x60 MS 4548 Loại 1,404,0.13466666666666666,4.039999999999999,0.17581569505665468,1.1184823617233213,44.34110207621517,399.96,SURPLUS,LOW,0.0,Viên
10.L1.3060.4549.4,1,Chi nhánh Đà Nẵng UN,MIỀN TRUNG,Gạch 30x60 MS 4549 Loại 1,672,0.224,6.7200000000000015,0.2924459086090889,1.860445908609089,57.187411202116856,665.28,SURPLUS,LOW,0.0,Viên
10.L1.3060.4549.5,1,Chi nhánh Đà Nẵng UN,MIỀN TRUNG,Gạch 30x60 MS 4549 Loại 1,528,0.17600000000000002,5.280000000000001,0.22977892819285564,1.461778928192856,50.691222119810845,522.72,SURPLUS,LOW,0.0,Viên
10.L1.3060.4554.3,1,Chi nhánh Đà Nẵng UN,MIỀN TRUNG,Gạch 30x60 MS 4554 Loại 1,2853,0.9510000000000001,28.530000000000005,1.2415895494966231,7.898589549496624,117.8329325782907,2824.47,SURPLUS,LOW,0.0,Viên
10.L1.3060.4554.4,1,Chi nhánh Đà Nẵng UN,MIỀN TRUNG,Gạch 30x60 MS 4554 Loại 1,1420,0.4733333333333334,14.199999999999998,0.6179660568823012,3.9312993902156346,83.1304196228232,1405.8,SURPLUS,LOW,0.0,Viên
10.L1.3060.4554.5,1,Chi nhánh Đà Nẵng UN,MIỀN TRUNG,Gạch 30x60 MS 4554 Loại 1,3048,1.016,30.47999999999999,1.3264510854769391,8.43845108547694,121.79326746581685,3017.52,SURPLUS,LOW,0.0,Viên
10.L1.3060.4555.3,1,Chi nhánh Đà Nẵng UN,MIỀN TRUNG,Gạch 30x60 MS 4555 Loại 1,161,0.1,3.000000000000001,0.13055620920048613,0.8305562092004862,38.2099463490856,158.0,SURPLUS,LOW,0.0,Viên
10.L1.3060.4555.5,1,Chi nhánh Đà Nẵng UN,MIỀN TRUNG,Gạch 30x60 MS 4555 Loại 1,292,0.1,3.000000000000001,0.13055620920048613,0.8305562092004862,38.2099463490856,289.0,SURPLUS,LOW,0.0,Viên
10.L1.3060.4556.3,1,Chi nhánh Đà Nẵng UN,MIỀN TRUNG,Gạch 30x60 MS 4556 Loại 1,750,0.25,7.5,0.32639052300121535,2.076390523001215,60.41522986797286,742.5,SURPLUS,LOW,0.0,Viên
10.L1.3060.4556.4,1,Chi nhánh Đà Nẵng UN,MIỀN TRUNG,Gạch 30x60 MS 4556 Loại 1,246,0.1,3.000000000000001,0.13055620920048613,0.8305562092004862,38.2099463490856,243.0,SURPLUS,LOW,0.0,Viên
10.L1.3060.4556.5,1,Chi nhánh Đà Nẵng UN,MIỀN TRUNG,Gạch 30x60 MS 4556 Loại 1,495,0.165,4.95,0.21541774518080214,1.3704177451808022,49.08156476723211,490.05,SURPLUS,LOW,0.0,Viên
10.L1.3060.4571.2,1,Chi nhánh Đà Nẵng UN,MIỀN TRUNG,Gạch 30x60 MS 4571 Loại 1,4026,1.3419999999999999,40.25999999999999,1.7520643274705237,11.146064327470523,139.9757121789348,3985.74,SURPLUS,LOW,0.0,Viên
10.L1.3060.4571.3,1,Chi nhánh Đà Nẵng UN,MIỀN TRUNG,Gạch 30x60 MS 4571 Loại 1,1269,0.423,12.69,0.5522527649180563,3.513252764918056,78.58625834075573,1256.31,SURPLUS,LOW,0.0,Viên
10.L1.3060.4571.4,1,Chi nhánh Đà Nẵng UN,MIỀN TRUNG,Gạch 30x60 MS 4571 Loại 1,2103,0.7010000000000001,21.030000000000005,0.9151990264954079,5.822199026495408,101.16619988909339,2081.97,SURPLUS,LOW,0.0,Viên
10.L1.3060.4571.5,1,Chi nhánh Đà Nẵng UN,MIỀN TRUNG,Gạch 30x60 MS 4571 Loại 1,336,0.112,3.3600000000000008,0.14622295430454446,0.9302229543045445,40.43760625952036,332.64,SURPLUS,LOW,0.0,Viên
10.L1.3060.4571.7,1,Chi nhánh Đà Nẵng UN,MIỀN TRUNG,Gạch 30x60 MS 4571 Loại 1,1251,0.417,12.509999999999998,0.5444193923660271,3.4634193923660272,78.02691843203856,1238.49,SURPLUS,LOW,0.0,Viên
10.L1.3060.4571.9,1,Chi nhánh Đà Nẵng UN,MIỀN TRUNG,Gạch 30x60 MS 4571 Loại 1,1671,0.557,16.71,0.7271980852467078,4.626198085246708,90.17871145675126,1654.29,SURPLUS,LOW,0.0,Viên
10.L1.3060.4572.3,1,Chi nhánh Đà Nẵng UN,MIỀN TRUNG,Gạch 30x60 MS 4572 Loại 1,266,0.1,3.000000000000001,0.13055620920048613,0.8305562092004862,38.2099463490856,263.0,SURPLUS,LOW,0.0,Viên
10.L1.3060.4572.4,1,Chi nhánh Đà Nẵng UN,MIỀN TRUNG,Gạch 30x60 MS 4572 Loại 1,382,0.12733333333333335,3.8200000000000016,0.16624157304861906,1.0575749063819526,43.116895373700864,378.18,SURPLUS,LOW,0.0,Viên
10.L1.3060.4572.7,1,Chi nhánh Đà Nẵng UN,MIỀN TRUNG,Gạch 30x60 MS 4572 Loại 1,368,0.12266666666666667,3.679999999999999,0.16014894995259632,1.018815616619263,42.31942028588451,364.32,SURPLUS,LOW,0.0,Viên
10.L1.3060.4572.9,1,Chi nhánh Đà Nẵng UN,MIỀN TRUNG,Gạch 30x60 MS 4572 Loại 1,408,20.0,600.0,55.390308511003965,195.39030851100398,540.3702434442519,-192.0,RESTOCK,MEDIUM,540.3702434442519,Viên
10.L1.3060.4573.3,1,Chi nhánh Đà Nẵng UN,MIỀN TRUNG,Gạch 30x60 MS 4573 Loại 1,1340,0.44666666666666666,13.400000000000002,0.5831510677621713,3.709817734428838,80.7547728207648,1326.6,SURPLUS,LOW,0.0,Viên
10.L1.3060.4573.5,1,Chi nhánh Đà Nẵng UN,MIỀN TRUNG,Gạch 30x60 MS 4573 Loại 1,625,0.20833333333333334,6.249999999999998,0.2719921025010128,1.7303254358343463,55.15130702591433,618.75,SURPLUS,LOW,0.0,Viên
10.L1.3060.4573.6,1,Chi nhánh Đà Nẵng UN,MIỀN TRUNG,Gạch 30x60 MS 4573 Loại 1,1620,0.5399999999999999,16.199999999999992,0.705003529682625,4.485003529682625,88.79189152169245,1603.8,SURPLUS,LOW,0.0,Viên
10.L1.3060.4573.8,1,Chi nhánh Đà Nẵng UN,MIỀN TRUNG,Gạch 30x60 MS 4573 Loại 1,1526,90.0,2700.0,338.4963297894687,968.4963297894687,1146.298390472568,-1174.0,RESTOCK,MEDIUM,1146.298390472568,Viên
10.L1.3060.4601.6,1,Chi nhánh Đà Nẵng UN,MIỀN TRUNG,Gạch 30x60 MS 4601 Loại 1,2331,0.7769999999999999,23.310000000000002,1.014421745487777,6.453421745487776,106.50915453612426,2307.69,SURPLUS,LOW,0.0,Viên
10.L1.3060.4601.8,1,Chi nhánh Đà Nẵng UN,MIỀN TRUNG,Gạch 30x60 MS 4601 Loại 1,2611,0.8703333333333333,26.110000000000007,1.136274207408231,7.228607540741565,112.72473848568762,2584.89,SURPLUS,LOW,0.0,Viên
10.L1.3060.4602.4,1,Chi nhánh Đà Nẵng UN,MIỀN TRUNG,Gạch 30x60 MS 4602 Loại 1,812,0.2706666666666667,8.120000000000003,0.3533721395693159,2.248038806235983,62.86281359701723,803.88,SURPLUS,LOW,0.0,Viên
10.L1.3060.4603.8,1,Chi nhánh Đà Nẵng UN,MIỀN TRUNG,Gạch 30x60 MS 4603 Loại 1,922,0.30733333333333335,9.220000000000002,0.40124274960949413,2.552576082942828,66.98557058551242,912.78,SURPLUS,LOW,0.0,Viên
10.L1.3060.4621.5,1,Chi nhánh Đà Nẵng UN,MIỀN TRUNG,Gạch 30x60 MS 4621 Loại 1,2593,0.8643333333333333,25.930000000000007,1.1284408348562018,7.178774168189534,112.3355093755606,2567.07,SURPLUS,LOW,0.0,Viên
10.L1.3060.4621.6,1,Chi nhánh Đà Nẵng UN,MIỀN TRUNG,Gạch 30x60 MS 4621 Loại 1,3061,1.0203333333333333,30.61,1.3321085212089603,8.474441854542293,122.05272084909319,3030.39,SURPLUS,LOW,0.0,Viên
10.L1.3060.4621.7,1,Chi nhánh Đà Nẵng UN,MIỀN TRUNG,Gạch 30x60 MS 4621 Loại 1,3978,280.5,8415.0,1689.404409585621,3652.9044095856207,2023.6847580589226,-4437.0,RESTOCK,MEDIUM,2023.6847580589226,Viên
10.L1.3060.4622.5,1,Chi nhánh Đà Nẵng UN,MIỀN TRUNG,Gạch 30x60 MS 4622 Loại 1,204,0.1,3.000000000000001,0.13055620920048613,0.8305562092004862,38.2099463490856,201.0,SURPLUS,LOW,0.0,Viên
10.L1.3060.4622.7,1,Chi nhánh Đà Nẵng UN,MIỀN TRUNG,Gạch 30x60 MS 4622 Loại 1,410,0.13666666666666666,4.1,0.1784268192406644,1.135093485907331,44.66915415959131,405.9,SURPLUS,LOW,0.0,Viên
10.L1.3060.4623.5,1,Chi nhánh Đà Nẵng UN,MIỀN TRUNG,Gạch 30x60 MS 4623 Loại 1,312,0.10400000000000001,3.120000000000001,0.1357784575685056,0.8637784575685057,38.966652409464174,308.88,SURPLUS,LOW,0.0,Viên
10.L1.3060.4623.6,1,Chi nhánh Đà Nẵng UN,MIỀN TRUNG,Gạch 30x60 MS 4623 Loại 1,500,0.16666666666666666,5.000000000000002,0.21759368200081022,1.3842603486674767,49.32882862316247,495.0,SURPLUS,LOW,0.0,Viên
10.L1.3060.4623.7,1,Chi nhánh Đà Nẵng UN,MIỀN TRUNG,Gạch 30x60 MS 4623 Loại 1,848,0.2826666666666667,8.480000000000002,0.36903888467337415,2.347705551340041,64.2412121097768,839.52,SURPLUS,LOW,0.0,Viên
10.L1.3060.4624.5,1,Chi nhánh Đà Nẵng UN,MIỀN TRUNG,Gạch 30x60 MS 4624 Loại 1,1849,0.6163333333333334,18.490000000000002,0.8046614360389963,5.11899476937233,94.86024808457265,1830.51,SURPLUS,LOW,0.0,Viên
10.L1.3060.4624.6,1,Chi nhánh Đà Nẵng UN,MIỀN TRUNG,Gạch 30x60 MS 4624 Loại 1,4827,1.6090000000000002,48.27000000000002,2.100649406035822,13.363649406035824,153.26904449366157,4778.73,SURPLUS,LOW,0.0,Viên
10.L1.3060.4624.7,1,Chi nhánh Đà Nẵng UN,MIỀN TRUNG,Gạch 30x60 MS 4624 Loại 1,2977,0.9923333333333333,29.770000000000007,1.295552782632824,8.241886115966157,120.36638511921285,2947.23,SURPLUS,LOW,0.0,Viên
10.L1.3060.4625.5,1,Chi nhánh Đà Nẵng UN,MIỀN TRUNG,Gạch 30x60 MS 4625 Loại 1,236,0.1,3.000000000000001,0.13055620920048613,0.8305562092004862,38.2099463490856,233.0,SURPLUS,LOW,0.0,Viên
10.L1.3060.4625.7,1,Chi nhánh Đà Nẵng UN,MIỀN TRUNG,Gạch 30x60 MS 4625 Loại 1,320,0.10666666666666667,3.199999999999999,0.13925995648051856,0.8859266231471853,39.463062898529984,316.8,SURPLUS,LOW,0.0,Viên
10.L1.3060.4626.5,1,Chi nhánh Đà Nẵng UN,MIỀN TRUNG,Gạch 30x60 MS 4626 Loại 1,182,0.1,3.000000000000001,0.13055620920048613,0.8305562092004862,38.2099463490856,179.0,SURPLUS,LOW,0.0,Viên
10.L1.3060.4626.6,1,Chi nhánh Đà Nẵng UN,MIỀN TRUNG,Gạch 30x60 MS 4626 Loại 1,800,0.26666666666666666,8.0,0.3481498912012964,2.2148165578679633,62.39658110292048,792.0,SURPLUS,LOW,0.0,Viên
10.L1.3060.4626.7,1,Chi nhánh Đà Nẵng UN,MIỀN TRUNG,Gạch 30x60 MS 4626 Loại 1,1080,0.36000000000000004,10.799999999999997,0.47000235312175015,2.9900023531217506,72.49827584156743,1069.2,SURPLUS,LOW,0.0,Viên
10.L1.3060.4631.5,1,Chi nhánh Đà Nẵng UN,MIỀN TRUNG,Gạch 30x60 MS 4631 Loại 1,1494,0.498,14.939999999999996,0.650169921818421,4.1361699218184205,85.26898615557711,1479.06,SURPLUS,LOW,0.0,Viên
10.L1.3060.4631.6,1,Chi nhánh Đà Nẵng UN,MIỀN TRUNG,Gạch 30x60 MS 4631 Loại 1,2848,0.9493333333333334,28.47999999999999,1.239413612676615,7.884746946009948,117.7296337659583,2819.52,SURPLUS,LOW,0.0,Viên
10.L1.3060.4631.7,1,Chi nhánh Đà Nẵng UN,MIỀN TRUNG,Gạch 30x60 MS 4631 Loại 1,2235,120.0,3600.0,301.50665010511113,1141.506650105111,1323.6313686219437,-1365.0,RESTOCK,MEDIUM,1323.6313686219437,Viên
10.L1.3060.4632.5,1,Chi nhánh Đà Nẵng UN,MIỀN TRUNG,Gạch 30x60 MS 4632 Loại 1,276,0.1,3.000000000000001,0.13055620920048613,0.8305562092004862,38.2099463490856,273.0,SURPLUS,LOW,0.0,Viên
10.L1.3060.4632.7,1,Chi nhánh Đà Nẵng UN,MIỀN TRUNG,Gạch 30x60 MS 4632 Loại 1,624,0.20800000000000002,6.240000000000002,0.2715569151370112,1.7275569151370114,55.10716831774248,617.76,SURPLUS,LOW,0.0,Viên
10.L1.3060.4633.5,1,Chi nhánh Đà Nẵng UN,MIỀN TRUNG,Gạch 30x60 MS 4633 Loại 1,573,0.191,5.729999999999999,0.24936235957292852,1.5863623595729286,52.80719647926786,567.27,SURPLUS,LOW,0.0,Viên
10.L1.3060.4633.6,1,Chi nhánh Đà Nẵng UN,MIỀN TRUNG,Gạch 30x60 MS 4633 Loại 1,747,0.249,7.469999999999998,0.3250849609092105,2.0680849609092102,60.29427833551041,739.53,SURPLUS,LOW,0.0,Viên
10.L1.3060.4718.4,1,Chi nhánh Đà Nẵng UN,MIỀN TRUNG,Gạch 30x60 MS 4718 Loại 1,14,0.1,3.000000000000001,0.13055620920048613,0.8305562092004862,38.2099463490856,11.0,OK,LOW,0.0,Viên
10.L1.3060.4719.8,1,Chi nhánh Đà Nẵng UN,MIỀN TRUNG,Gạch 30x60 MS 4719 Loại 1,9450,3.15,94.50000000000003,4.112520589815313,26.162520589815315,214.4527920079382,9355.5,SURPLUS,LOW,0.0,Viên
10.L1.3060.5052.5,1,Chi nhánh Đà Nẵng UN,MIỀN TRUNG,Gạch 30x60 MS 5052 Loại 1,1834,0.6113333333333333,18.34,0.7981336255789718,5.0774669589123045,94.4746879680831,1815.66,SURPLUS,LOW,0.0,Viên
10.L1.3060.5058.5,1,Chi nhánh Đà Nẵng UN,MIỀN TRUNG,Gạch 30x60 MS 5058 Loại 1,2128,0.7093333333333334,21.28,0.9260787105954484,5.891412043928782,101.76574407268228,2106.72,SURPLUS,LOW,0.0,Viên
10.L1.3060.5067.3,1,Chi nhánh Đà Nẵng UN,MIỀN TRUNG,Gạch 30x60 MS 5067 Loại 1,1062,0.35400000000000004,10.619999999999996,0.46216898056972094,2.9401689805697213,71.89158504303546,1051.38,SURPLUS,LOW,0.0,Viên
10.L1.3060.5068.5,1,Chi nhánh Đà Nẵng UN,MIỀN TRUNG,Gạch 30x60 MS 5068 Loại 1,168,0.1,3.000000000000001,0.13055620920048613,0.8305562092004862,38.2099463490856,165.0,SURPLUS,LOW,0.0,Viên
10.L1.3060.5069.9,1,Chi nhánh Đà Nẵng UN,MIỀN TRUNG,Gạch 30x60 MS 5069 Loại 1,614,0.2046666666666667,6.139999999999999,0.267205041496995,1.6998717081636618,54.66382106414931,607.86,SURPLUS,LOW,0.0,Viên
10.L1.3060.5071.1,1,Chi nhánh Đà Nẵng UN,MIỀN TRUNG,Gạch 30x60 MS 5071 Loại 1,700,0.23333333333333334,7.0,0.3046311548011343,1.9379644881344675,58.36665714829544,693.0,SURPLUS,LOW,0.0,Viên
10.L1.3060.5071.4,1,Chi nhánh Đà Nẵng UN,MIỀN TRUNG,Gạch 30x60 MS 5071 Loại 1,1402,0.4673333333333333,14.019999999999994,0.6101326843302719,3.8814660176636053,82.60185631489566,1387.98,SURPLUS,LOW,0.0,Viên
10.L1.3060.5071.8,1,Chi nhánh Đà Nẵng UN,MIỀN TRUNG,Gạch 30x60 MS 5071 Loại 1,1086,0.362,10.86,0.47261347730575975,3.0066134773057596,72.69938101524662,1075.14,SURPLUS,LOW,0.0,Viên
10.L1.3060.5072.5,1,Chi nhánh Đà Nẵng UN,MIỀN TRUNG,Gạch 30x60 MS 5072 Loại 1,56,0.1,3.000000000000001,0.13055620920048613,0.8305562092004862,38.2099463490856,53.0,OK,LOW,0.0,Viên
10.L1.3060.5072.7,1,Chi nhánh Đà Nẵng UN,MIỀN TRUNG,Gạch 30x60 MS 5072 Loại 1,259,0.1,3.000000000000001,0.13055620920048613,0.8305562092004862,38.2099463490856,256.0,SURPLUS,LOW,0.0,Viên
10.L1.3060.5073.2,1,Chi nhánh Đà Nẵng UN,MIỀN TRUNG,Gạch 30x60 MS 5073 Loại 1,312,0.10400000000000001,3.120000000000001,0.1357784575685056,0.8637784575685057,38.966652409464174,308.88,SURPLUS,LOW,0.0,Viên
10.L1.3060.5073.7,1,Chi nhánh Đà Nẵng UN,MIỀN TRUNG,Gạch 30x60 MS 5073 Loại 1,1049,0.3496666666666667,10.489999999999995,0.4565115448376999,2.9041782115043664,71.45021576827696,1038.51,SURPLUS,LOW,0.0,Viên
10.L1.3060.5084.5,1,Chi nhánh Đà Nẵng UN,MIỀN TRUNG,Gạch 30x60 MS 5084 Loại 1,448,0.14933333333333335,4.480000000000002,0.19496393907272597,1.2402972724060595,46.693325718636345,443.52,SURPLUS,LOW,0.0,Viên
10.L1.3060.5741.7,1,Chi nhánh Đà Nẵng UN,MIỀN TRUNG,Gạch 30x60 MS 5741 Loại 1,574,0.19133333333333333,5.740000000000001,0.24979754693693013,1.5891308802702633,52.853255970343646,568.26,SURPLUS,LOW,0.0,Viên
10.L1.3060.5742.7,1,Chi nhánh Đà Nẵng UN,MIỀN TRUNG,Gạch 30x60 MS 5742 Loại 1,168,0.1,3.000000000000001,0.13055620920048613,0.8305562092004862,38.2099463490856,165.0,SURPLUS,LOW,0.0,Viên
10.L1.3060.5743.2,1,Chi nhánh Đà Nẵng UN,MIỀN TRUNG,Gạch 30x60 MS 5743 Loại 1,1507,0.5023333333333333,15.069999999999995,0.655827357550442,4.172160690883775,85.63916549492217,1491.93,SURPLUS,LOW,0.0,Viên
10.L1.3060.5751.7,1,Chi nhánh Đà Nẵng UN,MIỀN TRUNG,Gạch 30x60 MS 5751 Loại 1,5824,1.9413333333333334,58.239999999999995,2.534531207945438,16.12386454127877,168.3551801004848,5765.76,SURPLUS,LOW,0.0,Viên
10.L1.3060.5757.5,1,Chi nhánh Đà Nẵng UN,MIỀN TRUNG,Gạch 30x60 MS 5757 Loại 1,1959,0.653,19.589999999999993,0.8525320460791744,5.423532046079174,97.64117983719778,1939.41,SURPLUS,LOW,0.0,Viên
10.L1.3060.5758.5,1,Chi nhánh Đà Nẵng UN,MIỀN TRUNG,Gạch 30x60 MS 5758 Loại 1,388,0.12933333333333333,3.88,0.16885269723262872,1.074186030565962,43.45419043851429,384.12,SURPLUS,LOW,0.0,Viên
10.L1.3060.5759.5,1,Chi nhánh Đà Nẵng UN,MIỀN TRUNG,Gạch 30x60 MS 5759 Loại 1,596,0.19866666666666666,5.960000000000002,0.25937166894496577,1.6500383356116326,53.85659971937825,590.04,SURPLUS,LOW,0.0,Viên
10.L1.3060.5761.4,1,Chi nhánh Đà Nẵng UN,MIỀN TRUNG,Gạch 30x60 MS 5761 Loại 1,13440,4.48,134.4,5.848918172181779,37.20891817218178,255.7498778103325,13305.6,SURPLUS,LOW,0.0,Viên
10.L1.3060.5763.4,1,Chi nhánh Đà Nẵng UN,MIỀN TRUNG,Gạch 30x60 MS 5763 Loại 1,896,0.2986666666666667,8.960000000000004,0.38992787814545193,2.480594544812119,66.03433450359996,887.04,SURPLUS,LOW,0.0,Viên
10.L1.3060.5766.5,1,Chi nhánh Đà Nẵng UN,MIỀN TRUNG,Gạch 30x60 MS 5766 Loại 1,3383,1.1276666666666666,33.830000000000005,1.472238852417482,9.365905519084148,128.31185967529788,3349.17,SURPLUS,LOW,0.0,Viên
10.L1.3060.5771.6,1,Chi nhánh Đà Nẵng UN,MIỀN TRUNG,Gạch 30x60 MS 5771 Loại 1,26880,8.96,268.8,11.697836344363559,74.41783634436356,361.68494577463406,26611.2,SURPLUS,LOW,0.0,Viên
10.L1.3060.5771.8,1,Chi nhánh Đà Nẵng UN,MIỀN TRUNG,Gạch 30x60 MS 5771 Loại 1,4886,1.6286666666666667,48.86000000000001,2.1263254605119175,13.526992127178584,154.20289664378336,4837.14,SURPLUS,LOW,0.0,Viên
10.L1.3060.5772.1,1,Chi nhánh Đà Nẵng UN,MIỀN TRUNG,Gạch 30x60 MS 5772 Loại 1,182,0.1,3.000000000000001,0.13055620920048613,0.8305562092004862,38.2099463490856,179.0,SURPLUS,LOW,0.0,Viên
10.L1.3060.5773.2,1,Chi nhánh Đà Nẵng UN,MIỀN TRUNG,Gạch 30x60 MS 5773 Loại 1,336,0.112,3.3600000000000008,0.14622295430454446,0.9302229543045445,40.43760625952036,332.64,SURPLUS,LOW,0.0,Viên
10.L1.3060.5773.6,1,Chi nhánh Đà Nẵng UN,MIỀN TRUNG,Gạch 30x60 MS 5773 Loại 1,5852,1.9506666666666668,58.51999999999998,2.546716454137483,16.201383120804152,168.75939480021054,5793.48,SURPLUS,LOW,0.0,Viên
10.L1.3060.5778.8,1,Chi nhánh Đà Nẵng UN,MIỀN TRUNG,Gạch 30x60 MS 5778 Loại 1,175,0.1,3.000000000000001,0.13055620920048613,0.8305562092004862,38.2099463490856,172.0,SURPLUS,LOW,0.0,Viên
10.L1.3060.5779.3,1,Chi nhánh Đà Nẵng UN,MIỀN TRUNG,Gạch 30x60 MS 5779 Loại 1,462,0.154,4.619999999999999,0.20105656216874865,1.2790565621687486,47.41729642229721,457.38,SURPLUS,LOW,0.0,Viên
10.L1.3060.5781.8,1,Chi nhánh Đà Nẵng UN,MIỀN TRUNG,Gạch 30x60 MS 5781 Loại 1,14812,4.937333333333333,148.11999999999998,6.445995235592002,41.00732856892533,268.486622882159,14663.88,SURPLUS,LOW,0.0,Viên
10.L1.3060.5782.8,1,Chi nhánh Đà Nẵng UN,MIỀN TRUNG,Gạch 30x60 MS 5782 Loại 1,308,0.10266666666666667,3.0799999999999987,0.1340377081124991,0.8527043747791658,38.71606040564217,304.92,SURPLUS,LOW,0.0,Viên
10.L1.3060.5783.8,1,Chi nhánh Đà Nẵng UN,MIỀN TRUNG,Gạch 30x60 MS 5783 Loại 1,1815,0.6050000000000001,18.150000000000006,0.7898650656629412,5.024865065662942,93.98404119849285,1796.85,SURPLUS,LOW,0.0,Viên
10.L1.3060.5787.2,1,Chi nhánh Đà Nẵng UN,MIỀN TRUNG,Gạch 30x60 MS 5787 Loại 1,1280,0.4266666666666667,12.799999999999995,0.5570398259220742,3.543706492588741,78.92612579705997,1267.2,SURPLUS,LOW,0.0,Viên
10.L1.3060.5787.5,1,Chi nhánh Đà Nẵng UN,MIỀN TRUNG,Gạch 30x60 MS 5787 Loại 1,742,0.24733333333333332,7.420000000000002,0.3229090240892023,2.0542423574225355,60.09215145646448,734.58,SURPLUS,LOW,0.0,Viên
10.L1.3060.5788.8,1,Chi nhánh Đà Nẵng UN,MIỀN TRUNG,Gạch 30x60 MS 5788 Loại 1,476,0.15866666666666665,4.760000000000001,0.20714918526477133,1.3178158519314378,48.13037848732683,471.24,SURPLUS,LOW,0.0,Viên
10.L1.3060.5789.2,1,Chi nhánh Đà Nẵng UN,MIỀN TRUNG,Gạch 30x60 MS 5789 Loại 1,378,0.126,3.7799999999999994,0.16450082359261253,1.0465008235926125,42.89055840158764,374.22,SURPLUS,LOW,0.0,Viên
10.L1.3060.5789.7,1,Chi nhánh Đà Nẵng UN,MIỀN TRUNG,Gạch 30x60 MS 5789 Loại 1,2025,0.675,20.250000000000007,0.8812544121032815,5.606254412103282,99.27235264664579,2004.75,SURPLUS,LOW,0.0,Viên
10.L1.3060.5791.1,1,Chi nhánh Đà Nẵng UN,MIỀN TRUNG,Gạch 30x60 MS 5791 Loại 1,224,0.1,3.000000000000001,0.13055620920048613,0.8305562092004862,38.2099463490856,221.0,SURPLUS,LOW,0.0,Viên
10.L1.3060.5791.5,1,Chi nhánh Đà Nẵng UN,MIỀN TRUNG,Gạch 30x60 MS 5791 Loại 1,622,0.20733333333333331,6.220000000000001,0.2706865404090079,1.7220198737423411,55.01878467093458,615.78,SURPLUS,LOW,0.0,Viên
10.L1.3060.5792.1,1,Chi nhánh Đà Nẵng UN,MIỀN TRUNG,Gạch 30x60 MS 5792 Loại 1,784,0.2613333333333333,7.839999999999997,0.3411868933772704,2.1705202267106034,61.76946386902404,776.16,SURPLUS,LOW,0.0,Viên
10.L1.3060.5792.2,1,Chi nhánh Đà Nẵng UN,MIỀN TRUNG,Gạch 30x60 MS 5792 Loại 1,234,0.1,3.000000000000001,0.13055620920048613,0.8305562092004862,38.2099463490856,231.0,SURPLUS,LOW,0.0,Viên
10.L1.3060.5792.8,1,Chi nhánh Đà Nẵng UN,MIỀN TRUNG,Gạch 30x60 MS 5792 Loại 1,483,0.161,4.829999999999997,0.21019549681278268,1.3371954968127826,48.48298670667887,478.17,SURPLUS,LOW,0.0,Viên
10.L1.3060.5793.4,1,Chi nhánh Đà Nẵng UN,MIỀN TRUNG,Gạch 30x60 MS 5793 Loại 1,813,0.271,8.13,0.3538073269333174,2.2508073269333178,62.901510315730896,804.87,SURPLUS,LOW,0.0,Viên
10.L1.3060.5793.6,1,Chi nhánh Đà Nẵng UN,MIỀN TRUNG,Gạch 30x60 MS 5793 Loại 1,1890,0.6300000000000001,18.9,0.8225041179630628,5.232504117963064,95.90620417887469,1871.1,SURPLUS,LOW,0.0,Viên
10.L1.3060.7801.6,1,Chi nhánh Đà Nẵng UN,MIỀN TRUNG,Gạch 30x60 MS 7801 Loại 1,1328,0.4426666666666667,13.279999999999996,0.577928819394152,3.676595486060819,80.39237111401388,1314.72,SURPLUS,LOW,0.0,Viên
10.L1.3060.7805.6,1,Chi nhánh Đà Nẵng UN,MIỀN TRUNG,Gạch 30x60 MS 7805 Loại 1,35,0.1,3.000000000000001,0.13055620920048613,0.8305562092004862,38.2099463490856,32.0,OK,LOW,0.0,Viên
10.L1.3060.7821.5,1,Chi nhánh Đà Nẵng UN,MIỀN TRUNG,Gạch 30x60 MS 7821 Loại 1,1351,0.4503333333333333,13.509999999999998,0.5879381287661892,3.740271462099522,81.08555152841143,1337.49,SURPLUS,LOW,0.0,Viên
10.L1.3060.7822.5,1,Chi nhánh Đà Nẵng UN,MIỀN TRUNG,Gạch 30x60 MS 7822 Loại 1,154,0.1,3.000000000000001,0.13055620920048613,0.8305562092004862,38.2099463490856,151.0,SURPLUS,LOW,0.0,Viên
10.L1.3060.7823.3,1,Chi nhánh Đà Nẵng UN,MIỀN TRUNG,Gạch 30x60 MS 7823 Loại 1,140,0.1,3.000000000000001,0.13055620920048613,0.8305562092004862,38.2099463490856,137.0,SURPLUS,LOW,0.0,Viên
10.L1.3060.7823.5,1,Chi nhánh Đà Nẵng UN,MIỀN TRUNG,Gạch 30x60 MS 7823 Loại 1,372,0.12400000000000001,3.720000000000001,0.16188969940860284,1.0298896994086029,42.54879551761719,368.28,SURPLUS,LOW,0.0,Viên
10.L1.3060.7826.5,1,Chi nhánh Đà Nẵng UN,MIỀN TRUNG,Gạch 30x60 MS 7826 Loại 1,224,0.1,3.000000000000001,0.13055620920048613,0.8305562092004862,38.2099463490856,221.0,SURPLUS,LOW,0.0,Viên
10.L1.3060.7831.5,1,Chi nhánh Đà Nẵng UN,MIỀN TRUNG,Gạch 30x60 MS 7831 Loại 1,914,0.3046666666666667,9.139999999999999,0.3977612506974812,2.5304279173641477,66.69432759488122,904.86,SURPLUS,LOW,0.0,Viên
10.L1.3060.7831.7,1,Chi nhánh Đà Nẵng UN,MIỀN TRUNG,Gạch 30x60 MS 7831 Loại 1,1793,0.5976666666666667,17.929999999999996,0.7802909436549055,4.963957610321572,93.41270434653593,1775.07,SURPLUS,LOW,0.0,Viên
10.L1.3060.7832.5,1,Chi nhánh Đà Nẵng UN,MIỀN TRUNG,Gạch 30x60 MS 7832 Loại 1,233,0.1,3.000000000000001,0.13055620920048613,0.8305562092004862,38.2099463490856,230.0,SURPLUS,LOW,0.0,Viên
10.L1.3060.7832.7,1,Chi nhánh Đà Nẵng UN,MIỀN TRUNG,Gạch 30x60 MS 7832 Loại 1,728,0.24266666666666667,7.279999999999999,0.31681640099317976,2.0154830676598463,59.52254474846765,720.72,SURPLUS,LOW,0.0,Viên
10.L1.3060.7833.5,1,Chi nhánh Đà Nẵng UN,MIỀN TRUNG,Gạch 30x60 MS 7833 Loại 1,378,0.126,3.7799999999999994,0.16450082359261253,1.0465008235926125,42.89055840158764,374.22,SURPLUS,LOW,0.0,Viên
10.L1.4040.4917.4,1,Chi nhánh Đà Nẵng UN,MIỀN TRUNG,Gạch 40x40 MS 4917 Loại 1,350,0.11666666666666667,3.5,0.15231557740056714,0.9689822440672338,41.27145906474998,346.5,SURPLUS,LOW,0.0,Viên
10.L1.4080.4827.6,1,Chi nhánh Đà Nẵng UN,MIỀN TRUNG,Gạch 40x80 MS 4827 Loại 1,210,0.1,3.000000000000001,0.13055620920048613,0.8305562092004862,38.2099463490856,207.0,SURPLUS,LOW,0.0,Viên
10.L1.4080.4828.5,1,Chi nhánh Đà Nẵng UN,MIỀN TRUNG,Gạch 40x80 MS 4828 Loại 1,448,0.14933333333333335,4.480000000000002,0.19496393907272597,1.2402972724060595,46.693325718636345,443.52,SURPLUS,LOW,0.0,Viên
10.L1.4080.4829.5,1,Chi nhánh Đà Nẵng UN,MIỀN TRUNG,Gạch 40x80 MS 4829 Loại 1,154,0.1,3.000000000000001,0.13055620920048613,0.8305562092004862,38.2099463490856,151.0,SURPLUS,LOW,0.0,Viên
10.L1.4080.4834.4,1,Chi nhánh Đà Nẵng UN,MIỀN TRUNG,Gạch 40x80 MS 4834 Loại 1,1615,0.5383333333333333,16.150000000000002,0.7028275928626171,4.47116092619595,88.65476110546274,1598.85,SURPLUS,LOW,0.0,Viên
10.L1.4080.4835.4,1,Chi nhánh Đà Nẵng UN,MIỀN TRUNG,Gạch 40x80 MS 4835 Loại 1,275,0.1,3.000000000000001,0.13055620920048613,0.8305562092004862,38.2099463490856,272.0,SURPLUS,LOW,0.0,Viên
10.L1.4080.4836.4,1,Chi nhánh Đà Nẵng UN,MIỀN TRUNG,Gạch 40x80 MS 4836 Loại 1,289,0.1,3.000000000000001,0.13055620920048613,0.8305562092004862,38.2099463490856,286.0,SURPLUS,LOW,0.0,Viên
10.L1.4080.4841.5,1,Chi nhánh Đà Nẵng UN,MIỀN TRUNG,Gạch 40x80 MS 4841 Loại 1,1043,0.3476666666666667,10.430000000000003,0.4539004206536902,2.887567087320357,71.24558465851294,1032.57,SURPLUS,LOW,0.0,Viên
10.L1.4080.4842.5,1,Chi nhánh Đà Nẵng UN,MIỀN TRUNG,Gạch 40x80 MS 4842 Loại 1,280,0.1,3.000000000000001,0.13055620920048613,0.8305562092004862,38.2099463490856,277.0,SURPLUS,LOW,0.0,Viên
10.L1.4080.4843.5,1,Chi nhánh Đà Nẵng UN,MIỀN TRUNG,Gạch 40x80 MS 4843 Loại 1,485,0.16166666666666668,4.850000000000002,0.21106587154078596,1.3427325382074529,48.58326186386968,480.15,SURPLUS,LOW,0.0,Viên
10.L1.4080.9954.5,1,Chi nhánh Đà Nẵng UN,MIỀN TRUNG,Gạch 40x80 MS 9954 Loại 1,910,0.30333333333333334,9.1,0.39602050124147464,2.519353834574808,66.54822812567339,900.9,SURPLUS,LOW,0.0,Viên
10.L1.4080.9955.5,1,Chi nhánh Đà Nẵng UN,MIỀN TRUNG,Gạch 40x80 MS 9955 Loại 1,206,0.1,3.000000000000001,0.13055620920048613,0.8305562092004862,38.2099463490856,203.0,SURPLUS,LOW,0.0,Viên
10.L1.4080.9956.5,1,Chi nhánh Đà Nẵng UN,MIỀN TRUNG,Gạch 40x80 MS 9956 Loại 1,379,0.12633333333333333,3.789999999999999,0.16493601095661414,1.0492693442899474,42.947254471813054,375.21,SURPLUS,LOW,0.0,Viên
10.L1.4080.9957.5,1,Chi nhánh Đà Nẵng UN,MIỀN TRUNG,Gạch 40x80 MS 9957 Loại 1,1469,0.48966666666666664,14.689999999999998,0.6392902377183803,4.066956904385047,84.55254776370333,1454.31,SURPLUS,LOW,0.0,Viên
10.L1.4080.9958.5,1,Chi nhánh Đà Nẵng UN,MIỀN TRUNG,Gạch 40x80 MS 9958 Loại 1,1232,0.4106666666666667,12.319999999999995,0.5361508324499964,3.4108174991166633,77.43212081128434,1219.68,SURPLUS,LOW,0.0,Viên
10.L1.4080.9959.4,1,Chi nhánh Đà Nẵng UN,MIỀN TRUNG,Gạch 40x80 MS 9959 Loại 1,168,0.1,3.000000000000001,0.13055620920048613,0.8305562092004862,38.2099463490856,165.0,SURPLUS,LOW,0.0,Viên
10.L1.4080.9959.5,1,Chi nhánh Đà Nẵng UN,MIỀN TRUNG,Gạch 40x80 MS 9959 Loại 1,987,0.329,9.870000000000005,0.42952992826959935,2.7325299282695994,69.3065653455717,977.13,SURPLUS,LOW,0.0,Viên
10.L1.4080.9967.5,1,Chi nhánh Đà Nẵng UN,MIỀN TRUNG,Gạch 40x80 MS 9967 Loại 1,1069,0.35633333333333334,10.690000000000001,0.46521529211773227,2.959548625451066,72.12812673754024,1058.31,SURPLUS,LOW,0.0,Viên
10.L1.4080.9969.5,1,Chi nhánh Đà Nẵng UN,MIỀN TRUNG,Gạch 40x80 MS 9969 Loại 1,842,0.2806666666666667,8.420000000000002,0.36642776048936443,2.331094427156031,64.01354023433896,833.58,SURPLUS,LOW,0.0,Viên
10.L1.5050.5302.6,1,Chi nhánh Đà Nẵng UN,MIỀN TRUNG,Gạch 50x50 MS 5302 loại 1,364,0.12133333333333333,3.6399999999999997,0.15840820049658988,1.0077415338299232,42.0887950251212,360.36,SURPLUS,LOW,0.0,Viên
10.L1.5050.5312.6,1,Chi nhánh Đà Nẵng UN,MIỀN TRUNG,Gạch 50x50 MS 5312 loại 1,1400,0.4666666666666667,14.0,0.6092623096022686,3.875928976268935,82.54291812949997,1386.0,SURPLUS,LOW,0.0,Viên
10.L1.6060.5164.1,1,Chi nhánh Đà Nẵng UN,MIỀN TRUNG,Gạch 60x60 MS 5164 loại 1,336,0.112,3.3600000000000008,0.14622295430454446,0.9302229543045445,40.43760625952036,332.64,SURPLUS,LOW,0.0,Viên
10.L1.6060.5164.6,1,Chi nhánh Đà Nẵng UN,MIỀN TRUNG,Gạch 60x60 MS 5164 loại 1,826,0.2753333333333333,8.26,0.3594647626653385,2.286798095998672,63.40241846070752,817.74,SURPLUS,LOW,0.0,Viên
10.L1.6060.5164.9,1,Chi nhánh Đà Nẵng UN,MIỀN TRUNG,Gạch 60x60 MS 5164 loại 1,2184,0.728,21.84000000000001,0.9504492029795389,6.046449202979539,103.09607170013801,2162.16,SURPLUS,LOW,0.0,Viên
10.L1.6060.5166.7,1,Chi nhánh Đà Nẵng UN,MIỀN TRUNG,Gạch 60x60 MS 5166 loại 1,1068,0.356,10.68,0.4647801047537306,2.9567801047537308,72.09438258283373,1057.32,SURPLUS,LOW,0.0,Viên
10.L1.6060.5167.2,1,Chi nhánh Đà Nẵng UN,MIỀN TRUNG,Gạch 60x60 MS 5167 loại 1,238,0.1,3.000000000000001,0.13055620920048613,0.8305562092004862,38.2099463490856,235.0,SURPLUS,LOW,0.0,Viên
10.L1.6060.5167.4,1,Chi nhánh Đà Nẵng UN,MIỀN TRUNG,Gạch 60x60 MS 5167 loại 1,1411,0.4703333333333333,14.109999999999996,0.6140493706062865,3.9063827039396197,82.86655939923332,1396.89,SURPLUS,LOW,0.0,Viên
10.L1.6060.5167.6,1,Chi nhánh Đà Nẵng UN,MIỀN TRUNG,Gạch 60x60 MS 5167 loại 1,3136,1.0453333333333332,31.35999999999999,1.3647475735090815,8.682080906842414,123.53892773804807,3104.64,SURPLUS,LOW,0.0,Viên
10.L1.6060.5168.3,1,Chi nhánh Đà Nẵng UN,MIỀN TRUNG,Gạch 60x60 MS 5168 loại 1,140,0.1,3.000000000000001,0.13055620920048613,0.8305562092004862,38.2099463490856,137.0,SURPLUS,LOW,0.0,Viên
10.L1.6060.5168.4,1,Chi nhánh Đà Nẵng UN,MIỀN TRUNG,Gạch 60x60 MS 5168 loại 1,976,0.3253333333333333,9.759999999999998,0.4247428672655816,2.7020762005989147,68.91927645199611,966.24,SURPLUS,LOW,0.0,Viên
10.L1.6060.5168.5,1,Chi nhánh Đà Nẵng UN,MIỀN TRUNG,Gạch 60x60 MS 5168 loại 1,56,0.1,3.000000000000001,0.13055620920048613,0.8305562092004862,38.2099463490856,53.0,OK,LOW,0.0,Viên
10.L1.6060.5169.4,1,Chi nhánh Đà Nẵng UN,MIỀN TRUNG,Gạch 60x60 MS 5169 loại 1,1585,0.5283333333333333,15.849999999999994,0.6897719719425685,4.388105305275902,87.82748241106918,1569.15,SURPLUS,LOW,0.0,Viên
10.L1.6060.5169.6,1,Chi nhánh Đà Nẵng UN,MIỀN TRUNG,Gạch 60x60 MS 5169 loại 1,1447,0.48233333333333334,14.469999999999999,0.6297161157103448,4.006049449043678,83.9170225083485,1432.53,SURPLUS,LOW,0.0,Viên
10.L1.6060.5169.8,1,Chi nhánh Đà Nẵng UN,MIỀN TRUNG,Gạch 60x60 MS 5169 loại 1,726,0.242,7.26,0.3159460262651764,2.0099460262651765,59.4407267788677,718.74,SURPLUS,LOW,0.0,Viên
10.L1.6060.5189.4,1,Chi nhánh Đà Nẵng UN,MIỀN TRUNG,Gạch 60x60 MS 5189 loại 1,911,0.30366666666666664,9.11,0.3964556886054762,2.522122355272143,66.58478304637879,901.89,SURPLUS,LOW,0.0,Viên
10.L1.6060.5189.5,1,Chi nhánh Đà Nẵng UN,MIỀN TRUNG,Gạch 60x60 MS 5189 loại 1,978,0.32599999999999996,9.780000000000001,0.42561324199358475,2.7076132419935846,68.98985432656022,968.22,SURPLUS,LOW,0.0,Viên
10.L1.6060.5189.7,1,Chi nhánh Đà Nẵng UN,MIỀN TRUNG,Gạch 60x60 MS 5189 loại 1,3248,1.0826666666666669,32.48000000000001,1.4134885582772636,8.992155224943932,125.72562719403446,3215.52,SURPLUS,LOW,0.0,Viên
10.L1.6060.5189.8,1,Chi nhánh Đà Nẵng UN,MIỀN TRUNG,Gạch 60x60 MS 5189 loại 1,1150,0.38333333333333336,11.499999999999998,0.5004654686018636,3.1837988019351973,74.81087265008121,1138.5,SURPLUS,LOW,0.0,Viên
10.L1.6060.5191.2,1,Chi nhánh Đà Nẵng UN,MIỀN TRUNG,Gạch 60x60 MS 5191 loại 1,2374,0.7913333333333334,23.74000000000001,1.0331348021398472,6.572468135473182,107.48705348397391,2350.26,SURPLUS,LOW,0.0,Viên
10.L1.6060.5191.3,1,Chi nhánh Đà Nẵng UN,MIỀN TRUNG,Gạch 60x60 MS 5191 loại 1,2240,0.7466666666666667,22.4,0.9748196953636299,6.2014863620302965,104.4094504024101,2217.6,SURPLUS,LOW,0.0,Viên
10.L1.6060.5191.4,1,Chi nhánh Đà Nẵng UN,MIỀN TRUNG,Gạch 60x60 MS 5191 loại 1,1803,0.6010000000000001,18.03,0.7846428172949218,4.991642817294922,93.67283490959372,1784.97,SURPLUS,LOW,0.0,Viên
10.L1.6060.5191.5,1,Chi nhánh Đà Nẵng UN,MIỀN TRUNG,Gạch 60x60 MS 5191 loại 1,5628,1.8760000000000001,56.27999999999999,2.44923448460112,15.581234484601122,165.49803624212583,5571.72,SURPLUS,LOW,0.0,Viên
10.L1.6060.5191.6,1,Chi nhánh Đà Nẵng UN,MIỀN TRUNG,Gạch 60x60 MS 5191 loại 1,1124,0.37466666666666665,11.239999999999997,0.48915059713782133,3.111817263804488,73.96034973777054,1112.76,SURPLUS,LOW,0.0,Viên
10.L1.6060.5191.7,1,Chi nhánh Đà Nẵng UN,MIỀN TRUNG,Gạch 60x60 MS 5191 loại 1,984,0.328,9.839999999999996,0.4282243661775945,2.724224366177595,69.20115605970756,974.16,SURPLUS,LOW,0.0,Viên
10.L1.6060.5192.4,1,Chi nhánh Đà Nẵng UN,MIỀN TRUNG,Gạch 60x60 MS 5192 loại 1,1295,0.4316666666666667,12.950000000000001,0.5635676363820985,3.5852343030487654,79.38723658960132,1282.05,SURPLUS,LOW,0.0,Viên
10.L1.6060.5192.5,1,Chi nhánh Đà Nẵng UN,MIỀN TRUNG,Gạch 60x60 MS 5192 loại 1,789,0.263,7.89,0.34336283019727853,2.1843628301972786,61.96611977524493,781.11,SURPLUS,LOW,0.0,Viên
10.L1.6060.5192.6,1,Chi nhánh Đà Nẵng UN,MIỀN TRUNG,Gạch 60x60 MS 5192 loại 1,2424,0.808,24.240000000000002,1.054894170339928,6.7108941703399285,108.61307471939094,2399.76,SURPLUS,LOW,0.0,Viên
10.L1.6060.5195.4,1,Chi nhánh Đà Nẵng UN,MIỀN TRUNG,Gạch 60x60 MS 5195 loại 1,1046,0.3486666666666667,10.459999999999999,0.455205982745695,2.895872649412362,71.34797357552164,1035.54,SURPLUS,LOW,0.0,Viên
10.L1.6060.5195.5,1,Chi nhánh Đà Nẵng UN,MIỀN TRUNG,Gạch 60x60 MS 5195 loại 1,949,0.31633333333333336,9.489999999999998,0.41299280843753783,2.627326141770871,67.95930154634219,939.51,SURPLUS,LOW,0.0,Viên
10.L1.6060.5196.4,1,Chi nhánh Đà Nẵng UN,MIỀN TRUNG,Gạch 60x60 MS 5196 loại 1,1020,0.34,10.2,0.44389111128165293,2.8238911112816534,70.45565981523416,1009.8,SURPLUS,LOW,0.0,Viên
10.L1.6060.5196.5,1,Chi nhánh Đà Nẵng UN,MIỀN TRUNG,Gạch 60x60 MS 5196 loại 1,857,0.2856666666666667,8.569999999999999,0.37295557094938875,2.3726222376160555,64.5812150190234,848.43,SURPLUS,LOW,0.0,Viên
10.L1.6060.5196.6,1,Chi nhánh Đà Nẵng UN,MIỀN TRUNG,Gạch 60x60 MS 5196 loại 1,1046,0.3486666666666667,10.459999999999999,0.455205982745695,2.895872649412362,71.34797357552164,1035.54,SURPLUS,LOW,0.0,Viên
10.L1.6060.5412.3,1,Chi nhánh Đà Nẵng UN,MIỀN TRUNG,Gạch 60x60 MS 5412 loại 1,13356,4.452,133.56,5.812362433605642,36.976362433605644,254.9494067457306,13222.44,SURPLUS,LOW,0.0,Viên
10.L1.6060.5413.2,1,Chi nhánh Đà Nẵng UN,MIỀN TRUNG,Gạch 60x60 MS 5413 loại 1,551,0.18366666666666667,5.509999999999999,0.23978823756489293,1.5254549042315597,51.783523763194545,545.49,SURPLUS,LOW,0.0,Viên
10.L1.6060.5414.8,1,Chi nhánh Đà Nẵng UN,MIỀN TRUNG,Gạch 60x60 MS 5414 loại 1,20076,6.691999999999999,200.76000000000002,8.736821519696532,55.58082151969653,312.5751109733467,19875.24,SURPLUS,LOW,0.0,Viên
10.L1.6060.5444.2,1,Chi nhánh Đà Nẵng UN,MIỀN TRUNG,Gạch 60x60 MS 5444 loại 1,747,0.249,7.469999999999998,0.3250849609092105,2.0680849609092102,60.29427833551041,739.53,SURPLUS,LOW,0.0,Viên
10.L1.6060.5445.4,1,Chi nhánh Đà Nẵng UN,MIỀN TRUNG,Gạch 60x60 MS 5445 loại 1,709,0.23633333333333334,7.090000000000002,0.30854784107714894,1.9628811744104824,58.74067301850283,701.91,SURPLUS,LOW,0.0,Viên
10.L1.6060.5447.5,1,Chi nhánh Đà Nẵng UN,MIỀN TRUNG,Gạch 60x60 MS 5447 loại 1,70,0.1,3.000000000000001,0.13055620920048613,0.8305562092004862,38.2099463490856,67.0,OK,LOW,0.0,Viên
10.L1.6060.5447.6,1,Chi nhánh Đà Nẵng UN,MIỀN TRUNG,Gạch 60x60 MS 5447 loại 1,442,0.14733333333333334,4.420000000000001,0.19235281488871628,1.2236861482220498,46.37959321368253,437.58,SURPLUS,LOW,0.0,Viên
10.L1.6060.5462.7,1,Chi nhánh Đà Nẵng UN,MIỀN TRUNG,Gạch 60x60 MS 5462 loại 1,546,0.182,5.460000000000003,0.23761230074488474,1.5116123007448847,51.548035850069006,540.54,SURPLUS,LOW,0.0,Viên
10.L1.6060.5611.9,1,Chi nhánh Đà Nẵng UN,MIỀN TRUNG,Gạch 60x60 MS 5611 loại 1,135,0.1,3.000000000000001,0.13055620920048613,0.8305562092004862,38.2099463490856,132.0,SURPLUS,LOW,0.0,Viên
10.L1.6060.5613.1,1,Chi nhánh Đà Nẵng UN,MIỀN TRUNG,Gạch 60x60 MS 5613 loại 1,973,0.32433333333333336,9.730000000000002,0.42343730517357675,2.6937706385069102,68.81327391329863,963.27,SURPLUS,LOW,0.0,Viên
10.L1.6060.5613.3,1,Chi nhánh Đà Nẵng UN,MIỀN TRUNG,Gạch 60x60 MS 5613 loại 1,28,0.1,3.000000000000001,0.13055620920048613,0.8305562092004862,38.2099463490856,25.0,OK,LOW,0.0,Viên
10.L1.6060.5613.6,1,Chi nhánh Đà Nẵng UN,MIỀN TRUNG,Gạch 60x60 MS 5613 loại 1,2156,0.7186666666666667,21.560000000000006,0.9382639567874937,5.968930623454161,102.43306757748365,2134.44,SURPLUS,LOW,0.0,Viên
10.L1.6060.5613.8,1,Chi nhánh Đà Nẵng UN,MIỀN TRUNG,Gạch 60x60 MS 5613 loại 1,3600,1.2,36.00000000000001,1.5666745104058335,9.966674510405834,132.36313686219438,3564.0,SURPLUS,LOW,0.0,Viên
10.L1.6060.5613.9,1,Chi nhánh Đà Nẵng UN,MIỀN TRUNG,Gạch 60x60 MS 5613 loại 1,2633,0.8776666666666667,26.33,1.1458483294162667,7.289514996082934,113.19864545714907,2606.67,SURPLUS,LOW,0.0,Viên
10.L1.6060.5614.1,1,Chi nhánh Đà Nẵng UN,MIỀN TRUNG,Gạch 60x60 MS 5614 loại 1,496,0.16533333333333333,4.959999999999997,0.21585293254480376,1.373186265878137,49.131117091581245,491.04,SURPLUS,LOW,0.0,Viên
10.L1.6060.5615.4,1,Chi nhánh Đà Nẵng UN,MIỀN TRUNG,Gạch 60x60 MS 5615 loại 1,1500,0.5,15.0,0.6527810460024307,4.15278104600243,85.44003745317531,1485.0,SURPLUS,LOW,0.0,Viên
10.L1.6060.5616.8,1,Chi nhánh Đà Nẵng UN,MIỀN TRUNG,Gạch 60x60 MS 5616 loại 1,679,0.22633333333333333,6.790000000000003,0.2954922201571003,1.8798255534904338,57.48449066197479,672.21,SURPLUS,LOW,0.0,Viên
10.L1.6060.5617.4,1,Chi nhánh Đà Nẵng UN,MIỀN TRUNG,Gạch 60x60 MS 5617 loại 1,582,0.194,5.82,0.2532790458489431,1.6112790458489432,53.220296880043804,576.18,SURPLUS,LOW,0.0,Viên
10.L1.6060.5618.3,1,Chi nhánh Đà Nẵng UN,MIỀN TRUNG,Gạch 60x60 MS 5618 loại 1,1232,0.4106666666666667,12.319999999999995,0.5361508324499964,3.4108174991166633,77.43212081128434,1219.68,SURPLUS,LOW,0.0,Viên
10.L1.6060.5618.4,1,Chi nhánh Đà Nẵng UN,MIỀN TRUNG,Gạch 60x60 MS 5618 loại 1,231,0.1,3.000000000000001,0.13055620920048613,0.8305562092004862,38.2099463490856,228.0,SURPLUS,LOW,0.0,Viên
10.L1.6060.5618.5,1,Chi nhánh Đà Nẵng UN,MIỀN TRUNG,Gạch 60x60 MS 5618 loại 1,1064,0.3546666666666667,10.64,0.4630393552977242,2.945706021964391,71.95924772628834,1053.36,SURPLUS,LOW,0.0,Viên
10.L1.6060.5618.7,1,Chi nhánh Đà Nẵng UN,MIỀN TRUNG,Gạch 60x60 MS 5618 loại 1,350,0.11666666666666667,3.5,0.15231557740056714,0.9689822440672338,41.27145906474998,346.5,SURPLUS,LOW,0.0,Viên
10.L1.6060.5619.6,1,Chi nhánh Đà Nẵng UN,MIỀN TRUNG,Gạch 60x60 MS 5619 loại 1,210,0.1,3.000000000000001,0.13055620920048613,0.8305562092004862,38.2099463490856,207.0,SURPLUS,LOW,0.0,Viên
10.L1.6060.5622.6,1,Chi nhánh Đà Nẵng UN,MIỀN TRUNG,Gạch 60x60 MS 5622 loại 1,490,0.16333333333333336,4.8999999999999995,0.2132418083607941,1.3565751416941276,48.833048918398156,485.1,SURPLUS,LOW,0.0,Viên
10.L1.6060.5629.4,1,Chi nhánh Đà Nẵng UN,MIỀN TRUNG,Gạch 60x60 MS 5629 loại 1,588,0.196,5.879999999999999,0.25589017003295284,1.6278901700329529,53.49392488871984,582.12,SURPLUS,LOW,0.0,Viên
10.L1.6060.5673.4,1,Chi nhánh Đà Nẵng UN,MIỀN TRUNG,Gạch 60x60 MS 5673 loại 1,504,0.168,5.040000000000001,0.21933443145681672,1.3953344314568168,49.52575087769998,498.96,SURPLUS,LOW,0.0,Viên
10.L1.6060.5691.7,1,Chi nhánh Đà Nẵng UN,MIỀN TRUNG,Gạch 60x60 MS 5691 loại 1,504,0.168,5.040000000000001,0.21933443145681672,1.3953344314568168,49.52575087769998,498.96,SURPLUS,LOW,0.0,Viên
10.L1.6060.5713.4,1,Chi nhánh Đà Nẵng UN,MIỀN TRUNG,Gạch 60x60 MS 5713 Loại 1,966,0.322,9.659999999999995,0.42039099362556537,2.674390993625565,68.56529734493974,956.34,SURPLUS,LOW,0.0,Viên
10.L1.6060.5713.5,1,Chi nhánh Đà Nẵng UN,MIỀN TRUNG,Gạch 60x60 MS 5713 Loại 1,701,0.23366666666666666,7.009999999999997,0.30506634216513595,1.9407330088318027,58.408332738859556,693.99,SURPLUS,LOW,0.0,Viên
10.L1.6060.5719.4,1,Chi nhánh Đà Nẵng UN,MIỀN TRUNG,Gạch 60x60 MS 5719 Loại 1,586,0.19533333333333333,5.8599999999999985,0.2550197953049496,1.6223531286382828,53.40287133354036,580.14,SURPLUS,LOW,0.0,Viên
10.L1.6060.5719.5,1,Chi nhánh Đà Nẵng UN,MIỀN TRUNG,Gạch 60x60 MS 5719 Loại 1,777,0.259,7.770000000000002,0.3381405818292591,2.1511405818292593,61.493089042590796,769.23,SURPLUS,LOW,0.0,Viên
10.L1.6060.5719.6,1,Chi nhánh Đà Nẵng UN,MIỀN TRUNG,Gạch 60x60 MS 5719 Loại 1,1221,0.40700000000000003,12.21,0.5313637714459786,3.3803637714459787,77.08566663135242,1208.79,SURPLUS,LOW,0.0,Viên
10.L1.6060.5722.5,1,Chi nhánh Đà Nẵng UN,MIỀN TRUNG,Gạch 60x60 MS 5722 Loại 1,756,0.252,7.559999999999999,0.32900164718522507,2.093001647185225,60.65640938928053,748.44,SURPLUS,LOW,0.0,Viên
10.L1.6060.5726.5,1,Chi nhánh Đà Nẵng UN,MIỀN TRUNG,Gạch 60x60 MS 5726 Loại 1,529,0.17633333333333334,5.289999999999998,0.23021411555685725,1.4645474488901906,50.73920246384118,523.71,SURPLUS,LOW,0.0,Viên
10.L1.6060.5726.6,1,Chi nhánh Đà Nẵng UN,MIỀN TRUNG,Gạch 60x60 MS 5726 Loại 1,4480,1.4933333333333334,44.8,1.9496393907272598,12.402972724060593,147.65726079900938,4435.2,SURPLUS,LOW,0.0,Viên
10.L1.6060.6156.5,1,Chi nhánh Đà Nẵng UN,MIỀN TRUNG,Gạch 60x60 MS 6156 loại 1,6468,2.156,64.67999999999999,2.8147918703624812,17.906791870362483,177.41927741933793,6403.32,SURPLUS,LOW,0.0,Viên
10.L1.6060.6157.1,1,Chi nhánh Đà Nẵng UN,MIỀN TRUNG,Gạch 60x60 MS 6157 loại 1,2163,0.721,21.63,0.941310268335505,5.988310268335505,102.59922026994161,2141.37,SURPLUS,LOW,0.0,Viên
10.L1.6060.6157.3,1,Chi nhánh Đà Nẵng UN,MIỀN TRUNG,Gạch 60x60 MS 6157 loại 1,950,0.31666666666666665,9.499999999999998,0.4134279958015394,2.6300946624682062,67.99509786251751,940.5,SURPLUS,LOW,0.0,Viên
10.L1.6060.6157.5,1,Chi nhánh Đà Nẵng UN,MIỀN TRUNG,Gạch 60x60 MS 6157 loại 1,999,0.333,9.990000000000002,0.43475217663761884,2.7657521766376187,69.72660898107695,989.01,SURPLUS,LOW,0.0,Viên
10.L1.6060.6157.6,1,Chi nhánh Đà Nẵng UN,MIỀN TRUNG,Gạch 60x60 MS 6157 loại 1,1393,0.4643333333333333,13.930000000000005,0.6062159980542572,3.8565493313875905,82.33630224066822,1379.07,SURPLUS,LOW,0.0,Viên
10.L1.6060.6157.8,1,Chi nhánh Đà Nẵng UN,MIỀN TRUNG,Gạch 60x60 MS 6157 loại 1,266,0.1,3.000000000000001,0.13055620920048613,0.8305562092004862,38.2099463490856,263.0,SURPLUS,LOW,0.0,Viên
10.L1.6060.6157.9,1,Chi nhánh Đà Nẵng UN,MIỀN TRUNG,Gạch 60x60 MS 6157 loại 1,1970,0.6566666666666666,19.699999999999996,0.8573191070831923,5.453985773749859,97.91492906259664,1950.3,SURPLUS,LOW,0.0,Viên
10.L1.6060.6159.3,1,Chi nhánh Đà Nẵng UN,MIỀN TRUNG,Gạch 60x60 MS 6159 loại 1,1167,265.0,7950.0,892.3994148995083,2747.3994148995084,1966.9773765857094,-6783.0,URGENT_RESTOCK,HIGH,1966.9773765857094,Viên
10.L1.6060.6159.4,1,Chi nhánh Đà Nẵng UN,MIỀN TRUNG,Gạch 60x60 MS 6159 loại 1,1667,0.5556666666666668,16.670000000000005,0.7254573357907014,4.615124002457368,90.0707129611692,1650.33,SURPLUS,LOW,0.0,Viên
10.L1.6060.6159.5,1,Chi nhánh Đà Nẵng UN,MIỀN TRUNG,Gạch 60x60 MS 6159 loại 1,902,0.30066666666666664,9.019999999999998,0.3925390023294616,2.4972056689961284,66.2550626996408,892.98,SURPLUS,LOW,0.0,Viên
10.L1.6060.6159.7,1,Chi nhánh Đà Nẵng UN,MIỀN TRUNG,Gạch 60x60 MS 6159 loại 1,3865,1.2883333333333333,38.650000000000006,1.6819991618662633,10.700332495199596,137.14833818412336,3826.35,SURPLUS,LOW,0.0,Viên
10.L1.6060.6161.1,1,Chi nhánh Đà Nẵng UN,MIỀN TRUNG,Gạch 60x60 MS 6161 loại 1,2210,0.7366666666666667,22.10000000000001,0.9617640744435814,6.118430741110249,103.70792319458207,2187.9,SURPLUS,LOW,0.0,Viên
10.L1.6060.6161.2,1,Chi nhánh Đà Nẵng UN,MIỀN TRUNG,Gạch 60x60 MS 6161 loại 1,1348,0.44933333333333336,13.480000000000002,0.5866325666741844,3.7319659000075176,80.99547312453127,1334.52,SURPLUS,LOW,0.0,Viên
10.L1.6060.6161.3,1,Chi nhánh Đà Nẵng UN,MIỀN TRUNG,Gạch 60x60 MS 6161 loại 1,2645,0.8816666666666666,26.450000000000003,1.151070577784286,7.322737244450952,113.45630583327367,2618.55,SURPLUS,LOW,0.0,Viên
10.L1.6060.6161.4,1,Chi nhánh Đà Nẵng UN,MIỀN TRUNG,Gạch 60x60 MS 6161 loại 1,1724,0.5746666666666668,17.240000000000002,0.7502630155387937,4.772929682205461,91.5976710038707,1706.76,SURPLUS,LOW,0.0,Viên
10.L1.6060.6161.5,1,Chi nhánh Đà Nẵng UN,MIỀN TRUNG,Gạch 60x60 MS 6161 loại 1,1169,0.38966666666666666,11.690000000000001,0.5087340285178943,3.2364006951845607,75.42634376219844,1157.31,SURPLUS,LOW,0.0,Viên
10.L1.6060.6161.6,1,Chi nhánh Đà Nẵng UN,MIỀN TRUNG,Gạch 60x60 MS 6161 loại 1,3116,1.0386666666666666,31.160000000000004,1.3560438262290493,8.626710492895715,123.14435973008807,3084.84,SURPLUS,LOW,0.0,Viên
10.L1.6060.6161.7,1,Chi nhánh Đà Nẵng UN,MIỀN TRUNG,Gạch 60x60 MS 6161 loại 1,1290,0.43,12.899999999999999,0.5613916995620905,3.5713916995620902,79.23383115816122,1277.1,SURPLUS,LOW,0.0,Viên
10.L1.6060.6161.8,1,Chi nhánh Đà Nẵng UN,MIỀN TRUNG,Gạch 60x60 MS 6161 loại 1,1959,0.653,19.589999999999993,0.8525320460791744,5.423532046079174,97.64117983719778,1939.41,SURPLUS,LOW,0.0,Viên
10.L1.6060.6161.9,1,Chi nhánh Đà Nẵng UN,MIỀN TRUNG,Gạch 60x60 MS 6161 loại 1,2175,0.725,21.750000000000007,0.9465325167035245,6.021532516703525,102.88342918079665,2153.25,SURPLUS,LOW,0.0,Viên
10.L1.6060.6162.4,1,Chi nhánh Đà Nẵng UN,MIỀN TRUNG,Gạch 60x60 MS 6162 loại 1,1650,0.55,16.500000000000004,0.7180591506026738,4.568059150602674,89.61026726887941,1633.5,SURPLUS,LOW,0.0,Viên
10.L1.6060.6162.5,1,Chi nhánh Đà Nẵng UN,MIỀN TRUNG,Gạch 60x60 MS 6162 loại 1,805,0.26833333333333337,8.050000000000002,0.3503258280213045,2.228659161354638,62.591266696454284,796.95,SURPLUS,LOW,0.0,Viên
10.L1.6060.6162.6,1,Chi nhánh Đà Nẵng UN,MIỀN TRUNG,Gạch 60x60 MS 6162 loại 1,1865,0.6216666666666667,18.65,0.8116244338630223,5.163291100529689,95.26979234433827,1846.35,SURPLUS,LOW,0.0,Viên
10.L1.6060.6162.7,1,Chi nhánh Đà Nẵng UN,MIỀN TRUNG,Gạch 60x60 MS 6162 loại 1,1056,0.35200000000000004,10.560000000000002,0.4595578563857113,2.923557856385712,71.68821381510354,1045.44,SURPLUS,LOW,0.0,Viên
10.L1.6060.6163.1,1,Chi nhánh Đà Nẵng UN,MIỀN TRUNG,Gạch 60x60 MS 6163 loại 1,3267,1.089,32.669999999999995,1.421757118193294,9.044757118193294,126.09282295198248,3234.33,SURPLUS,LOW,0.0,Viên
10.L1.6060.6163.3,1,Chi nhánh Đà Nẵng UN,MIỀN TRUNG,Gạch 60x60 MS 6163 loại 1,2414,0.8046666666666666,24.139999999999993,1.0505422966999118,6.683208963366578,108.38880631012287,2389.86,SURPLUS,LOW,0.0,Viên
10.L1.6060.6163.4,1,Chi nhánh Đà Nẵng UN,MIỀN TRUNG,Gạch 60x60 MS 6163 loại 1,2635,203.5,6105.0,963.1759202191246,2387.6759202191247,1723.6879067859122,-3470.0,RESTOCK,MEDIUM,1723.6879067859122,Viên
10.L1.6060.6163.5,1,Chi nhánh Đà Nẵng UN,MIỀN TRUNG,Gạch 60x60 MS 6163 loại 1,1463,0.4876666666666667,14.629999999999995,0.6366791135343708,4.050345780201038,84.37969740010527,1448.37,SURPLUS,LOW,0.0,Viên
10.L1.6060.6163.8,1,Chi nhánh Đà Nẵng UN,MIỀN TRUNG,Gạch 60x60 MS 6163 loại 1,1450,0.48333333333333334,14.499999999999995,0.6310216778023496,4.014355011135683,84.0039681602403,1435.5,SURPLUS,LOW,0.0,Viên
10.L1.8080.5816.3,1,Chi nhánh Đà Nẵng UN,MIỀN TRUNG,Gạch 80x80 MS 5816 loại 1,1204,0.4013333333333334,12.040000000000003,0.5239655862579511,3.3332989195912845,76.54715322379185,1191.96,SURPLUS,LOW,0.0,Viên
10.L1.8080.5818.5,1,Chi nhánh Đà Nẵng UN,MIỀN TRUNG,Gạch 80x80 MS 5818 loại 1,154,0.1,3.000000000000001,0.13055620920048613,0.8305562092004862,38.2099463490856,151.0,SURPLUS,LOW,0.0,Viên
10.L1.8080.5819.4,1,Chi nhánh Đà Nẵng UN,MIỀN TRUNG,Gạch 80x80 MS 5819 loại 1,210,0.1,3.000000000000001,0.13055620920048613,0.8305562092004862,38.2099463490856,207.0,SURPLUS,LOW,0.0,Viên
10.L1.8080.5821.6,1,Chi nhánh Đà Nẵng UN,MIỀN TRUNG,Gạch 80x80 MS 5821 loại 1,210,0.1,3.000000000000001,0.13055620920048613,0.8305562092004862,38.2099463490856,207.0,SURPLUS,LOW,0.0,Viên
10.L1.8080.5874.2,1,Chi nhánh Đà Nẵng UN,MIỀN TRUNG,Gạch 80x80 MS 5874 loại 1,448,0.14933333333333335,4.480000000000002,0.19496393907272597,1.2402972724060595,46.693325718636345,443.52,SURPLUS,LOW,0.0,Viên
10.L1.8080.5874.3,1,Chi nhánh Đà Nẵng UN,MIỀN TRUNG,Gạch 80x80 MS 5874 loại 1,1146,0.382,11.459999999999997,0.49872471914585703,3.172724719145857,74.68065345188137,1134.54,SURPLUS,LOW,0.0,Viên
10.L1.8080.5874.6,1,Chi nhánh Đà Nẵng UN,MIỀN TRUNG,Gạch 80x80 MS 5874 loại 1,332,0.11066666666666668,3.319999999999999,0.144482204848538,0.9191488715152047,40.19618555700694,328.68,SURPLUS,LOW,0.0,Viên
10.L1.8080.5875.3,1,Chi nhánh Đà Nẵng UN,MIỀN TRUNG,Gạch 80x80 MS 5875 loại 1,898,0.29933333333333334,8.98,0.39079825287345527,2.4861315862067888,66.10799245678746,889.02,SURPLUS,LOW,0.0,Viên
10.L1.8080.5875.4,1,Chi nhánh Đà Nẵng UN,MIỀN TRUNG,Gạch 80x80 MS 5875 loại 1,1192,0.3973333333333333,11.920000000000003,0.5187433378899315,3.300076671223265,76.16473374644374,1180.08,SURPLUS,LOW,0.0,Viên
10.L1.8080.5875.5,1,Chi nhánh Đà Nẵng UN,MIỀN TRUNG,Gạch 80x80 MS 5875 loại 1,231,0.1,3.000000000000001,0.13055620920048613,0.8305562092004862,38.2099463490856,228.0,SURPLUS,LOW,0.0,Viên
10.L1.8080.5875.7,1,Chi nhánh Đà Nẵng UN,MIỀN TRUNG,Gạch 80x80 MS 5875 loại 1,300,0.1,3.000000000000001,0.13055620920048613,0.8305562092004862,38.2099463490856,297.0,SURPLUS,LOW,0.0,Viên
10.L1.8080.5876.5,1,Chi nhánh Đà Nẵng UN,MIỀN TRUNG,Gạch 80x80 MS 5876 loại 1,607,0.20233333333333334,6.070000000000002,0.2641587299489836,1.680492063282317,54.35132626410019,600.93,SURPLUS,LOW,0.0,Viên
10.L1.8080.5877.3,1,Chi nhánh Đà Nẵng UN,MIỀN TRUNG,Gạch 80x80 MS 5877 loại 1,392,0.13066666666666665,3.9199999999999986,0.1705934466886352,1.0852601133553017,43.677606772044335,388.08,SURPLUS,LOW,0.0,Viên
10.L1.8080.5877.4,1,Chi nhánh Đà Nẵng UN,MIỀN TRUNG,Gạch 80x80 MS 5877 loại 1,425,0.14166666666666666,4.25,0.1849546297006887,1.1766212963673555,45.478932851742826,420.75,SURPLUS,LOW,0.0,Viên
10.L1.8080.5877.5,1,Chi nhánh Đà Nẵng UN,MIỀN TRUNG,Gạch 80x80 MS 5877 loại 1,495,0.165,4.95,0.21541774518080214,1.3704177451808022,49.08156476723211,490.05,SURPLUS,LOW,0.0,Viên
10.L1.8080.5877.6,1,Chi nhánh Đà Nẵng UN,MIỀN TRUNG,Gạch 80x80 MS 5877 loại 1,749,0.24966666666666668,7.4899999999999975,0.32595533563721374,2.0736220023038805,60.37493961349637,741.51,SURPLUS,LOW,0.0,Viên
10.L1.8080.5879.3,1,Chi nhánh Đà Nẵng UN,MIỀN TRUNG,Gạch 80x80 MS 5879 loại 1,770,0.25666666666666665,7.700000000000001,0.3350942702812478,2.1317609369479142,61.215466455245874,762.3,SURPLUS,LOW,0.0,Viên
10.L1.8080.5879.5,1,Chi nhánh Đà Nẵng UN,MIỀN TRUNG,Gạch 80x80 MS 5879 loại 1,358,0.11933333333333333,3.580000000000001,0.15579707631258014,0.9911304096459135,41.74046797373823,354.42,SURPLUS,LOW,0.0,Viên
10.L1.8080.5880.5,1,Chi nhánh Đà Nẵng UN,MIỀN TRUNG,Gạch 80x80 MS 5880 loại 1,419,0.1396666666666667,4.190000000000001,0.182343505516679,1.1600101721833458,45.15676398208062,414.81,SURPLUS,LOW,0.0,Viên
10.L1.8080.5887.4,1,Chi nhánh Đà Nẵng UN,MIỀN TRUNG,Gạch 80x80 MS 5887 loại 1,413,0.13766666666666666,4.13,0.17973238133266925,1.143399047999336,44.832280037193435,408.87,SURPLUS,LOW,0.0,Viên
10.L1.8080.5887.5,1,Chi nhánh Đà Nẵng UN,MIỀN TRUNG,Gạch 80x80 MS 5887 loại 1,658,0.21933333333333332,6.579999999999998,0.28635328551306627,1.8216866188463996,56.58857364050331,651.42,SURPLUS,LOW,0.0,Viên
10.L1.8080.5887.7,1,Chi nhánh Đà Nẵng UN,MIỀN TRUNG,Gạch 80x80 MS 5887 loại 1,970,0.32333333333333336,9.700000000000005,0.4221317430815719,2.6854650764149057,68.70710783220807,960.3,SURPLUS,LOW,0.0,Viên
10.L1.8080.5889.4,1,Chi nhánh Đà Nẵng UN,MIỀN TRUNG,Gạch 80x80 MS 5889 loại 1,791,0.26366666666666666,7.909999999999998,0.34423320492528175,2.1898998715919484,62.044607608827164,783.09,SURPLUS,LOW,0.0,Viên
10.L1.8080.5889.5,1,Chi nhánh Đà Nẵng UN,MIỀN TRUNG,Gạch 80x80 MS 5889 loại 1,854,0.2846666666666667,8.54,0.3716500088573839,2.3643166755240506,64.46807995693166,845.46,SURPLUS,LOW,0.0,Viên
10.L1.8080.5889.6,1,Chi nhánh Đà Nẵng UN,MIỀN TRUNG,Gạch 80x80 MS 5889 loại 1,63,0.1,3.000000000000001,0.13055620920048613,0.8305562092004862,38.2099463490856,60.0,OK,LOW,0.0,Viên
10.L1.8080.5889.7,1,Chi nhánh Đà Nẵng UN,MIỀN TRUNG,Gạch 80x80 MS 5889 loại 1,648,0.21600000000000003,6.480000000000002,0.2820014118730501,1.7940014118730503,56.15692299262843,641.52,SURPLUS,LOW,0.0,Viên
10.L1.8080.5891.4,1,Chi nhánh Đà Nẵng UN,MIỀN TRUNG,Gạch 80x80 MS 5891 loại 1,643,0.21433333333333332,6.43,0.27982547505304195,1.7801588083863753,55.939848647155515,636.57,SURPLUS,LOW,0.0,Viên
10.L1.8080.5891.5,1,Chi nhánh Đà Nẵng UN,MIỀN TRUNG,Gạch 80x80 MS 5891 loại 1,396,0.132,3.960000000000001,0.1723341961446417,1.0963341961446418,43.899886104635854,392.04,SURPLUS,LOW,0.0,Viên
10.L1.8080.5891.7,1,Chi nhánh Đà Nẵng UN,MIỀN TRUNG,Gạch 80x80 MS 5891 loại 1,1116,0.372,11.16,0.4856690982258084,3.0896690982258086,73.69667563737187,1104.84,SURPLUS,LOW,0.0,Viên
10.L1.8080.5894.2,1,Chi nhánh Đà Nẵng UN,MIỀN TRUNG,Gạch 80x80 MS 5894 loại 1,5040,1.68,50.4,2.1933443145681673,13.953344314568167,156.61417560361514,4989.6,SURPLUS,LOW,0.0,Viên
10.L1.8080.5895.5,1,Chi nhánh Đà Nẵng UN,MIỀN TRUNG,Gạch 80x80 MS 5895 loại 1,638,0.21266666666666667,6.379999999999998,0.27764953823303384,1.7663162048997005,55.721928657695734,631.62,SURPLUS,LOW,0.0,Viên
10.L1.8080.5895.6,1,Chi nhánh Đà Nẵng UN,MIỀN TRUNG,Gạch 80x80 MS 5895 loại 1,352,0.11733333333333333,3.5199999999999996,0.1531859521285704,0.9745192854619038,41.38920954387347,348.48,SURPLUS,LOW,0.0,Viên
10.L1.8080.5896.5,1,Chi nhánh Đà Nẵng UN,MIỀN TRUNG,Gạch 80x80 MS 5896 loại 1,549,0.183,5.489999999999998,0.23891786283688962,1.5199178628368895,51.68945733899709,543.51,SURPLUS,LOW,0.0,Viên
10.L1.8080.5896.6,1,Chi nhánh Đà Nẵng UN,MIỀN TRUNG,Gạch 80x80 MS 5896 loại 1,860,0.2866666666666667,8.600000000000003,0.37426113304139363,2.3809277997080605,64.69415223444337,851.4,SURPLUS,LOW,0.0,Viên
10.L2.3060.4547,1,Chi nhánh Đà Nẵng UN,MIỀN TRUNG,Gạch 30x60 MS 4547 Loại 2,31827,10.609,318.26999999999987,13.850708234079574,88.11370823407958,393.56244739558167,31508.73,SURPLUS,LOW,0.0,Viên
10.L2.3060.4549,1,Chi nhánh Đà Nẵng UN,MIỀN TRUNG,Gạch 30x60 MS 4549 Loại 2,2987,0.9956666666666667,29.86999999999999,1.2999046562728405,8.269571322939507,120.56837617440709,2957.13,SURPLUS,LOW,0.0,Viên
10.L2.3060.4551,1,Chi nhánh Đà Nẵng UN,MIỀN TRUNG,Gạch 30x60 MS 4551 Loại 2,33600,11.2,335.9999999999999,14.622295430454447,93.02229543045443,404.37606259520356,33264.0,SURPLUS,LOW,0.0,Viên
10.L2.3060.4554,1,Chi nhánh Đà Nẵng UN,MIỀN TRUNG,Gạch 30x60 MS 4554 Loại 2,33031,11.010333333333334,330.31,14.374673820337527,91.44700715367085,400.93748473629483,32700.69,SURPLUS,LOW,0.0,Viên
10.L2.3060.4555,1,Chi nhánh Đà Nẵng UN,MIỀN TRUNG,Gạch 30x60 MS 4555 Loại 2,2240,0.7466666666666667,22.4,0.9748196953636299,6.2014863620302965,104.4094504024101,2217.6,SURPLUS,LOW,0.0,Viên
10.L2.3060.4556,1,Chi nhánh Đà Nẵng UN,MIỀN TRUNG,Gạch 30x60 MS 4556 Loại 2,4160,1.3866666666666667,41.60000000000002,1.8103794342467412,11.517046100913408,142.2860967675104,4118.4,SURPLUS,LOW,0.0,Viên
10.L2.3060.4557,1,Chi nhánh Đà Nẵng UN,MIỀN TRUNG,Gạch 30x60 MS 4557 Loại 2,33600,11.2,335.9999999999999,14.622295430454447,93.02229543045443,404.37606259520356,33264.0,SURPLUS,LOW,0.0,Viên
10.L2.3060.4564,1,Chi nhánh Đà Nẵng UN,MIỀN TRUNG,Gạch 30x60 MS 4564 Loại 2,29848,9.949333333333334,298.4800000000001,12.989472440720368,82.6348057740537,381.1302489525945,29549.52,SURPLUS,LOW,0.0,Viên
10.L2.3060.4565,1,Chi nhánh Đà Nẵng UN,MIỀN TRUNG,Gạch 30x60 MS 4565 Loại 2,6720,2.24,67.2,2.9244590860908897,18.60445908609089,180.84247288731703,6652.8,SURPLUS,LOW,0.0,Viên
10.L2.3060.4566,1,Chi nhánh Đà Nẵng UN,MIỀN TRUNG,Gạch 30x60 MS 4566 Loại 2,18480,6.16,184.79999999999998,8.042262486749946,51.16226248674995,299.893314363625,18295.2,SURPLUS,LOW,0.0,Viên
10.L2.3060.4567,1,Chi nhánh Đà Nẵng UN,MIỀN TRUNG,Gạch 30x60 MS 4567 Loại 2,29120,9.706666666666667,291.2,12.672656039727189,80.61932270639386,376.45362706890387,28828.8,SURPLUS,LOW,0.0,Viên
10.L2.3060.4569,1,Chi nhánh Đà Nẵng UN,MIỀN TRUNG,Gạch 30x60 MS 4569 Loại 2,19712,6.570666666666667,197.11999999999992,8.578413319199942,54.57307998586661,309.72848324513734,19514.88,SURPLUS,LOW,0.0,Viên
10.L2.6060.5191,1,Chi nhánh Đà Nẵng UN,MIỀN TRUNG,Gạch 60x60 MS 5191 loại 2,25704,8.568000000000001,257.0400000000001,11.186056004297653,71.16205600429767,353.6846052629376,25446.96,SURPLUS,LOW,0.0,Viên
10.L2.6060.5195,1,Chi nhánh Đà Nẵng UN,MIỀN TRUNG,Gạch 60x60 MS 5195 loại 2,16296,5.432,162.95999999999992,7.091813283770408,45.11581328377041,281.61534049124526,16133.04,SURPLUS,LOW,0.0,Viên
10.L2.6060.6103,1,Chi nhánh Đà Nẵng UN,MIỀN TRUNG,Gạch 60x60 MS 6103 loại 2,11200,3.7333333333333334,112.0,4.874098476818149,31.00743181015148,233.46662859318175,11088.0,SURPLUS,LOW,0.0,Viên
10.L2.6060.6157,1,Chi nhánh Đà Nẵng UN,MIỀN TRUNG,Gạch 60x60 MS 6157 loại 2,20160,6.72,201.6,8.773377258272669,55.813377258272666,313.2283512072303,19958.4,SURPLUS,LOW,0.0,Viên
10.L3.3060.4554,1,Chi nhánh Đà Nẵng UN,MIỀN TRUNG,Gạch 30x60 MS 4554 Loại 3,12320,4.1066666666666665,123.20000000000002,5.361508324499964,34.10817499116663,244.8618658209835,12196.8,SURPLUS,LOW,0.0,Viên
12.L1.1033.1301.1,1,Chi nhánh Đà Nẵng UN,MIỀN TRUNG,Gạch 10x33 MS 1301 Loại 1,4914,1.6380000000000001,49.13999999999999,2.138510706703963,13.604510706703964,154.64410755020702,4864.86,SURPLUS,LOW,0.0,Viên
12.L1.1033.1302.1,1,Chi nhánh Đà Nẵng UN,MIỀN TRUNG,Gạch 10x33 MS 1302 Loại 1,2108,0.7026666666666668,21.08,0.9173749633154161,5.836041629982084,101.28639263658931,2086.92,SURPLUS,LOW,0.0,Viên
12.L1.1033.1303.1,1,Chi nhánh Đà Nẵng UN,MIỀN TRUNG,Gạch 10x33 MS 1303 Loại 1,6860,2.286666666666667,68.60000000000001,2.9853853170511164,18.992051983717783,182.7165382042177,6791.4,SURPLUS,LOW,0.0,Viên
12.L1.1033.1303.2,1,Chi nhánh Đà Nẵng UN,MIỀN TRUNG,Gạch 10x33 MS 1303 Loại 1,3589,1.1963333333333332,35.89,1.5618874494018158,9.936220782735148,132.16076069191894,3553.11,SURPLUS,LOW,0.0,Viên
12.L1.1033.1304.1,1,Chi nhánh Đà Nẵng UN,MIỀN TRUNG,Gạch 10x33 MS 1304 Loại 1,6300,2.1,63.000000000000014,2.741680393210209,17.44168039321021,175.0999714448863,6237.0,SURPLUS,LOW,0.0,Viên
12.L1.1033.1304.2,1,Chi nhánh Đà Nẵng UN,MIỀN TRUNG,Gạch 10x33 MS 1304 Loại 1,3421,1.1403333333333334,34.21,1.488775972249544,9.471109305582878,129.03048735344166,3386.79,SURPLUS,LOW,0.0,Viên
12.L1.1033.1305.1,1,Chi nhánh Đà Nẵng UN,MIỀN TRUNG,Gạch 10x33 MS 1305 Loại 1,919,0.3063333333333333,9.189999999999996,0.39993718751748913,2.544270520850822,66.8765030983728,909.8100000000001,SURPLUS,LOW,0.0,Viên
12.L1.1033.1305.2,1,Chi nhánh Đà Nẵng UN,MIỀN TRUNG,Gạch 10x33 MS 1305 Loại 1,2640,0.8800000000000001,26.4,1.1488946409642782,7.308894640964279,113.34901852243804,2613.6,SURPLUS,LOW,0.0,Viên
12.L1.1033.1306.1,1,Chi nhánh Đà Nẵng UN,MIỀN TRUNG,Gạch 10x33 MS 1306 Loại 1,1834,0.6113333333333333,18.34,0.7981336255789718,5.0774669589123045,94.4746879680831,1815.66,SURPLUS,LOW,0.0,Viên
12.L1.1033.1307.1,1,Chi nhánh Đà Nẵng UN,MIỀN TRUNG,Gạch 10x33 MS 1307 Loại 1,2660,0.8866666666666667,26.6,1.1575983882443106,7.364265054910978,113.77756076368192,2633.4,SURPLUS,LOW,0.0,Viên
12.L1.1033.1308.1,1,Chi nhánh Đà Nẵng UN,MIỀN TRUNG,Gạch 10x33 MS 1308 Loại 1,8050,2.683333333333333,80.50000000000001,3.5032582802130445,22.286591613546378,197.93096439583843,7969.5,SURPLUS,LOW,0.0,Viên
12.L1.1033.1309.1,1,Chi nhánh Đà Nẵng UN,MIỀN TRUNG,Gạch 10x33 MS 1309 Loại 1,1800,0.6,18.000000000000004,0.7833372552029167,4.983337255202917,93.59487165438073,1782.0,SURPLUS,LOW,0.0,Viên
12.L1.1033.1310.1,1,Chi nhánh Đà Nẵng UN,MIỀN TRUNG,Gạch 10x33 MS 1310 Loại 1,4704,1.568,47.03999999999999,2.0471213602636227,13.023121360263623,151.3036681643905,4656.96,SURPLUS,LOW,0.0,Viên
12.L1.1033.1311.1,1,Chi nhánh Đà Nẵng UN,MIỀN TRUNG,Gạch 10x33 MS 1311 Loại 1,1246,0.4153333333333334,12.459999999999999,0.5422434555460192,3.449576788879353,77.87083322185957,1233.54,SURPLUS,LOW,0.0,Viên
12.L1.2040.2401.9,1,Chi nhánh Đà Nẵng UN,MIỀN TRUNG,Gạch 20x40 MS 2401 Loại 1,1344,0.448,13.440000000000003,0.5848918172181778,3.720891817218178,80.87521251904072,1330.56,SURPLUS,LOW,0.0,Viên
12.L1.2040.2402.9,1,Chi nhánh Đà Nẵng UN,MIỀN TRUNG,Gạch 20x40 MS 2402 Loại 1,168,0.1,3.000000000000001,0.13055620920048613,0.8305562092004862,38.2099463490856,165.0,SURPLUS,LOW,0.0,Viên
12.L1.2040.2403.3,1,Chi nhánh Đà Nẵng UN,MIỀN TRUNG,Gạch 20x40 MS 2403 Loại 1,4578,1.526,45.78000000000002,1.9922877523994185,12.674287752399419,149.26352535030117,4532.22,SURPLUS,LOW,0.0,Viên
12.L1.2040.2403.4,1,Chi nhánh Đà Nẵng UN,MIỀN TRUNG,Gạch 20x40 MS 2403 Loại 1,567,0.189,5.67,0.2467512353889188,1.5697512353889187,52.529991433465895,561.33,SURPLUS,LOW,0.0,Viên
12.L1.2040.2403.7,1,Chi nhánh Đà Nẵng UN,MIỀN TRUNG,Gạch 20x40 MS 2403 Loại 1,2352,0.784,23.519999999999996,1.0235606801318113,6.5115606801318116,106.98784977743968,2328.48,SURPLUS,LOW,0.0,Viên
12.L1.2040.2403.8,1,Chi nhánh Đà Nẵng UN,MIỀN TRUNG,Gạch 20x40 MS 2403 Loại 1,1725,0.575,17.249999999999996,0.7506982029027952,4.775698202902794,91.62423260251623,1707.75,SURPLUS,LOW,0.0,Viên
12.L1.2040.2404.5,1,Chi nhánh Đà Nẵng UN,MIỀN TRUNG,Gạch 20x40 MS 2404 Loại 1,147,0.1,3.000000000000001,0.13055620920048613,0.8305562092004862,38.2099463490856,144.0,SURPLUS,LOW,0.0,Viên
12.L1.2040.2404.8,1,Chi nhánh Đà Nẵng UN,MIỀN TRUNG,Gạch 20x40 MS 2404 Loại 1,735,0.24500000000000002,7.350000000000001,0.3198627125411911,2.0348627125411913,59.808026217222725,727.65,SURPLUS,LOW,0.0,Viên
12.L1.2040.2405.6,1,Chi nhánh Đà Nẵng UN,MIỀN TRUNG,Gạch 20x40 MS 2405 Loại 1,722,0.24066666666666667,7.220000000000001,0.31420527680917,1.9988719434758369,59.27675204777446,714.78,SURPLUS,LOW,0.0,Viên
12.L1.2040.2405.7,1,Chi nhánh Đà Nẵng UN,MIỀN TRUNG,Gạch 20x40 MS 2405 Loại 1,448,0.14933333333333335,4.480000000000002,0.19496393907272597,1.2402972724060595,46.693325718636345,443.52,SURPLUS,LOW,0.0,Viên
12.L1.2040.2406.4,1,Chi nhánh Đà Nẵng UN,MIỀN TRUNG,Gạch 20x40 MS 2406 Loại 1,1601,0.5336666666666667,16.01,0.6967349697665944,4.432401636433261,88.26966258762596,1584.99,SURPLUS,LOW,0.0,Viên
12.L1.2040.2407.3,1,Chi nhánh Đà Nẵng UN,MIỀN TRUNG,Gạch 20x40 MS 2407 Loại 1,812,0.2706666666666667,8.120000000000003,0.3533721395693159,2.248038806235983,62.86281359701723,803.88,SURPLUS,LOW,0.0,Viên
12.L1.2040.2408.3,1,Chi nhánh Đà Nẵng UN,MIỀN TRUNG,Gạch 20x40 MS 2408 Loại 1,504,0.168,5.040000000000001,0.21933443145681672,1.3953344314568168,49.52575087769998,498.96,SURPLUS,LOW,0.0,Viên
12.L1.2040.2408.4,1,Chi nhánh Đà Nẵng UN,MIỀN TRUNG,Gạch 20x40 MS 2408 Loại 1,616,0.20533333333333334,6.1599999999999975,0.2680754162249982,1.7054087495583317,54.75277770731515,609.84,SURPLUS,LOW,0.0,Viên
12.L1.2040.2409.1,1,Chi nhánh Đà Nẵng UN,MIỀN TRUNG,Gạch 20x40 MS 2409 Loại 1,1176,0.392,11.759999999999998,0.5117803400659057,3.2557803400659058,75.65183408219525,1164.24,SURPLUS,LOW,0.0,Viên
12.L1.2040.2409.3,1,Chi nhánh Đà Nẵng UN,MIỀN TRUNG,Gạch 20x40 MS 2409 Loại 1,1638,0.5459999999999999,16.379999999999995,0.7128369022346541,4.5348369022346535,89.28381712270146,1621.62,SURPLUS,LOW,0.0,Viên
12.L1.2040.2410.2,1,Chi nhánh Đà Nẵng UN,MIỀN TRUNG,Gạch 20x40 MS 2410 Loại 1,1294,0.4313333333333333,12.939999999999996,0.5631324490180969,3.58246578235143,79.35657922734993,1281.06,SURPLUS,LOW,0.0,Viên
12.L1.2040.2412.3,1,Chi nhánh Đà Nẵng UN,MIỀN TRUNG,Gạch 20x40 MS 2412 Loại 1,336,0.112,3.3600000000000008,0.14622295430454446,0.9302229543045445,40.43760625952036,332.64,SURPLUS,LOW,0.0,Viên
12.L1.2040.2413.1,1,Chi nhánh Đà Nẵng UN,MIỀN TRUNG,Gạch 20x40 MS 2413 Loại 1,588,0.196,5.879999999999999,0.25589017003295284,1.6278901700329529,53.49392488871984,582.12,SURPLUS,LOW,0.0,Viên
12.L1.2040.2414.4,1,Chi nhánh Đà Nẵng UN,MIỀN TRUNG,Gạch 20x40 MS 2414 Loại 1,1680,0.56,16.8,0.7311147715227224,4.651114771522723,90.42123644365851,1663.2,SURPLUS,LOW,0.0,Viên
12.L1.2040.2415.2,1,Chi nhánh Đà Nẵng UN,MIỀN TRUNG,Gạch 20x40 MS 2415 Loại 1,840,0.28,8.4,0.3655573857613612,2.3255573857613614,63.93746945258312,831.6,SURPLUS,LOW,0.0,Viên
12.L1.2040.U2421.1,1,Chi nhánh Đà Nẵng UN,MIỀN TRUNG,Gạch 20x40 MS U2421 Loại 1,864,0.28800000000000003,8.640000000000002,0.3760018824974001,2.3920018824974,64.84442921331022,855.36,SURPLUS,LOW,0.0,Viên
12.L1.2040.U2422.1,1,Chi nhánh Đà Nẵng UN,MIỀN TRUNG,Gạch 20x40 MS U2422 Loại 1,1121,0.3736666666666667,11.21,0.4878450350458166,3.1035117017124834,73.86158225582048,1109.79,SURPLUS,LOW,0.0,Viên
12.L1.2040.U2423.1,1,Chi nhánh Đà Nẵng UN,MIỀN TRUNG,Gạch 20x40 MS U2423 Loại 1,854,0.2846666666666667,8.54,0.3716500088573839,2.3643166755240506,64.46807995693166,845.46,SURPLUS,LOW,0.0,Viên
12.L1.2040.U2424.1,1,Chi nhánh Đà Nẵng UN,MIỀN TRUNG,Gạch 20x40 MS U2424 Loại 1,1399,0.4663333333333333,13.989999999999998,0.6088271222382671,3.8731604555716004,82.51343324978465,1385.01,SURPLUS,LOW,0.0,Viên
12.L1.2040.U2424.3,1,Chi nhánh Đà Nẵng UN,MIỀN TRUNG,Gạch 20x40 MS U2424 Loại 1,1346,0.4486666666666667,13.459999999999997,0.5857621919461812,3.7264288586128482,80.93536515846046,1332.54,SURPLUS,LOW,0.0,Viên
12.L1.2040.U2424.4,1,Chi nhánh Đà Nẵng UN,MIỀN TRUNG,Gạch 20x40 MS U2424 Loại 1,7392,2.464,73.91999999999999,3.2169049946999784,20.464904994699978,189.66918568918885,7318.08,SURPLUS,LOW,0.0,Viên
12.L1.2040.U2425.1,1,Chi nhánh Đà Nẵng UN,MIỀN TRUNG,Gạch 20x40 MS U2425 Loại 1,984,0.328,9.839999999999996,0.4282243661775945,2.724224366177595,69.20115605970756,974.16,SURPLUS,LOW,0.0,Viên
12.L1.2040.U2425.2,1,Chi nhánh Đà Nẵng UN,MIỀN TRUNG,Gạch 20x40 MS U2425 Loại 1,163,0.1,3.000000000000001,0.13055620920048613,0.8305562092004862,38.2099463490856,160.0,SURPLUS,LOW,0.0,Viên
12.L1.2040.U2425.3,1,Chi nhánh Đà Nẵng UN,MIỀN TRUNG,Gạch 20x40 MS U2425 Loại 1,728,0.24266666666666667,7.279999999999999,0.31681640099317976,2.0154830676598463,59.52254474846765,720.72,SURPLUS,LOW,0.0,Viên
12.L1.2040.U2425.4,1,Chi nhánh Đà Nẵng UN,MIỀN TRUNG,Gạch 20x40 MS U2425 Loại 1,628,0.20933333333333334,6.28,0.27329766459301763,1.738630997926351,55.28351170707833,621.72,SURPLUS,LOW,0.0,Viên
12.L1.2040.U2426.1,1,Chi nhánh Đà Nẵng UN,MIỀN TRUNG,Gạch 20x40 MS U2426 Loại 1,981,0.327,9.81,0.4269188040855897,2.71591880408559,69.0955859661093,971.19,SURPLUS,LOW,0.0,Viên
12.L1.2040.U2426.2,1,Chi nhánh Đà Nẵng UN,MIỀN TRUNG,Gạch 20x40 MS U2426 Loại 1,840,0.28,8.4,0.3655573857613612,2.3255573857613614,63.93746945258312,831.6,SURPLUS,LOW,0.0,Viên
12.L1.2040.U2426.3,1,Chi nhánh Đà Nẵng UN,MIỀN TRUNG,Gạch 20x40 MS U2426 Loại 1,1254,0.41800000000000004,12.539999999999996,0.5457249544580322,3.471724954458032,78.12041986574317,1241.46,SURPLUS,LOW,0.0,Viên
12.L1.2040.U2426.4,1,Chi nhánh Đà Nẵng UN,MIỀN TRUNG,Gạch 20x40 MS U2426 Loại 1,2520,0.84,25.2,1.0966721572840836,6.976672157284083,110.74294559925701,2494.8,SURPLUS,LOW,0.0,Viên
12.L1.2040.U2427.1,1,Chi nhánh Đà Nẵng UN,MIỀN TRUNG,Gạch 20x40 MS U2427 Loại 1,1104,0.36800000000000005,11.040000000000003,0.48044684985778907,3.0564468498577897,73.299386082013,1092.96,SURPLUS,LOW,0.0,Viên
12.L1.2040.U2427.2,1,Chi nhánh Đà Nẵng UN,MIỀN TRUNG,Gạch 20x40 MS U2427 Loại 1,574,0.19133333333333333,5.740000000000001,0.24979754693693013,1.5891308802702633,52.853255970343646,568.26,SURPLUS,LOW,0.0,Viên
12.L1.2040.U2427.3,1,Chi nhánh Đà Nẵng UN,MIỀN TRUNG,Gạch 20x40 MS U2427 Loại 1,6048,2.016,60.47999999999999,2.6320131774818005,16.7440131774818,171.56223360635056,5987.52,SURPLUS,LOW,0.0,Viên
12.L1.2040.U2428.1,1,Chi nhánh Đà Nẵng UN,MIỀN TRUNG,Gạch 20x40 MS U2428 Loại 1,751,0.25033333333333335,7.510000000000003,0.32682571036521696,2.0791590436985503,60.45549327122116,743.49,SURPLUS,LOW,0.0,Viên
12.L1.2040.U2428.2,1,Chi nhánh Đà Nẵng UN,MIỀN TRUNG,Gạch 20x40 MS U2428 Loại 1,1364,0.45466666666666666,13.639999999999997,0.5935955644982103,3.7762622311648766,81.47474046189612,1350.36,SURPLUS,LOW,0.0,Viên
12.L1.2550.2501.10,1,Chi nhánh Đà Nẵng UN,MIỀN TRUNG,Gạch 25x50 MS 2501 Loại 1,3360,1.12,33.6,1.4622295430454448,9.302229543045446,127.87493890516625,3326.4,SURPLUS,LOW,0.0,Viên
12.L1.2550.2501.5,1,Chi nhánh Đà Nẵng UN,MIỀN TRUNG,Gạch 25x50 MS 2501 Loại 1,1123,0.37433333333333335,11.229999999999995,0.48871540977381983,3.109048743107153,73.9274419053349,1111.77,SURPLUS,LOW,0.0,Viên
12.L1.2550.2502.10,1,Chi nhánh Đà Nẵng UN,MIỀN TRUNG,Gạch 25x50 MS 2502 Loại 1,766,0.25533333333333336,7.660000000000002,0.33335352082524133,2.1206868541585746,61.05625821049524,758.34,SURPLUS,LOW,0.0,Viên
12.L1.2550.2502.13,1,Chi nhánh Đà Nẵng UN,MIỀN TRUNG,Gạch 25x50 MS 2502 Loại 1,1488,0.49600000000000005,14.880000000000004,0.6475587976344114,4.1195587976344115,85.09759103523437,1473.12,SURPLUS,LOW,0.0,Viên
12.L1.2550.2503.8,1,Chi nhánh Đà Nẵng UN,MIỀN TRUNG,Gạch 25x50 MS 2503 Loại 1,691,0.23033333333333333,6.91,0.30071446852511974,1.9130478018584531,57.990229062029634,684.09,SURPLUS,LOW,0.0,Viên
12.L1.2550.2504.9,1,Chi nhánh Đà Nẵng UN,MIỀN TRUNG,Gạch 25x50 MS 2504 Loại 1,487,0.16233333333333333,4.870000000000002,0.21193624626878918,1.3482695796021227,48.68333048042899,482.13,SURPLUS,LOW,0.0,Viên
12.L1.2550.2505.10,1,Chi nhánh Đà Nẵng UN,MIỀN TRUNG,Gạch 25x50 MS 2505 Loại 1,1701,0.5670000000000001,17.01,0.7402537061667565,4.7092537061667565,90.9846140839208,1683.99,SURPLUS,LOW,0.0,Viên
12.L1.2550.2505.9,1,Chi nhánh Đà Nẵng UN,MIỀN TRUNG,Gạch 25x50 MS 2505 Loại 1,985,0.3283333333333333,9.849999999999998,0.42865955354159613,2.7269928868749296,69.23631031956185,975.15,SURPLUS,LOW,0.0,Viên
12.L1.2550.2506.5,1,Chi nhánh Đà Nẵng UN,MIỀN TRUNG,Gạch 25x50 MS 2506 Loại 1,1792,0.5973333333333334,17.92000000000001,0.7798557562909039,4.961189089624238,93.38665143727269,1774.08,SURPLUS,LOW,0.0,Viên
12.L1.2550.2507.5,1,Chi nhánh Đà Nẵng UN,MIỀN TRUNG,Gạch 25x50 MS 2507 Loại 1,956,0.3186666666666667,9.560000000000004,0.4160391199855492,2.646705786652216,68.20948125688491,946.4399999999999,SURPLUS,LOW,0.0,Viên
12.L1.2550.2508.4,1,Chi nhánh Đà Nẵng UN,MIỀN TRUNG,Gạch 25x50 MS 2508 Loại 1,952,0.3173333333333333,9.520000000000001,0.41429837052954266,2.6356317038628756,68.06663401892786,942.48,SURPLUS,LOW,0.0,Viên
12.L1.2550.2509.5,1,Chi nhánh Đà Nẵng UN,MIỀN TRUNG,Gạch 25x50 MS 2509 Loại 1,734,0.24466666666666667,7.339999999999998,0.3194275251771894,2.032094191843856,59.76732663699568,726.66,SURPLUS,LOW,0.0,Viên
12.L1.2550.2509.7,1,Chi nhánh Đà Nẵng UN,MIỀN TRUNG,Gạch 25x50 MS 2509 Loại 1,840,0.28,8.4,0.3655573857613612,2.3255573857613614,63.93746945258312,831.6,SURPLUS,LOW,0.0,Viên
12.L1.2550.2510.5,1,Chi nhánh Đà Nẵng UN,MIỀN TRUNG,Gạch 25x50 MS 2510 Loại 1,1664,0.5546666666666666,16.639999999999997,0.7241517736986965,4.6068184403653625,89.98962903209087,1647.36,SURPLUS,LOW,0.0,Viên
12.L1.2550.25504,1,Chi nhánh Đà Nẵng UN,MIỀN TRUNG,Gạch 25x50 MS 25504 Loại 1,448,0.14933333333333335,4.480000000000002,0.19496393907272597,1.2402972724060595,46.693325718636345,443.52,SURPLUS,LOW,0.0,Viên
12.L1.2550.25504.1,1,Chi nhánh Đà Nẵng UN,MIỀN TRUNG,Gạch 25x50 MS 25504 Loại 1,336,0.112,3.3600000000000008,0.14622295430454446,0.9302229543045445,40.43760625952036,332.64,SURPLUS,LOW,0.0,Viên
12.L1.2550.26003,1,Chi nhánh Đà Nẵng UN,MIỀN TRUNG,Gạch 25x50 MS 26003 Loại 1,2011,0.6703333333333333,20.109999999999992,0.8751617890072588,5.567495122340592,98.9285937768584,1990.89,SURPLUS,LOW,0.0,Viên
12.L1.2550.A2519.3,1,Chi nhánh Đà Nẵng UN,MIỀN TRUNG,Gạch 25x50 MS A2519 Loại 1 12 Viên,494,0.16466666666666668,4.939999999999999,0.21498255781680053,1.3676492244834673,49.03196236469976,489.06,SURPLUS,LOW,0.0,Viên
12.L1.2550.A2519.4,1,Chi nhánh Đà Nẵng UN,MIỀN TRUNG,Gạch 25x50 MS A2519 Loại 1 12 Viên,719,0.23966666666666667,7.189999999999999,0.3128997147171651,1.9905663813838317,59.1534727073004,711.81,SURPLUS,LOW,0.0,Viên
12.L1.2550.A2520.3,1,Chi nhánh Đà Nẵng UN,MIỀN TRUNG,Gạch 25x50 MS A2520 Loại 1 12 Viên,1447,0.48233333333333334,14.469999999999999,0.6297161157103448,4.006049449043678,83.9170225083485,1432.53,SURPLUS,LOW,0.0,Viên
12.L1.2550.U2518.1,1,Chi nhánh Đà Nẵng UN,MIỀN TRUNG,Gạch 25x50 MS U2518 Loại 1,524,0.17466666666666666,5.240000000000002,0.22803817873684912,1.4507048454035156,50.498844871277335,518.76,SURPLUS,LOW,0.0,Viên
12.L1.2550.U2519.1,1,Chi nhánh Đà Nẵng UN,MIỀN TRUNG,Gạch 25x50 MS U2519 Loại 1,640,0.21333333333333335,6.399999999999998,0.2785199129610371,1.7718532462943706,55.8091987638836,633.6,SURPLUS,LOW,0.0,Viên
12.L1.2550.U2522.1,1,Chi nhánh Đà Nẵng UN,MIỀN TRUNG,Gạch 25x50 MS U2522 Loại 1,448,0.14933333333333335,4.480000000000002,0.19496393907272597,1.2402972724060595,46.693325718636345,443.52,SURPLUS,LOW,0.0,Viên
12.L1.2550.U2523.1,1,Chi nhánh Đà Nẵng UN,MIỀN TRUNG,Gạch 25x50 MS U2523 Loại 1,768,0.256,7.6800000000000015,0.3342238955532445,2.1262238955532444,61.13591415853696,760.32,SURPLUS,LOW,0.0,Viên
12.L1.2550.U2524.1,1,Chi nhánh Đà Nẵng UN,MIỀN TRUNG,Gạch 25x50 MS U2524 Loại 1,663,0.221,6.630000000000001,0.2885292223330744,1.8355292223330744,56.803168925685824,656.37,SURPLUS,LOW,0.0,Viên
12.L1.2550.U2525.1,1,Chi nhánh Đà Nẵng UN,MIỀN TRUNG,Gạch 25x50 MS U2525 Loại 1,762,0.254,7.619999999999997,0.3316127713692348,2.109612771369235,60.89663373290843,754.38,SURPLUS,LOW,0.0,Viên
12.L1.2550.U2526.3,1,Chi nhánh Đà Nẵng UN,MIỀN TRUNG,Gạch 25x50 MS U2526 Loại 1,1736,0.5786666666666667,17.36,0.7554852639068133,4.8061519305734794,91.9159035930852,1718.64,SURPLUS,LOW,0.0,Viên
12.L1.2550.U2528.3,1,Chi nhánh Đà Nẵng UN,MIỀN TRUNG,Gạch 25x50 MS U2528 Loại 1,448,0.14933333333333335,4.480000000000002,0.19496393907272597,1.2402972724060595,46.693325718636345,443.52,SURPLUS,LOW,0.0,Viên
12.L1.2550.U2530.3,1,Chi nhánh Đà Nẵng UN,MIỀN TRUNG,Gạch 25x50 MS U2530 Loại 1,1344,0.448,13.440000000000003,0.5848918172181778,3.720891817218178,80.87521251904072,1330.56,SURPLUS,LOW,0.0,Viên
12.L1.2550.U2533.2,1,Chi nhánh Đà Nẵng UN,MIỀN TRUNG,Gạch 25x50 MS U2533 Loại 1,4928,1.6426666666666667,49.27999999999998,2.1446033297999856,13.643269996466653,154.86424162256867,4878.72,SURPLUS,LOW,0.0,Viên
12.L1.2550.U2535.1,1,Chi nhánh Đà Nẵng UN,MIỀN TRUNG,Gạch 25x50 MS U2535 Loại 1,560,0.18666666666666668,5.6,0.24370492384090747,1.5503715905075741,52.20472520120505,554.4,SURPLUS,LOW,0.0,Viên
12.L1.2550.U2540.3,1,Chi nhánh Đà Nẵng UN,MIỀN TRUNG,Gạch 25x50 MS U2540 Loại 1,1120,0.37333333333333335,11.2,0.48740984768181495,3.1007431810151482,73.82863039950469,1108.8,SURPLUS,LOW,0.0,Viên
12.L1.3030.3001.1,1,Chi nhánh Đà Nẵng UN,MIỀN TRUNG,Gạch 30x30 MS 3001 Loại 1,3388,1.1293333333333335,33.88000000000002,1.4744147892374901,9.379748122570826,128.40664572624996,3354.12,SURPLUS,LOW,0.0,Viên
12.L1.3030.3001.3,1,Chi nhánh Đà Nẵng UN,MIỀN TRUNG,Gạch 30x30 MS 3001 Loại 1,385,0.12833333333333333,3.8500000000000005,0.1675471351406239,1.0658804684739571,43.285871444001984,381.15,SURPLUS,LOW,0.0,Viên
12.L1.3030.3001.8,1,Chi nhánh Đà Nẵng UN,MIỀN TRUNG,Gạch 30x30 MS 3001 Loại 1,1386,0.46199999999999997,13.859999999999998,0.6031696865062459,3.837169686506246,82.12916656097272,1372.14,SURPLUS,LOW,0.0,Viên
12.L1.3030.3002.16,1,Chi nhánh Đà Nẵng UN,MIỀN TRUNG,Gạch 30x30 MS 3002 Loại 1,1942,0.6473333333333334,19.419999999999995,0.8451338608911471,5.376467194224482,97.21659666264124,1922.58,SURPLUS,LOW,0.0,Viên
12.L1.3030.3002.18,1,Chi nhánh Đà Nẵng UN,MIỀN TRUNG,Gạch 30x30 MS 3002 Loại 1,1161,0.38699999999999996,11.610000000000001,0.5052525296058813,3.214252529605881,75.16781226030194,1149.39,SURPLUS,LOW,0.0,Viên
12.L1.3030.3005.1,1,Chi nhánh Đà Nẵng UN,MIỀN TRUNG,Gạch 30x30 MS 3005 Loại 1,1540,0.5133333333333333,15.400000000000002,0.6701885405624955,4.2635218738958285,86.57174288800397,1524.6,SURPLUS,LOW,0.0,Viên
12.L1.3030.3005.19,1,Chi nhánh Đà Nẵng UN,MIỀN TRUNG,Gạch 30x30 MS 3005 Loại 1,1618,0.5393333333333333,16.18,0.7041331549546219,4.479466488287955,88.73706478505285,1601.82,SURPLUS,LOW,0.0,Viên
12.L1.3030.3005.21,1,Chi nhánh Đà Nẵng UN,MIỀN TRUNG,Gạch 30x30 MS 3005 Loại 1,1084,0.36133333333333334,10.839999999999996,0.4717431025777566,3.0010764359110897,72.6324078264425,1073.16,SURPLUS,LOW,0.0,Viên
12.L1.3030.3005.22,1,Chi nhánh Đà Nẵng UN,MIỀN TRUNG,Gạch 30x30 MS 3005 Loại 1,1544,0.5146666666666666,15.44,0.671929290018502,4.274595956685168,86.68410081054849,1528.56,SURPLUS,LOW,0.0,Viên
12.L1.3030.3010.10,1,Chi nhánh Đà Nẵng UN,MIỀN TRUNG,Gạch 30x30 MS 3010 Loại 1,462,0.154,4.619999999999999,0.20105656216874865,1.2790565621687486,47.41729642229721,457.38,SURPLUS,LOW,0.0,Viên
12.L1.3030.3010.13,1,Chi nhánh Đà Nẵng UN,MIỀN TRUNG,Gạch 30x30 MS 3010 Loại 1,1448,0.4826666666666667,14.48,0.6301513030743465,4.008817969741013,83.9460143981436,1433.52,SURPLUS,LOW,0.0,Viên
12.L1.3030.3011.3,1,Chi nhánh Đà Nẵng UN,MIỀN TRUNG,Gạch 30x30 MS 3011 Loại 1,16940,5.6466666666666665,169.40000000000003,7.3720739461874505,46.89874061285411,287.12598860662774,16770.6,SURPLUS,LOW,0.0,Viên
12.L1.3030.3011.4,1,Chi nhánh Đà Nẵng UN,MIỀN TRUNG,Gạch 30x30 MS 3011 Loại 1,17967,5.989000000000001,179.67000000000004,7.819011369017116,49.74201136901712,295.7015387176739,17787.33,SURPLUS,LOW,0.0,Viên
12.L1.3030.3014.1,1,Chi nhánh Đà Nẵng UN,MIỀN TRUNG,Gạch 30x30 MS 3014 Loại 1,28182,9.394,281.82000000000005,12.264450292293668,78.02245029229367,370.3409240146166,27900.18,SURPLUS,LOW,0.0,Viên
12.L1.3030.3014.2,1,Chi nhánh Đà Nẵng UN,MIỀN TRUNG,Gạch 30x30 MS 3014 Loại 1,4659,1.5530000000000002,46.58999999999999,2.02753792888355,12.89853792888355,150.57821887643644,4612.41,SURPLUS,LOW,0.0,Viên
12.L1.3030.3015.3,1,Chi nhánh Đà Nẵng UN,MIỀN TRUNG,Gạch 30x30 MS 3015 Loại 1,4225,1.4083333333333334,42.24999999999999,1.8386666129068465,11.696999946240181,143.39339826737725,4182.75,SURPLUS,LOW,0.0,Viên
12.L1.3030.3015.4,1,Chi nhánh Đà Nẵng UN,MIỀN TRUNG,Gạch 30x30 MS 3015 Loại 1,2384,0.7946666666666666,23.840000000000007,1.037486675779863,6.60015334244653,107.7131994387565,2360.16,SURPLUS,LOW,0.0,Viên
12.L1.3030.3016.1,1,Chi nhánh Đà Nẵng UN,MIỀN TRUNG,Gạch 30x30 MS 3016 Loại 1,1421,0.4736666666666667,14.209999999999999,0.6184012442463027,3.9340679109129697,83.15968574575865,1406.79,SURPLUS,LOW,0.0,Viên
12.L1.3030.3018.5,1,Chi nhánh Đà Nẵng UN,MIỀN TRUNG,Gạch 30x30 MS 3018 Loại 1,3080,1.0266666666666666,30.800000000000004,1.340377081124991,8.527043747791657,122.43093291049175,3049.2,SURPLUS,LOW,0.0,Viên
12.L1.3030.3019.6,1,Chi nhánh Đà Nẵng UN,MIỀN TRUNG,Gạch 30x30 MS 3019 Loại 1,266,0.1,3.000000000000001,0.13055620920048613,0.8305562092004862,38.2099463490856,263.0,SURPLUS,LOW,0.0,Viên
12.L1.3030.3021.3,1,Chi nhánh Đà Nẵng UN,MIỀN TRUNG,Gạch 30x30 MS 3021 Loại 1,770,0.25666666666666665,7.700000000000001,0.3350942702812478,2.1317609369479142,61.215466455245874,762.3,SURPLUS,LOW,0.0,Viên
12.L1.3030.3021.3+,1,Chi nhánh Đà Nẵng UN,MIỀN TRUNG,Gạch 30x30 MS 3021 Loại 1,308,0.10266666666666667,3.0799999999999987,0.1340377081124991,0.8527043747791658,38.71606040564217,304.92,SURPLUS,LOW,0.0,Viên
12.L1.3030.3021.4,1,Chi nhánh Đà Nẵng UN,MIỀN TRUNG,Gạch 30x30 MS 3021 Loại 1,2310,0.77,23.099999999999998,1.0052828108437433,6.395282810843744,106.02829810951414,2286.9,SURPLUS,LOW,0.0,Viên
12.L1.3030.3022.3,1,Chi nhánh Đà Nẵng UN,MIỀN TRUNG,Gạch 30x30 MS 3022 Loại 1,231,0.1,3.000000000000001,0.13055620920048613,0.8305562092004862,38.2099463490856,228.0,SURPLUS,LOW,0.0,Viên
12.L1.3030.3023.3,1,Chi nhánh Đà Nẵng UN,MIỀN TRUNG,Gạch 30x30 MS 3023 Loại 1,1386,0.46199999999999997,13.859999999999998,0.6031696865062459,3.837169686506246,82.12916656097272,1372.14,SURPLUS,LOW,0.0,Viên
12.L1.3030.3024.4,1,Chi nhánh Đà Nẵng UN,MIỀN TRUNG,Gạch 30x30 MS 3024 Loại 1,770,0.25666666666666665,7.700000000000001,0.3350942702812478,2.1317609369479142,61.215466455245874,762.3,SURPLUS,LOW,0.0,Viên
12.L1.3030.3026.4,1,Chi nhánh Đà Nẵng UN,MIỀN TRUNG,Gạch 30x30 MS 3026 Loại 1,2310,0.77,23.099999999999998,1.0052828108437433,6.395282810843744,106.02829810951414,2286.9,SURPLUS,LOW,0.0,Viên
12.L1.3030.3026.5,1,Chi nhánh Đà Nẵng UN,MIỀN TRUNG,Gạch 30x30 MS 3026 Loại 1,770,0.25666666666666665,7.700000000000001,0.3350942702812478,2.1317609369479142,61.215466455245874,762.3,SURPLUS,LOW,0.0,Viên
12.L1.3030.3302.12,1,Chi nhánh Đà Nẵng UN,MIỀN TRUNG,Gạch 30x30 MS 3302 Loại 1,308,0.10266666666666667,3.0799999999999987,0.1340377081124991,0.8527043747791658,38.71606040564217,304.92,SURPLUS,LOW,0.0,Viên
12.L1.3030.3302.13,1,Chi nhánh Đà Nẵng UN,MIỀN TRUNG,Gạch 30x30 MS 3302 Loại 1,2559,0.853,25.59000000000001,1.1136444644801466,7.084644464480147,111.59659493013216,2533.41,SURPLUS,LOW,0.0,Viên
12.L1.3030.3305.7,1,Chi nhánh Đà Nẵng UN,MIỀN TRUNG,Gạch 30x30 MS 3305 Loại 1,1302,0.434,13.019999999999996,0.5666139479301098,3.6046139479301096,79.60150752341315,1288.98,SURPLUS,LOW,0.0,Viên
12.L1.3030.3306.12,1,Chi nhánh Đà Nẵng UN,MIỀN TRUNG,Gạch 30x30 MS 3306 Loại 1,889,0.29633333333333334,8.889999999999999,0.3868815665974406,2.4612148999307744,65.77588210481609,880.11,SURPLUS,LOW,0.0,Viên
12.L1.3030.3401,1,Chi nhánh Đà Nẵng UN,MIỀN TRUNG,Gạch 30x30 MS 3401 Loại 1,616,0.20533333333333334,6.1599999999999975,0.2680754162249982,1.7054087495583317,54.75277770731515,609.84,SURPLUS,LOW,0.0,Viên
12.L1.3030.3401.1,1,Chi nhánh Đà Nẵng UN,MIỀN TRUNG,Gạch 30x30 MS 3401 Loại 1,5544,1.8479999999999999,55.43999999999999,2.4126787460249837,15.348678746024984,164.25833312194544,5488.56,SURPLUS,LOW,0.0,Viên
12.L1.3030.3405.1,1,Chi nhánh Đà Nẵng UN,MIỀN TRUNG,Gạch 30x30 MS 3405 Loại 1,770,0.25666666666666665,7.700000000000001,0.3350942702812478,2.1317609369479142,61.215466455245874,762.3,SURPLUS,LOW,0.0,Viên
12.L1.3030.3407.2,1,Chi nhánh Đà Nẵng UN,MIỀN TRUNG,Gạch 30x30 MS 3407 Loại 1,2194,0.7313333333333334,21.93999999999999,0.9548010766195554,6.0741344099528884,103.33182794602381,2172.06,SURPLUS,LOW,0.0,Viên
12.L1.5050.U5001.1,1,Chi nhánh Đà Nẵng UN,MIỀN TRUNG,Gạch 50x50 MS U5001 Loại 1,3234,1.078,32.339999999999996,1.4073959351812406,8.953395935181241,125.45437417643117,3201.66,SURPLUS,LOW,0.0,Viên
12.L1.5050.U5002.1,1,Chi nhánh Đà Nẵng UN,MIỀN TRUNG,Gạch 50x50 MS U5002 Loại 1,5376,1.792,53.76000000000001,2.3395672688727114,14.883567268872712,161.75042503808143,5322.24,SURPLUS,LOW,0.0,Viên
12.L1.5050.U5003.1,1,Chi nhánh Đà Nẵng UN,MIỀN TRUNG,Gạch 50x50 MS U5003 Loại 1,7033,2.344333333333333,70.33,3.0606727310233963,19.47100606435673,185.0061260246986,6962.67,SURPLUS,LOW,0.0,Viên
12.L1.5050.U5004.1,1,Chi nhánh Đà Nẵng UN,MIỀN TRUNG,Gạch 50x50 MS U5004 Loại 1,3136,1.0453333333333332,31.35999999999999,1.3647475735090815,8.682080906842414,123.53892773804807,3104.64,SURPLUS,LOW,0.0,Viên
12.L1.5050.U5005.1,1,Chi nhánh Đà Nẵng UN,MIỀN TRUNG,Gạch 50x50 MS U5005 Loại 1,1344,0.448,13.440000000000003,0.5848918172181778,3.720891817218178,80.87521251904072,1330.56,SURPLUS,LOW,0.0,Viên
12.L1.5050.U5006.1,1,Chi nhánh Đà Nẵng UN,MIỀN TRUNG,Gạch 50x50 MS U5006 Loại 1,4704,1.568,47.03999999999999,2.0471213602636227,13.023121360263623,151.3036681643905,4656.96,SURPLUS,LOW,0.0,Viên
12.L1.5050.U5007.1,1,Chi nhánh Đà Nẵng UN,MIỀN TRUNG,Gạch 50x50 MS U5007 Loại 1,3264,1.088,32.64000000000001,1.4204515561012894,9.03645155610129,126.03491579717107,3231.36,SURPLUS,LOW,0.0,Viên
12.L1.5050.U5008.1,1,Chi nhánh Đà Nẵng UN,MIỀN TRUNG,Gạch 50x50 MS U5008 Loại 1,6468,2.156,64.67999999999999,2.8147918703624812,17.906791870362483,177.41927741933793,6403.32,SURPLUS,LOW,0.0,Viên
12.L1.5050.U5009.1,1,Chi nhánh Đà Nẵng UN,MIỀN TRUNG,Gạch 50x50 MS U5009 Loại 1,3056,1.0186666666666668,30.560000000000013,1.3299325843889525,8.460599251055621,121.95299640981904,3025.44,SURPLUS,LOW,0.0,Viên
14.L1.3060.36318D,1,Chi nhánh Đà Nẵng UN,MIỀN TRUNG,Gạch 30x60 MS 36318D Loại 1,161,0.1,3.000000000000001,0.13055620920048613,0.8305562092004862,38.2099463490856,158.0,SURPLUS,LOW,0.0,Viên
14.L1.3060.A36308.2,1,Chi nhánh Đà Nẵng UN,MIỀN TRUNG,Gạch 30x60 MS A36308 Loại 1,504,0.168,5.040000000000001,0.21933443145681672,1.3953344314568168,49.52575087769998,498.96,SURPLUS,LOW,0.0,Viên
14.L1.3060.A36308D.1,1,Chi nhánh Đà Nẵng UN,MIỀN TRUNG,Gạch 30x60 MS A36308D Loại 1,308,0.10266666666666667,3.0799999999999987,0.1340377081124991,0.8527043747791658,38.71606040564217,304.92,SURPLUS,LOW,0.0,Viên
14.L1.3060.A36310.5,1,Chi nhánh Đà Nẵng UN,MIỀN TRUNG,Gạch 30x60 MS A36310 Loại 1,238,0.1,3.000000000000001,0.13055620920048613,0.8305562092004862,38.2099463490856,235.0,SURPLUS,LOW,0.0,Viên
14.L1.3060.A36310.7,1,Chi nhánh Đà Nẵng UN,MIỀN TRUNG,Gạch 30x60 MS A36310 Loại 1,2062,0.6873333333333334,20.62000000000001,0.8973563445713414,5.708689677904675,100.17517989335815,2041.3799999999999,SURPLUS,LOW,0.0,Viên
14.L1.3060.A36310D.5,1,Chi nhánh Đà Nẵng UN,MIỀN TRUNG,Gạch 30x60 MS A36310D Loại 1,350,0.11666666666666667,3.5,0.15231557740056714,0.9689822440672338,41.27145906474998,346.5,SURPLUS,LOW,0.0,Viên
14.L1.3060.A36311D.2,1,Chi nhánh Đà Nẵng UN,MIỀN TRUNG,Gạch 30x60 MS A36311D Loại 1,4452,1.4840000000000002,44.52000000000002,1.9374541445352145,12.325454144535216,147.195108614383,4407.48,SURPLUS,LOW,0.0,Viên
14.L1.3060.A36318.3,1,Chi nhánh Đà Nẵng UN,MIỀN TRUNG,Gạch 30x60 MS A36318 Loại 1,1671,0.557,16.71,0.7271980852467078,4.626198085246708,90.17871145675126,1654.29,SURPLUS,LOW,0.0,Viên
14.L1.3060.A36318D.2,1,Chi nhánh Đà Nẵng UN,MIỀN TRUNG,Gạch 30x60 MS A36318D Loại 1,854,0.2846666666666667,8.54,0.3716500088573839,2.3643166755240506,64.46807995693166,845.46,SURPLUS,LOW,0.0,Viên
14.L1.3060.A36318D.4,1,Chi nhánh Đà Nẵng UN,MIỀN TRUNG,Gạch 30x60 MS A36318D Loại 1,332,0.11066666666666668,3.319999999999999,0.144482204848538,0.9191488715152047,40.19618555700694,328.68,SURPLUS,LOW,0.0,Viên
14.L1.3060.A36320D.5,1,Chi nhánh Đà Nẵng UN,MIỀN TRUNG,Gạch 30x60 MS A36320D Loại 1,196,0.1,3.000000000000001,0.13055620920048613,0.8305562092004862,38.2099463490856,193.0,SURPLUS,LOW,0.0,Viên
14.L1.3060.A36408.1,1,Chi nhánh Đà Nẵng UN,MIỀN TRUNG,Gạch 30x60 MS A36408 Loại 1,483,0.161,4.829999999999997,0.21019549681278268,1.3371954968127826,48.48298670667887,478.17,SURPLUS,LOW,0.0,Viên
14.L1.3060.A36408.2,1,Chi nhánh Đà Nẵng UN,MIỀN TRUNG,Gạch 30x60 MS A36408 Loại 1,371,0.12366666666666666,3.710000000000001,0.16145451204460115,1.0271211787112677,42.4915677909551,367.29,SURPLUS,LOW,0.0,Viên
14.L1.3060.A36410.3,1,Chi nhánh Đà Nẵng UN,MIỀN TRUNG,Gạch 30x60 MS A36410 Loại 1,210,0.1,3.000000000000001,0.13055620920048613,0.8305562092004862,38.2099463490856,207.0,SURPLUS,LOW,0.0,Viên
14.L1.3060.A36410.7,1,Chi nhánh Đà Nẵng UN,MIỀN TRUNG,Gạch 30x60 MS A36410 Loại 1,723,0.24100000000000002,7.229999999999999,0.3146404641731716,2.0016404641731715,59.317788225792775,715.77,SURPLUS,LOW,0.0,Viên
14.L1.3060.A36411.3,1,Chi nhánh Đà Nẵng UN,MIỀN TRUNG,Gạch 30x60 MS A36411 Loại 1,182,0.1,3.000000000000001,0.13055620920048613,0.8305562092004862,38.2099463490856,179.0,SURPLUS,LOW,0.0,Viên
14.L1.3060.A36418.3,1,Chi nhánh Đà Nẵng UN,MIỀN TRUNG,Gạch 30x60 MS A36418 Loại 1,789,0.263,7.89,0.34336283019727853,2.1843628301972786,61.96611977524493,781.11,SURPLUS,LOW,0.0,Viên
14.L1.3060.A36418.4,1,Chi nhánh Đà Nẵng UN,MIỀN TRUNG,Gạch 30x60 MS A36418 Loại 1,1822,0.6073333333333333,18.22,0.7929113772109524,5.044244710544286,94.16510323185902,1803.78,SURPLUS,LOW,0.0,Viên
14.L1.3060.A36420.5,1,Chi nhánh Đà Nẵng UN,MIỀN TRUNG,Gạch 30x60 MS A36420 Loại 1,1008,0.336,10.080000000000002,0.43866886291363344,2.7906688629136336,70.03998857795453,997.92,SURPLUS,LOW,0.0,Viên
14.L1.3060.A36801.3,1,Chi nhánh Đà Nẵng UN,MIỀN TRUNG,Gạch 30x60 MS A36801 Loại 1,1400,0.4666666666666667,14.0,0.6092623096022686,3.875928976268935,82.54291812949997,1386.0,SURPLUS,LOW,0.0,Viên
14.L1.3060.A36801.4,1,Chi nhánh Đà Nẵng UN,MIỀN TRUNG,Gạch 30x60 MS A36801 Loại 1,336,0.112,3.3600000000000008,0.14622295430454446,0.9302229543045445,40.43760625952036,332.64,SURPLUS,LOW,0.0,Viên
14.L1.3060.A36801.8,1,Chi nhánh Đà Nẵng UN,MIỀN TRUNG,Gạch 30x60 MS A36801 Loại 1,3301,1.1003333333333332,33.009999999999984,1.436553488569349,9.13888682190268,126.74725506560947,3267.9900000000002,SURPLUS,LOW,0.0,Viên
14.L1.3060.A36801D.7,1,Chi nhánh Đà Nẵng UN,MIỀN TRUNG,Gạch 30x60 MS A36801D Loại 1,602,0.2006666666666667,6.020000000000001,0.26198279312897554,1.6666494597956423,54.12701112506891,595.98,SURPLUS,LOW,0.0,Viên
14.L1.3060.A36801V.3,1,Chi nhánh Đà Nẵng UN,MIỀN TRUNG,Gạch 30x60 MS A36801V Loại 1,613,0.20433333333333334,6.130000000000001,0.26676985413299337,1.6971031874663267,54.61928841230602,606.87,SURPLUS,LOW,0.0,Viên
14.L1.3060.A36818.2,1,Chi nhánh Đà Nẵng UN,MIỀN TRUNG,Gạch 30x60 MS A36818 Loại 1,508,0.16933333333333334,5.08,0.2210751809128232,1.4064085142461566,49.72189323292775,502.92,SURPLUS,LOW,0.0,Viên
14.L1.3060.A36818.4,1,Chi nhánh Đà Nẵng UN,MIỀN TRUNG,Gạch 30x60 MS A36818 Loại 1,1190,0.39666666666666667,11.899999999999999,0.5178729631619283,3.294539629828595,76.1008103329612,1178.1,SURPLUS,LOW,0.0,Viên
14.L1.3060.A36818D.4,1,Chi nhánh Đà Nẵng UN,MIỀN TRUNG,Gạch 30x60 MS A36818D Loại 1,483,0.161,4.829999999999997,0.21019549681278268,1.3371954968127826,48.48298670667887,478.17,SURPLUS,LOW,0.0,Viên
14.L1.3060.A36821.1,1,Chi nhánh Đà Nẵng UN,MIỀN TRUNG,Gạch 30x60 MS A36821 Loại 1,2155,0.7183333333333334,21.550000000000004,0.9378287694234921,5.966162102756826,102.40930947265814,2133.45,SURPLUS,LOW,0.0,Viên
14.L1.3060.A36821.4,1,Chi nhánh Đà Nẵng UN,MIỀN TRUNG,Gạch 30x60 MS A36821 Loại 1,2559,0.853,25.59000000000001,1.1136444644801466,7.084644464480147,111.59659493013216,2533.41,SURPLUS,LOW,0.0,Viên
14.L1.3060.A36821D.1,1,Chi nhánh Đà Nẵng UN,MIỀN TRUNG,Gạch 30x60 MS A36821D Loại 1,28,0.1,3.000000000000001,0.13055620920048613,0.8305562092004862,38.2099463490856,25.0,OK,LOW,0.0,Viên
14.L1.3060.A36821D.3,1,Chi nhánh Đà Nẵng UN,MIỀN TRUNG,Gạch 30x60 MS A36821D Loại 1,224,0.1,3.000000000000001,0.13055620920048613,0.8305562092004862,38.2099463490856,221.0,SURPLUS,LOW,0.0,Viên
14.L1.3060.A36918.1,1,Chi nhánh Đà Nẵng UN,MIỀN TRUNG,Gạch 30x60 MS A36918 Loại 1,56,0.1,3.000000000000001,0.13055620920048613,0.8305562092004862,38.2099463490856,53.0,OK,LOW,0.0,Viên
14.L1.3060.A36918.4,1,Chi nhánh Đà Nẵng UN,MIỀN TRUNG,Gạch 30x60 MS A36918 Loại 1,846,0.28200000000000003,8.46,0.3681685099453709,2.3421685099453713,64.16541124313005,837.54,SURPLUS,LOW,0.0,Viên
14.L1.3060.A36921.1,1,Chi nhánh Đà Nẵng UN,MIỀN TRUNG,Gạch 30x60 MS A36921 Loại 1,518,0.17266666666666666,5.179999999999998,0.2254270545528394,1.434093721219506,50.208896953959595,512.82,SURPLUS,LOW,0.0,Viên
14.L1.3060.A36921.3,1,Chi nhánh Đà Nẵng UN,MIỀN TRUNG,Gạch 30x60 MS A36921 Loại 1,2058,0.686,20.580000000000002,0.895615595115335,5.6976155951153356,100.07796960370449,2037.42,SURPLUS,LOW,0.0,Viên
14.L1.3060.US36AG901,1,Chi nhánh Đà Nẵng UN,MIỀN TRUNG,Gạch 30x60 Mỏng MS US36AG901 Loại 1,1459,0.48633333333333334,14.589999999999996,0.6349383640783643,4.039271697411698,84.26426684346495,1444.41,SURPLUS,LOW,0.0,Viên
14.L1.3060.US36AG901D,1,Chi nhánh Đà Nẵng UN,MIỀN TRUNG,Gạch 30x60 Mỏng MS US36AG901D Loại 1,238,0.1,3.000000000000001,0.13055620920048613,0.8305562092004862,38.2099463490856,235.0,SURPLUS,LOW,0.0,Viên
14.L1.3060.US36AW801,1,Chi nhánh Đà Nẵng UN,MIỀN TRUNG,Gạch 30x60 Mỏng MS US36AW801 Loại 1,909,0.303,9.090000000000003,0.395585313877473,2.516585313877473,66.51165311432275,899.91,SURPLUS,LOW,0.0,Viên
14.L1.3060.US36CB806,1,Chi nhánh Đà Nẵng UN,MIỀN TRUNG,Gạch 30x60 Mỏng MS US36CB806 Loại 1,1778,0.5926666666666667,17.779999999999998,0.7737631331948812,4.922429799861549,93.02114454968468,1760.22,SURPLUS,LOW,0.0,Viên
14.L1.3060.US36CN906,1,Chi nhánh Đà Nẵng UN,MIỀN TRUNG,Gạch 30x60 Mỏng MS US36CN906 Loại 1,2355,0.785,23.55,1.0248662422238162,6.5198662422238165,107.05606008068858,2331.45,SURPLUS,LOW,0.0,Viên
14.L1.3060.US36CW807,1,Chi nhánh Đà Nẵng UN,MIỀN TRUNG,Gạch 30x60 Mỏng MS US36CW807 Loại 1,1230,0.41000000000000003,12.3,0.5352804577219932,3.405280457721993,77.3692445355388,1217.7,SURPLUS,LOW,0.0,Viên
14.L1.3060.US36LB907,1,Chi nhánh Đà Nẵng UN,MIỀN TRUNG,Gạch 30x60 Mỏng MS US36LB907 Loại 1,887,0.2956666666666667,8.870000000000001,0.3860111918694374,2.4556778585361045,65.70185182575399,878.13,SURPLUS,LOW,0.0,Viên
14.L1.3060.US36LB907D,1,Chi nhánh Đà Nẵng UN,MIỀN TRUNG,Gạch 30x60 Mỏng MS US36LB907D Loại 1,714,0.23800000000000002,7.140000000000003,0.31072377789715705,1.9767237778971571,58.947434210489604,706.86,SURPLUS,LOW,0.0,Viên
14.L1.4080.48803.1,1,Chi nhánh Đà Nẵng UN,MIỀN TRUNG,Gạch 40x80 MS 48803 Loại 1,672,0.224,6.7200000000000015,0.2924459086090889,1.860445908609089,57.187411202116856,665.28,SURPLUS,LOW,0.0,Viên
14.L1.4080.48807.2,1,Chi nhánh Đà Nẵng UN,MIỀN TRUNG,Gạch 40x80 MS 48807 Loại 1,532,0.17733333333333334,5.32,0.2315196776488621,1.4728530109821956,50.88287203634114,526.68,SURPLUS,LOW,0.0,Viên
14.L1.4080.48807.3,1,Chi nhánh Đà Nẵng UN,MIỀN TRUNG,Gạch 40x80 MS 48807 Loại 1,2892,0.9640000000000001,28.919999999999995,1.2585618566926864,8.006561856692686,118.63557645158555,2863.08,SURPLUS,LOW,0.0,Viên
14.L1.4080.48812.1,1,Chi nhánh Đà Nẵng UN,MIỀN TRUNG,Gạch 40x80 MS 48812 Loại 1,14,0.1,3.000000000000001,0.13055620920048613,0.8305562092004862,38.2099463490856,11.0,OK,LOW,0.0,Viên
14.L1.4080.48822,1,Chi nhánh Đà Nẵng UN,MIỀN TRUNG,Gạch 40x80 MS 48822 Loại 1,329,0.10966666666666666,3.289999999999999,0.14317664275653313,0.9108433094231998,40.01416415887421,325.71,SURPLUS,LOW,0.0,Viên
14.L1.4080.48868.2,1,Chi nhánh Đà Nẵng UN,MIỀN TRUNG,Gạch 40x80 MS 48868 Loại 1,224,0.1,3.000000000000001,0.13055620920048613,0.8305562092004862,38.2099463490856,221.0,SURPLUS,LOW,0.0,Viên
14.L1.4080.48868.3,1,Chi nhánh Đà Nẵng UN,MIỀN TRUNG,Gạch 40x80 MS 48868 Loại 1,658,0.21933333333333332,6.579999999999998,0.28635328551306627,1.8216866188463996,56.58857364050331,651.42,SURPLUS,LOW,0.0,Viên
14.L1.4080.48868.7,1,Chi nhánh Đà Nẵng UN,MIỀN TRUNG,Gạch 40x80 MS 48868 Loại 1,140,0.1,3.000000000000001,0.13055620920048613,0.8305562092004862,38.2099463490856,137.0,SURPLUS,LOW,0.0,Viên
14.L1.4080.48868.8,1,Chi nhánh Đà Nẵng UN,MIỀN TRUNG,Gạch 40x80 MS 48868 Loại 1,1188,0.396,11.880000000000006,0.5170025884339251,3.2890025884339256,76.03683317971627,1176.12,SURPLUS,LOW,0.0,Viên
14.L1.4080.48868.9,1,Chi nhánh Đà Nẵng UN,MIỀN TRUNG,Gạch 40x80 MS 48868 Loại 1,567,0.189,5.67,0.2467512353889188,1.5697512353889187,52.529991433465895,561.33,SURPLUS,LOW,0.0,Viên
14.L1.4080.48903.2,1,Chi nhánh Đà Nẵng UN,MIỀN TRUNG,Gạch 40x80 MS 48903 Loại 1,607,0.20233333333333334,6.070000000000002,0.2641587299489836,1.680492063282317,54.35132626410019,600.93,SURPLUS,LOW,0.0,Viên
14.L1.4080.48903DU,1,Chi nhánh Đà Nẵng UN,MIỀN TRUNG,Gạch 40x80 MS 48903DU Loại 1,245,0.1,3.000000000000001,0.13055620920048613,0.8305562092004862,38.2099463490856,242.0,SURPLUS,LOW,0.0,Viên
14.L1.4080.48905,1,Chi nhánh Đà Nẵng UN,MIỀN TRUNG,Gạch 40x80 MS 48905 Loại 1,364,0.12133333333333333,3.6399999999999997,0.15840820049658988,1.0077415338299232,42.0887950251212,360.36,SURPLUS,LOW,0.0,Viên
14.L1.4080.48905.1,1,Chi nhánh Đà Nẵng UN,MIỀN TRUNG,Gạch 40x80 MS 48905 Loại 1,1904,0.6346666666666666,19.040000000000003,0.8285967410590853,5.271263407725751,96.26075697465366,1884.96,SURPLUS,LOW,0.0,Viên
14.L1.4080.48907.3,1,Chi nhánh Đà Nẵng UN,MIỀN TRUNG,Gạch 40x80 MS 48907 Loại 1,425,0.14166666666666666,4.25,0.1849546297006887,1.1766212963673555,45.478932851742826,420.75,SURPLUS,LOW,0.0,Viên
14.L1.4080.48907D.3,1,Chi nhánh Đà Nẵng UN,MIỀN TRUNG,Gạch 40x80 MS 48907D Loại 1,174,0.1,3.000000000000001,0.13055620920048613,0.8305562092004862,38.2099463490856,171.0,SURPLUS,LOW,0.0,Viên
14.L1.4080.48910,1,Chi nhánh Đà Nẵng UN,MIỀN TRUNG,Gạch 40x80 MS 48910 Loại 1,14,0.1,3.000000000000001,0.13055620920048613,0.8305562092004862,38.2099463490856,11.0,OK,LOW,0.0,Viên
14.L1.4080.48922.1,1,Chi nhánh Đà Nẵng UN,MIỀN TRUNG,Gạch 40x80 MS 48922 Loại 1,231,0.1,3.000000000000001,0.13055620920048613,0.8305562092004862,38.2099463490856,228.0,SURPLUS,LOW,0.0,Viên
14.L1.4080.48922D.1,1,Chi nhánh Đà Nẵng UN,MIỀN TRUNG,Gạch 40x80 MS 48922D Loại 1,126,0.1,3.000000000000001,0.13055620920048613,0.8305562092004862,38.2099463490856,123.0,SURPLUS,LOW,0.0,Viên
14.L1.4080.48968D.2,1,Chi nhánh Đà Nẵng UN,MIỀN TRUNG,Gạch 40x80 MS 48968D Loại 1,14,0.1,3.000000000000001,0.13055620920048613,0.8305562092004862,38.2099463490856,11.0,OK,LOW,0.0,Viên
14.L1.4080.48968D.4,1,Chi nhánh Đà Nẵng UN,MIỀN TRUNG,Gạch 40x80 MS 48968D Loại 1,518,0.17266666666666666,5.179999999999998,0.2254270545528394,1.434093721219506,50.208896953959595,512.82,SURPLUS,LOW,0.0,Viên
14.L1.4080.U4809,1,Chi nhánh Đà Nẵng UN,MIỀN TRUNG,Gạch 40x80 MS U4809 Loại 1,635,0.2116666666666667,6.350000000000002,0.276343976141029,1.758010642807696,55.59076661940662,628.65,SURPLUS,LOW,0.0,Viên
14.L1.4080.U4812,1,Chi nhánh Đà Nẵng UN,MIỀN TRUNG,Gạch 40x80 MS U4812 Loại 1,346,0.11533333333333333,3.460000000000001,0.15057482794456067,0.957908161277894,41.034944457945436,342.54,SURPLUS,LOW,0.0,Viên
14.L1.4080.U4815,1,Chi nhánh Đà Nẵng UN,MIỀN TRUNG,Gạch 40x80 MS U4815 Loại 1,276,0.1,3.000000000000001,0.13055620920048613,0.8305562092004862,38.2099463490856,273.0,SURPLUS,LOW,0.0,Viên
14.L1.4080.U4816,1,Chi nhánh Đà Nẵng UN,MIỀN TRUNG,Gạch 40x80 MS U4816 Loại 1,420,0.14,4.2,0.1827786928806806,1.1627786928806807,45.21061822182926,415.8,SURPLUS,LOW,0.0,Viên
14.L1.4080.U4909,1,Chi nhánh Đà Nẵng UN,MIỀN TRUNG,Gạch 40x80 MS U4909 Loại 1,445,0.14833333333333334,4.450000000000001,0.19365837698072114,1.2319917103140545,46.53672384973685,440.55,SURPLUS,LOW,0.0,Viên
14.L1.4080.U4909D,1,Chi nhánh Đà Nẵng UN,MIỀN TRUNG,Gạch 40x80 MS U4909D Loại 1,28,0.1,3.000000000000001,0.13055620920048613,0.8305562092004862,38.2099463490856,25.0,OK,LOW,0.0,Viên
14.L1.4080.U4911,1,Chi nhánh Đà Nẵng UN,MIỀN TRUNG,Gạch 40x80 MS U4911 Loại 1,478,0.15933333333333335,4.780000000000002,0.2080195599927746,1.323352893326108,48.23138673796003,473.21999999999997,SURPLUS,LOW,0.0,Viên
14.L1.4080.U4912,1,Chi nhánh Đà Nẵng UN,MIỀN TRUNG,Gạch 40x80 MS U4912 Loại 1,332,0.11066666666666668,3.319999999999999,0.144482204848538,0.9191488715152047,40.19618555700694,328.68,SURPLUS,LOW,0.0,Viên
14.L1.4080.U4912D,1,Chi nhánh Đà Nẵng UN,MIỀN TRUNG,Gạch 40x80 MS U4912D Loại 1,175,0.1,3.000000000000001,0.13055620920048613,0.8305562092004862,38.2099463490856,172.0,SURPLUS,LOW,0.0,Viên
14.L1.60120.181026.1,1,Chi nhánh Đà Nẵng UN,MIỀN TRUNG,Gạch 60x120 MS 181026 loại 1,691,0.23033333333333333,6.91,0.30071446852511974,1.9130478018584531,57.990229062029634,684.09,SURPLUS,LOW,0.0,Viên
14.L1.60120.181070.1,1,Chi nhánh Đà Nẵng UN,MIỀN TRUNG,Gạch 60x120 MS 181070 loại 1,352,0.11733333333333333,3.5199999999999996,0.1531859521285704,0.9745192854619038,41.38920954387347,348.48,SURPLUS,LOW,0.0,Viên
14.L1.60120.181101,1,Chi nhánh Đà Nẵng UN,MIỀN TRUNG,Gạch 60x120 MS 181101 loại 1,14,0.1,3.000000000000001,0.13055620920048613,0.8305562092004862,38.2099463490856,11.0,OK,LOW,0.0,Viên
14.L1.60120.184061,1,Chi nhánh Đà Nẵng UN,MIỀN TRUNG,Gạch 60x120 MS 184061 loại 1,836,0.2786666666666667,8.360000000000001,0.3638166363053547,2.3144833029720213,63.785055721017706,827.64,SURPLUS,LOW,0.0,Viên
14.L1.60120.185064,1,Chi nhánh Đà Nẵng UN,MIỀN TRUNG,Gạch 60x120 MS 185064 loại 1,174,0.1,3.000000000000001,0.13055620920048613,0.8305562092004862,38.2099463490856,171.0,SURPLUS,LOW,0.0,Viên
14.L1.60120.282044,1,Chi nhánh Đà Nẵng UN,MIỀN TRUNG,Gạch 60x120 MS 282044 loại 1,247,0.1,3.000000000000001,0.13055620920048613,0.8305562092004862,38.2099463490856,244.0,SURPLUS,LOW,0.0,Viên
14.L1.60120.282051.2,1,Chi nhánh Đà Nẵng UN,MIỀN TRUNG,Gạch 60x120 MS 282051 loại 1,64,0.1,3.000000000000001,0.13055620920048613,0.8305562092004862,38.2099463490856,61.0,OK,LOW,0.0,Viên
14.L1.60120.282053.1,1,Chi nhánh Đà Nẵng UN,MIỀN TRUNG,Gạch 60x120 MS 282053 loại 1,257,0.1,3.000000000000001,0.13055620920048613,0.8305562092004862,38.2099463490856,254.0,SURPLUS,LOW,0.0,Viên
14.L1.60120.284054,1,Chi nhánh Đà Nẵng UN,MIỀN TRUNG,Gạch 60x120 MS 284054 loại 1,70,0.1,3.000000000000001,0.13055620920048613,0.8305562092004862,38.2099463490856,67.0,OK,LOW,0.0,Viên
14.L1.60120.284055.1,1,Chi nhánh Đà Nẵng UN,MIỀN TRUNG,Gạch 60x120 MS 284055 loại 1,154,0.1,3.000000000000001,0.13055620920048613,0.8305562092004862,38.2099463490856,151.0,SURPLUS,LOW,0.0,Viên
14.L1.60120.284057.2,1,Chi nhánh Đà Nẵng UN,MIỀN TRUNG,Gạch 60x120 MS 284057 loại 1,77,0.1,3.000000000000001,0.13055620920048613,0.8305562092004862,38.2099463490856,74.0,OK,LOW,0.0,Viên
14.L1.60120.284057.3,1,Chi nhánh Đà Nẵng UN,MIỀN TRUNG,Gạch 60x120 MS 284057 loại 1,212,0.1,3.000000000000001,0.13055620920048613,0.8305562092004862,38.2099463490856,209.0,SURPLUS,LOW,0.0,Viên
14.L1.60120.285055.1,1,Chi nhánh Đà Nẵng UN,MIỀN TRUNG,Gạch 60x120 MS 285055 loại 1,56,0.1,3.000000000000001,0.13055620920048613,0.8305562092004862,38.2099463490856,53.0,OK,LOW,0.0,Viên
14.L1.60120.285056,1,Chi nhánh Đà Nẵng UN,MIỀN TRUNG,Gạch 60x120 MS 285056 loại 1,92,0.1,3.000000000000001,0.13055620920048613,0.8305562092004862,38.2099463490856,89.0,SURPLUS,LOW,0.0,Viên
14.L1.60120.286012,1,Chi nhánh Đà Nẵng UN,MIỀN TRUNG,Gạch 60x120 MS 286012 loại 1,216,0.1,3.000000000000001,0.13055620920048613,0.8305562092004862,38.2099463490856,213.0,SURPLUS,LOW,0.0,Viên
14.L1.60120.M61LD902,1,Chi nhánh Đà Nẵng UN,MIỀN TRUNG,Gạch 60x120 MS M61LD902 loại 1,145,0.1,3.000000000000001,0.13055620920048613,0.8305562092004862,38.2099463490856,142.0,SURPLUS,LOW,0.0,Viên
14.L1.60120.M61LD902.1,1,Chi nhánh Đà Nẵng UN,MIỀN TRUNG,Gạch 60x120 MS M61LD902 loại 1,280,0.1,3.000000000000001,0.13055620920048613,0.8305562092004862,38.2099463490856,277.0,SURPLUS,LOW,0.0,Viên
14.L1.6060.66122305.1,1,Chi nhánh Đà Nẵng UN,MIỀN TRUNG,Gạch 60x60 MS 66122305 loại 1,212,0.1,3.000000000000001,0.13055620920048613,0.8305562092004862,38.2099463490856,209.0,SURPLUS,LOW,0.0,Viên
14.L1.6060.66181004.5,1,Chi nhánh Đà Nẵng UN,MIỀN TRUNG,Gạch 60x60 MS 66181004 loại 1,987,0.329,9.870000000000005,0.42952992826959935,2.7325299282695994,69.3065653455717,977.13,SURPLUS,LOW,0.0,Viên
14.L1.6060.66181023.SN,1,Chi nhánh Đà Nẵng UN,MIỀN TRUNG,Gạch 60x60 MS 66181023 loại 1,2800,0.9333333333333333,28.0,1.2185246192045371,7.75185795253787,116.73331429659088,2772.0,SURPLUS,LOW,0.0,Viên
14.L1.6060.66181033.2,1,Chi nhánh Đà Nẵng UN,MIỀN TRUNG,Gạch 60x60 MS 66181033 loại 1,3360,1.12,33.6,1.4622295430454448,9.302229543045446,127.87493890516625,3326.4,SURPLUS,LOW,0.0,Viên
14.L1.6060.66182031.2,1,Chi nhánh Đà Nẵng UN,MIỀN TRUNG,Gạch 60x60 MS 66182031 loại 1,551,0.18366666666666667,5.509999999999999,0.23978823756489293,1.5254549042315597,51.783523763194545,545.49,SURPLUS,LOW,0.0,Viên
14.L1.6060.66182031U,1,Chi nhánh Đà Nẵng UN,MIỀN TRUNG,Gạch 60x60 MS 66182031U loại 1,361,0.12033333333333333,3.6100000000000003,0.157102638404585,0.9994359717379184,41.91499333969489,357.39,SURPLUS,LOW,0.0,Viên
14.L1.6060.66262002.1,1,Chi nhánh Đà Nẵng UN,MIỀN TRUNG,Gạch 60x60 MS 66262002 loại 1,522,0.174,5.220000000000002,0.22716780400884587,1.4451678040088458,50.40238089614418,516.78,SURPLUS,LOW,0.0,Viên
14.L1.6060.66263002,1,Chi nhánh Đà Nẵng UN,MIỀN TRUNG,Gạch 60x60 MS 66263002 loại 1,677,0.22566666666666668,6.770000000000003,0.29462184542909703,1.8742885120957637,57.39976771149282,670.23,SURPLUS,LOW,0.0,Viên
14.L1.6060.66282018.2,1,Chi nhánh Đà Nẵng UN,MIỀN TRUNG,Gạch 60x60 MS 66282018 loại 1,529,0.17633333333333334,5.289999999999998,0.23021411555685725,1.4645474488901906,50.73920246384118,523.71,SURPLUS,LOW,0.0,Viên
14.L1.6060.66282025.2,1,Chi nhánh Đà Nẵng UN,MIỀN TRUNG,Gạch 60x60 MS 66282025 loại 1,84,0.1,3.000000000000001,0.13055620920048613,0.8305562092004862,38.2099463490856,81.0,SURPLUS,LOW,0.0,Viên
14.L1.6060.66284019.1,1,Chi nhánh Đà Nẵng UN,MIỀN TRUNG,Gạch 60x60 MS 66284019 loại 1,2371,0.7903333333333333,23.709999999999997,1.031829240047842,6.564162573381176,107.41911685853067,2347.29,SURPLUS,LOW,0.0,Viên
14.L1.6060.66284019.2,1,Chi nhánh Đà Nẵng UN,MIỀN TRUNG,Gạch 60x60 MS 66284019 loại 1,560,0.18666666666666668,5.6,0.24370492384090747,1.5503715905075741,52.20472520120505,554.4,SURPLUS,LOW,0.0,Viên
14.L1.6060.66285034,1,Chi nhánh Đà Nẵng UN,MIỀN TRUNG,Gạch 60x60 MS 66285034 loại 1,4788,1.596,47.880000000000024,2.083677098839759,13.25567709883976,152.64861610902344,4740.12,SURPLUS,LOW,0.0,Viên
14.L1.80120.M81AG905,1,Chi nhánh Đà Nẵng UN,MIỀN TRUNG,Gạch 80x120 MS M81AG905 loại 1,126,0.1,3.000000000000001,0.13055620920048613,0.8305562092004862,38.2099463490856,123.0,SURPLUS,LOW,0.0,Viên
14.L1.80120.M81DT904,1,Chi nhánh Đà Nẵng UN,MIỀN TRUNG,Gạch 80x120 MS M81DT904 loại 1,132,0.1,3.000000000000001,0.13055620920048613,0.8305562092004862,38.2099463490856,129.0,SURPLUS,LOW,0.0,Viên
14.L1.80120.M81LD902,1,Chi nhánh Đà Nẵng UN,MIỀN TRUNG,Gạch 80x120 MS M81LD902 loại 1,80,0.1,3.000000000000001,0.13055620920048613,0.8305562092004862,38.2099463490856,77.0,SURPLUS,LOW,0.0,Viên
14.L1.80120.M81LG902,1,Chi nhánh Đà Nẵng UN,MIỀN TRUNG,Gạch 80x120 MS M81LG902 loại 1,56,0.1,3.000000000000001,0.13055620920048613,0.8305562092004862,38.2099463490856,53.0,OK,LOW,0.0,Viên
14.L1.80120.M81MW906,1,Chi nhánh Đà Nẵng UN,MIỀN TRUNG,Gạch 80x120 MS M81MW906 loại 1,79,0.1,3.000000000000001,0.13055620920048613,0.8305562092004862,38.2099463490856,76.0,SURPLUS,LOW,0.0,Viên
14.L1.80120.M81OW903,1,Chi nhánh Đà Nẵng UN,MIỀN TRUNG,Gạch 80x120 MS M81OW903 loại 1,217,0.1,3.000000000000001,0.13055620920048613,0.8305562092004862,38.2099463490856,214.0,SURPLUS,LOW,0.0,Viên
14.L1.8080.88181004.6,1,Chi nhánh Đà Nẵng UN,MIỀN TRUNG,Gạch 80x80 MS 88181004 loại 1,695,0.23166666666666666,6.949999999999998,0.3024552179811262,1.9241218846477928,58.157831229623184,688.05,SURPLUS,LOW,0.0,Viên
14.L1.8080.88181004.8,1,Chi nhánh Đà Nẵng UN,MIỀN TRUNG,Gạch 80x80 MS 88181004 loại 1,112,0.1,3.000000000000001,0.13055620920048613,0.8305562092004862,38.2099463490856,109.0,SURPLUS,LOW,0.0,Viên
14.L1.8080.88282015,1,Chi nhánh Đà Nẵng UN,MIỀN TRUNG,Gạch 80x80 MS 88282015 loại 1,1316,0.43866666666666665,13.159999999999997,0.5727065710261325,3.643373237692799,80.02832831774842,1302.84,SURPLUS,LOW,0.0,Viên
14.L1.8080.88282018.1,1,Chi nhánh Đà Nẵng UN,MIỀN TRUNG,Gạch 80x80 MS 88282018 loại 1,854,0.2846666666666667,8.54,0.3716500088573839,2.3643166755240506,64.46807995693166,845.46,SURPLUS,LOW,0.0,Viên
14.L1.8080.88282031.2,1,Chi nhánh Đà Nẵng UN,MIỀN TRUNG,Gạch 80x80 MS 88282031 loại 1,627,0.20900000000000002,6.269999999999998,0.2728624772290161,1.735862477229016,55.23947863620728,620.73,SURPLUS,LOW,0.0,Viên
14.L1.8080.88283003.2,1,Chi nhánh Đà Nẵng UN,MIỀN TRUNG,Gạch 80x80 MS 88283003 loại 1,420,0.14,4.2,0.1827786928806806,1.1627786928806807,45.21061822182926,415.8,SURPLUS,LOW,0.0,Viên
14.L1.8080.88284006.2,1,Chi nhánh Đà Nẵng UN,MIỀN TRUNG,Gạch 80x80 MS 88284006 loại 1,628,0.20933333333333334,6.28,0.27329766459301763,1.738630997926351,55.28351170707833,621.72,SURPLUS,LOW,0.0,Viên
14.L1.8080.88285010.1,1,Chi nhánh Đà Nẵng UN,MIỀN TRUNG,Gạch 80x80 MS 88285010 loại 1,657,0.219,6.570000000000002,0.2859180981490646,1.8189180981490645,56.54555685462829,650.43,SURPLUS,LOW,0.0,Viên
14.L1.8080.88285025.1,1,Chi nhánh Đà Nẵng UN,MIỀN TRUNG,Gạch 80x80 MS 88285025 loại 1,133,0.1,3.000000000000001,0.13055620920048613,0.8305562092004862,38.2099463490856,130.0,SURPLUS,LOW,0.0,Viên
14.L1.8080.88285028.1,1,Chi nhánh Đà Nẵng UN,MIỀN TRUNG,Gạch 80x80 MS 88285028 loại 1,735,0.24500000000000002,7.350000000000001,0.3198627125411911,2.0348627125411913,59.808026217222725,727.65,SURPLUS,LOW,0.0,Viên
14.L1.8080.88285028.2,1,Chi nhánh Đà Nẵng UN,MIỀN TRUNG,Gạch 80x80 MS 88285028 loại 1,644,0.21466666666666667,6.440000000000002,0.2802606624170436,1.7829273290837104,55.98333085243619,637.56,SURPLUS,LOW,0.0,Viên
14.L1.8080.88286026,1,Chi nhánh Đà Nẵng UN,MIỀN TRUNG,Gạch 80x80 MS 88286026 loại 1,300,0.1,3.000000000000001,0.13055620920048613,0.8305562092004862,38.2099463490856,297.0,SURPLUS,LOW,0.0,Viên
14.L1.8080.88286040,1,Chi nhánh Đà Nẵng UN,MIỀN TRUNG,Gạch 80x80 MS 88286040 loại 1,217,0.1,3.000000000000001,0.13055620920048613,0.8305562092004862,38.2099463490856,214.0,SURPLUS,LOW,0.0,Viên
14.L1.8080.M88AG905,1,Chi nhánh Đà Nẵng UN,MIỀN TRUNG,Gạch 80x80 MS M88AG905 loại 1,212,0.1,3.000000000000001,0.13055620920048613,0.8305562092004862,38.2099463490856,209.0,SURPLUS,LOW,0.0,Viên
14.L1.8080.M88LD902,1,Chi nhánh Đà Nẵng UN,MIỀN TRUNG,Gạch 80x80 MS M88LD902 loại 1,157,0.1,3.000000000000001,0.13055620920048613,0.8305562092004862,38.2099463490856,154.0,SURPLUS,LOW,0.0,Viên
14.L1.8080.M88LD902.1,1,Chi nhánh Đà Nẵng UN,MIỀN TRUNG,Gạch 80x80 MS M88LD902 loại 1,214,0.1,3.000000000000001,0.13055620920048613,0.8305562092004862,38.2099463490856,211.0,SURPLUS,LOW,0.0,Viên
14.L1.8080.M88LG902,1,Chi nhánh Đà Nẵng UN,MIỀN TRUNG,Gạch 80x80 MS M88LG902 loại 1,267,0.1,3.000000000000001,0.13055620920048613,0.8305562092004862,38.2099463490856,264.0,SURPLUS,LOW,0.0,Viên
14.L1.8080.M88OW903,1,Chi nhánh Đà Nẵng UN,MIỀN TRUNG,Gạch 80x80 MS M88OW903 loại 1,220,0.1,3.000000000000001,0.13055620920048613,0.8305562092004862,38.2099463490856,217.0,SURPLUS,LOW,0.0,Viên
15.L1.3060.2901.3,1,Chi nhánh Đà Nẵng UN,MIỀN TRUNG,Gạch 30x60 MS 2901 Loại 1,112,0.1,3.000000000000001,0.13055620920048613,0.8305562092004862,38.2099463490856,109.0,SURPLUS,LOW,0.0,Viên
15.L1.3060.2901.8,1,Chi nhánh Đà Nẵng UN,MIỀN TRUNG,Gạch 30x60 MS 2901 Loại 1,2702,0.9006666666666666,27.019999999999996,1.1758762575323785,7.480542924199044,114.6722866839819,2674.98,SURPLUS,LOW,0.0,Viên
15.L1.3060.2902.3,1,Chi nhánh Đà Nẵng UN,MIỀN TRUNG,Gạch 30x60 MS 2902 Loại 1,126,0.1,3.000000000000001,0.13055620920048613,0.8305562092004862,38.2099463490856,123.0,SURPLUS,LOW,0.0,Viên
15.L1.3060.2902.8,1,Chi nhánh Đà Nẵng UN,MIỀN TRUNG,Gạch 30x60 MS 2902 Loại 1,557,0.18566666666666667,5.570000000000003,0.24239936174890261,1.5420660284155694,52.064703334728925,551.43,SURPLUS,LOW,0.0,Viên
15.L1.3060.2903.8,1,Chi nhánh Đà Nẵng UN,MIỀN TRUNG,Gạch 30x60 MS 2903 Loại 1,627,0.20900000000000002,6.269999999999998,0.2728624772290161,1.735862477229016,55.23947863620728,620.73,SURPLUS,LOW,0.0,Viên
15.L1.3060.2904.5,1,Chi nhánh Đà Nẵng UN,MIỀN TRUNG,Gạch 30x60 MS 2904 Loại 1,1959,0.653,19.589999999999993,0.8525320460791744,5.423532046079174,97.64117983719778,1939.41,SURPLUS,LOW,0.0,Viên
15.L1.3060.2905.5,1,Chi nhánh Đà Nẵng UN,MIỀN TRUNG,Gạch 30x60 MS 2905 Loại 1,220,0.1,3.000000000000001,0.13055620920048613,0.8305562092004862,38.2099463490856,217.0,SURPLUS,LOW,0.0,Viên
15.L1.3060.2906.5,1,Chi nhánh Đà Nẵng UN,MIỀN TRUNG,Gạch 30x60 MS 2906 Loại 1,824,0.27466666666666667,8.24,0.3585943879373353,2.281261054604002,63.32561356460222,815.76,SURPLUS,LOW,0.0,Viên
15.L1.3060.2907.5,1,Chi nhánh Đà Nẵng UN,MIỀN TRUNG,Gạch 30x60 MS 2907 Loại 1,1806,0.602,18.060000000000002,0.7859483793869264,4.999948379386926,93.75073333046521,1787.94,SURPLUS,LOW,0.0,Viên
15.L1.3060.2908.5,1,Chi nhánh Đà Nẵng UN,MIỀN TRUNG,Gạch 30x60 MS 2908 Loại 1,6552,2.1839999999999997,65.51999999999998,2.8513476089386165,18.139347608938614,178.56763424540293,6486.48,SURPLUS,LOW,0.0,Viên
15.L1.3060.2909.5,1,Chi nhánh Đà Nẵng UN,MIỀN TRUNG,Gạch 30x60 MS 2909 Loại 1,8736,2.912,87.36000000000004,3.8017968119181558,24.185796811918156,206.19214340027602,8648.64,SURPLUS,LOW,0.0,Viên
15.L1.3060.2911.3,1,Chi nhánh Đà Nẵng UN,MIỀN TRUNG,Gạch 30x60 MS 2911 Loại 1,8295,2.765,82.95,3.6098791843934417,22.964879184393443,200.92038224132463,8212.05,SURPLUS,LOW,0.0,Viên
15.L1.3060.2911.7,1,Chi nhánh Đà Nẵng UN,MIỀN TRUNG,Gạch 30x60 MS 2911 Loại 1,2780,0.9266666666666666,27.799999999999994,1.2098208719245047,7.696487538591171,116.31566245924637,2752.2,SURPLUS,LOW,0.0,Viên
15.L1.3060.2911.8,1,Chi nhánh Đà Nẵng UN,MIỀN TRUNG,Gạch 30x60 MS 2911 Loại 1,1585,0.5283333333333333,15.849999999999994,0.6897719719425685,4.388105305275902,87.82748241106918,1569.15,SURPLUS,LOW,0.0,Viên
15.L1.3060.2912.3,1,Chi nhánh Đà Nẵng UN,MIỀN TRUNG,Gạch 30x60 MS 2912 Loại 1,387,0.129,3.87,0.1684175098686271,1.0714175098686272,43.398156642880586,383.13,SURPLUS,LOW,0.0,Viên
15.L1.3060.2912.7,1,Chi nhánh Đà Nẵng UN,MIỀN TRUNG,Gạch 30x60 MS 2912 Loại 1,621,0.207,6.209999999999999,0.2702513530450063,1.7192513530450062,54.97453956150974,614.79,SURPLUS,LOW,0.0,Viên
15.L1.3060.2913.3,1,Chi nhánh Đà Nẵng UN,MIỀN TRUNG,Gạch 30x60 MS 2913 Loại 1,1554,0.518,15.540000000000004,0.6762811636585182,4.3022811636585185,86.96436051624826,1538.46,SURPLUS,LOW,0.0,Viên
15.L1.3060.2913.4,1,Chi nhánh Đà Nẵng UN,MIỀN TRUNG,Gạch 30x60 MS 2913 Loại 1,224,0.1,3.000000000000001,0.13055620920048613,0.8305562092004862,38.2099463490856,221.0,SURPLUS,LOW,0.0,Viên
15.L1.3060.2913.7,1,Chi nhánh Đà Nẵng UN,MIỀN TRUNG,Gạch 30x60 MS 2913 Loại 1,461,0.15366666666666667,4.610000000000001,0.20062137480474707,1.276288041471414,47.36595120266596,456.39,SURPLUS,LOW,0.0,Viên
15.L1.6060.6601.1,1,Chi nhánh Đà Nẵng UN,MIỀN TRUNG,Gạch 60x60 MS 6601 loại 1,2447,0.8156666666666667,24.46999999999999,1.0649034797119652,6.774570146378632,109.12714297246735,2422.53,SURPLUS,LOW,0.0,Viên
15.L1.6060.6601.3,1,Chi nhánh Đà Nẵng UN,MIỀN TRUNG,Gạch 60x60 MS 6601 loại 1,4351,1.4503333333333333,43.51,1.8935002207710507,12.045833554104384,145.51586396907612,4307.49,SURPLUS,LOW,0.0,Viên
15.L1.6060.6601.4,1,Chi nhánh Đà Nẵng UN,MIỀN TRUNG,Gạch 60x60 MS 6601 loại 1,7145,2.381666666666667,71.44999999999999,3.109413715791579,19.781080382458246,186.47341186703625,7073.55,SURPLUS,LOW,0.0,Viên
15.L1.6060.6601.6,1,Chi nhánh Đà Nẵng UN,MIỀN TRUNG,Gạch 60x60 MS 6601 loại 1,1911,0.637,19.110000000000003,0.8316430526070967,5.290643052607097,96.43754455604933,1891.89,SURPLUS,LOW,0.0,Viên
15.L1.6060.6601.7,1,Chi nhánh Đà Nẵng UN,MIỀN TRUNG,Gạch 60x60 MS 6601 loại 1,1838,0.6126666666666666,18.379999999999992,0.7998743750349783,5.088541041701644,94.57765768580512,1819.6200000000001,SURPLUS,LOW,0.0,Viên
15.L1.6060.6601.8,1,Chi nhánh Đà Nẵng UN,MIỀN TRUNG,Gạch 60x60 MS 6601 loại 1,1286,0.42866666666666664,12.86,0.5596509501060839,3.5603176167727506,79.11089263390556,1273.14,SURPLUS,LOW,0.0,Viên
15.L1.6060.6601.9,1,Chi nhánh Đà Nẵng UN,MIỀN TRUNG,Gạch 60x60 MS 6601 loại 1,1815,0.6050000000000001,18.150000000000006,0.7898650656629412,5.024865065662942,93.98404119849285,1796.85,SURPLUS,LOW,0.0,Viên
15.L1.6060.6602.3,1,Chi nhánh Đà Nẵng UN,MIỀN TRUNG,Gạch 60x60 MS 6602 loại 1,1812,0.604,18.119999999999994,0.7885595035709363,5.016559503570936,93.9063363144362,1793.88,SURPLUS,LOW,0.0,Viên
15.L1.6060.6602.6,1,Chi nhánh Đà Nẵng UN,MIỀN TRUNG,Gạch 60x60 MS 6602 loại 1,865,0.28833333333333333,8.65,0.3764370698614017,2.394770403194735,64.88194407280554,856.35,SURPLUS,LOW,0.0,Viên
15.L1.6060.6602.7,1,Chi nhánh Đà Nẵng UN,MIỀN TRUNG,Gạch 60x60 MS 6602 loại 1,1529,0.5096666666666667,15.289999999999997,0.6654014795584777,4.233068146225144,86.26200399557928,1513.71,SURPLUS,LOW,0.0,Viên
15.L1.6060.6604.1,1,Chi nhánh Đà Nẵng UN,MIỀN TRUNG,Gạch 60x60 MS 6604 loại 1,1204,0.4013333333333334,12.040000000000003,0.5239655862579511,3.3332989195912845,76.54715322379185,1191.96,SURPLUS,LOW,0.0,Viên
15.L1.6060.6604.2,1,Chi nhánh Đà Nẵng UN,MIỀN TRUNG,Gạch 60x60 MS 6604 loại 1,813,30.0,900.0,86.1627021282284,296.1627021282284,661.8156843109718,-87.0,RESTOCK,MEDIUM,661.8156843109718,Viên
15.L1.6060.6604.4,1,Chi nhánh Đà Nẵng UN,MIỀN TRUNG,Gạch 60x60 MS 6604 loại 1,941,0.31366666666666665,9.409999999999998,0.40951130952552484,2.6051779761921914,67.67224935919695,931.59,SURPLUS,LOW,0.0,Viên
15.L1.6060.6604.6,1,Chi nhánh Đà Nẵng UN,MIỀN TRUNG,Gạch 60x60 MS 6604 loại 1,826,0.2753333333333333,8.26,0.3594647626653385,2.286798095998672,63.40241846070752,817.74,SURPLUS,LOW,0.0,Viên
15.L1.6060.6604.8,1,Chi nhánh Đà Nẵng UN,MIỀN TRUNG,Gạch 60x60 MS 6604 loại 1,5610,1.87,56.09999999999999,2.441401112049091,15.53140111204909,165.2331685830663,5553.9,SURPLUS,LOW,0.0,Viên
15.L1.6060.6803.7,1,Chi nhánh Đà Nẵng UN,MIỀN TRUNG,Gạch 60x60 MS 6803 loại 1,182,0.1,3.000000000000001,0.13055620920048613,0.8305562092004862,38.2099463490856,179.0,SURPLUS,LOW,0.0,Viên
15.L1.6060.6803.8,1,Chi nhánh Đà Nẵng UN,MIỀN TRUNG,Gạch 60x60 MS 6803 loại 1,322,0.10733333333333334,3.220000000000001,0.1401303312085218,0.8914636645418552,39.58619287916769,318.78,SURPLUS,LOW,0.0,Viên
15.L1.6060.6812.1,1,Chi nhánh Đà Nẵng UN,MIỀN TRUNG,Gạch 60x60 MS 6812 loại 1,504,0.168,5.040000000000001,0.21933443145681672,1.3953344314568168,49.52575087769998,498.96,SURPLUS,LOW,0.0,Viên
15.L1.6060.6812.8,1,Chi nhánh Đà Nẵng UN,MIỀN TRUNG,Gạch 60x60 MS 6812 loại 1,420,0.14,4.2,0.1827786928806806,1.1627786928806807,45.21061822182926,415.8,SURPLUS,LOW,0.0,Viên
15.L1.6060.6874.6,1,Chi nhánh Đà Nẵng UN,MIỀN TRUNG,Gạch 60x60 MS 6874 loại 1,612,0.20400000000000001,6.119999999999999,0.26633466676899176,1.694334666768992,54.574719422091405,605.88,SURPLUS,LOW,0.0,Viên
15.L1.6060.6875.7,1,Chi nhánh Đà Nẵng UN,MIỀN TRUNG,Gạch 60x60 MS 6875 loại 1,560,0.18666666666666668,5.6,0.24370492384090747,1.5503715905075741,52.20472520120505,554.4,SURPLUS,LOW,0.0,Viên
15.L2.3060.2901,1,Chi nhánh Đà Nẵng UN,MIỀN TRUNG,Gạch 30x60 MS 2901 Loại 2,63952,21.317333333333334,639.5199999999998,27.831102302631635,177.05243563596497,557.8826638879063,63312.48,SURPLUS,LOW,0.0,Viên
15.L2.3060.2907,1,Chi nhánh Đà Nẵng UN,MIỀN TRUNG,Gạch 30x60 MS 2907 Loại 2,41328,13.776000000000002,413.2800000000001,17.98542337945897,114.417423379459,448.47474845302054,40914.72,SURPLUS,LOW,0.0,Viên
15.L2.6060.6601,1,Chi nhánh Đà Nẵng UN,MIỀN TRUNG,Gạch 60x60 MS 6601 loại 2,10827,3.609,108.26999999999997,4.711773590045545,29.974773590045544,229.54607380654542,10718.73,SURPLUS,LOW,0.0,Viên
15.L2.6060.6602,1,Chi nhánh Đà Nẵng UN,MIỀN TRUNG,Gạch 60x60 MS 6602 loại 2,27272,9.090666666666667,272.72,11.868429791052193,75.50309645771887,364.31268620970826,26999.28,SURPLUS,LOW,0.0,Viên
15.L3.6060.6601,1,Chi nhánh Đà Nẵng UN,MIỀN TRUNG,Gạch 60x60 MS 6601 loại 3,24864,8.288,248.64000000000007,10.820498618536291,68.8364986185363,347.85744206499305,24615.36,SURPLUS,LOW,0.0,Viên
15.L3.6060.6602,1,Chi nhánh Đà Nẵng UN,MIỀN TRUNG,Gạch 60x60 MS 6602 loại 3,67200,22.4,671.9999999999998,29.244590860908893,186.04459086090887,571.8741120211685,66528.0,SURPLUS,LOW,0.0,Viên
15.L3.6060.6604,1,Chi nhánh Đà Nẵng UN,MIỀN TRUNG,Gạch 60x60 MS 6604 loại 3,14056,4.685333333333333,140.56000000000003,6.116993588406777,38.91432692174011,261.5451522522768,13915.44,SURPLUS,LOW,0.0,Viên
18.C100.DG.UTILE.00.,1,Chi nhánh Đà Nẵng UN,MIỀN TRUNG,Keo dán gạch Unitile C1,350,0.11666666666666667,3.5,0.15231557740056714,0.9689822440672338,41.27145906474998,346.5,SURPLUS,LOW,0.0,Kg
20.L1.3030.U81107.2,1,Chi nhánh Đà Nẵng UN,MIỀN TRUNG,Gạch 30x30 MS U81107 Loại 1,1320,0.44000000000000006,13.2,0.5744473204821391,3.6544473204821397,80.14985963805552,1306.8,SURPLUS,LOW,0.0,Viên
20.L1.3030.U81107.6,1,Chi nhánh Đà Nẵng UN,MIỀN TRUNG,Gạch 30x30 MS U81107 Loại 1,1655,71.5,2145.0,236.94743085262806,737.447430852628,1021.7142457654195,-490.0,RESTOCK,MEDIUM,1021.7142457654195,Viên
20.L1.3030.U81108.2,1,Chi nhánh Đà Nẵng UN,MIỀN TRUNG,Gạch 30x30 MS U81108 Loại 1,1476,59.333333333333336,1690.9999999999993,180.41477613655672,595.7481094698901,930.7344769947371,-214.99999999999932,RESTOCK,MEDIUM,930.7344769947371,Viên
20.L1.3030.U81108.5,1,Chi nhánh Đà Nẵng UN,MIỀN TRUNG,Gạch 30x30 MS U81108 Loại 1,843,0.28099999999999997,8.43,0.366862947853366,2.333862947853366,64.05154174569103,834.57,SURPLUS,LOW,0.0,Viên
20.L1.3030.U81108.52,1,Chi nhánh Đà Nẵng UN,MIỀN TRUNG,Gạch 30x30 MS U81108 Loại 1,1177,0.3923333333333333,11.77,0.5122155274299073,3.2585488607632405,75.68399214276864,1165.23,SURPLUS,LOW,0.0,Viên
20.L1.3030.U81109.5,1,Chi nhánh Đà Nẵng UN,MIỀN TRUNG,Gạch 30x30 MS U81109 Loại 1,1343,0.44766666666666666,13.43,0.5844566298541763,3.718123296520843,80.84511941566623,1329.57,SURPLUS,LOW,0.0,Viên
20.L1.3030.U81110.5,1,Chi nhánh Đà Nẵng UN,MIỀN TRUNG,Gạch 30x30 MS U81110 Loại 1,1199,0.39966666666666667,11.99,0.5217896494379429,3.31945631610461,76.38804443977692,1187.01,SURPLUS,LOW,0.0,Viên
20.L1.3030.U81111.5,1,Chi nhánh Đà Nẵng UN,MIỀN TRUNG,Gạch 30x30 MS U81111 Loại 1,1167,0.389,11.669999999999996,0.5078636537898911,3.230863653789891,75.36179403384715,1155.33,SURPLUS,LOW,0.0,Viên
20.L1.3030.U81111.6,1,Chi nhánh Đà Nẵng UN,MIỀN TRUNG,Gạch 30x30 MS U81111 Loại 1,1095,60.5,1815.0,33.84963297894687,457.3496329789469,939.8404119849284,-720.0,RESTOCK,MEDIUM,939.8404119849284,Viên
20.L1.3030.U81112.5,1,Chi nhánh Đà Nẵng UN,MIỀN TRUNG,Gạch 30x30 MS U81112 Loại 1,1554,0.518,15.540000000000004,0.6762811636585182,4.3022811636585185,86.96436051624826,1538.46,SURPLUS,LOW,0.0,Viên
20.L1.5050.91502.5,1,Chi nhánh Đà Nẵng UN,MIỀN TRUNG,Gạch 50x50 MS 91502 loại 1,1436,148.5,4455.0,298.49221808707694,1337.992218087077,1472.4469430169631,-3019.0,RESTOCK,MEDIUM,1472.4469430169631,Viên
20.L1.5050.91504.5,1,Chi nhánh Đà Nẵng UN,MIỀN TRUNG,Gạch 50x50 MS 91504 loại 1,1776,145.0,4350.0,707.7650531961618,1722.7650531961617,1454.9914089093447,-2574.0,RESTOCK,MEDIUM,1454.9914089093447,Viên
20.L1.5050.91506.5,1,Chi nhánh Đà Nẵng UN,MIỀN TRUNG,Gạch 50x50 MS 91506 loại 1,2122,0.7073333333333333,21.220000000000006,0.9234675864114386,5.8748009197447715,101.62217605752528,2100.78,SURPLUS,LOW,0.0,Viên
20.L1.5050.91508.5,1,Chi nhánh Đà Nẵng UN,MIỀN TRUNG,Gạch 50x50 MS 91508 loại 1,2310,0.77,23.099999999999998,1.0052828108437433,6.395282810843744,106.02829810951414,2286.9,SURPLUS,LOW,0.0,Viên
20.L1.6060.A66101.2,1,Chi nhánh Đà Nẵng UN,MIỀN TRUNG,Gạch 60x60 MS A66101 Loại 1 5 Viên,42,0.1,3.000000000000001,0.13055620920048613,0.8305562092004862,38.2099463490856,39.0,OK,LOW,0.0,Viên
20.L1.6060.A66103.1,1,Chi nhánh Đà Nẵng UN,MIỀN TRUNG,Gạch 60x60 MS A66103 Loại 1 5 Viên,382,0.12733333333333335,3.8200000000000016,0.16624157304861906,1.0575749063819526,43.116895373700864,378.18,SURPLUS,LOW,0.0,Viên
20.L1.6060.A66104.1,1,Chi nhánh Đà Nẵng UN,MIỀN TRUNG,Gạch 60x60 MS A66104 Loại 1 5 Viên,957,0.319,9.570000000000004,0.41647430734955077,2.649474307349551,68.24514634756086,947.43,SURPLUS,LOW,0.0,Viên
20.L1.6060.A66105.1,1,Chi nhánh Đà Nẵng UN,MIỀN TRUNG,Gạch 60x60 MS A66105 Loại 1 5 Viên,1594,0.5313333333333333,15.939999999999994,0.6936886582185829,4.413021991551916,88.07648191581374,1578.06,SURPLUS,LOW,0.0,Viên
20.L1.6060.A66106.1,1,Chi nhánh Đà Nẵng UN,MIỀN TRUNG,Gạch 60x60 MS A66106 Loại 1 5 Viên,959,0.31966666666666665,9.59,0.41734468207755404,2.6550113487442206,68.31642067126566,949.41,SURPLUS,LOW,0.0,Viên
20.L1.6060.A91661.1,1,Chi nhánh Đà Nẵng UN,MIỀN TRUNG,Gạch 60x60 MS A91661 Loại 1 5 Viên,1092,0.364,10.920000000000005,0.47522460148976947,3.0232246014897695,72.8999314128621,1081.08,SURPLUS,LOW,0.0,Viên
20.L1.6060.A91662.1,1,Chi nhánh Đà Nẵng UN,MIỀN TRUNG,Gạch 60x60 MS A91662 Loại 1 5 Viên,862,0.2873333333333334,8.620000000000001,0.37513150776939685,2.3864648411027307,64.76933430773137,853.38,SURPLUS,LOW,0.0,Viên
20.L1.8080.68101.2,1,Chi nhánh Đà Nẵng UN,MIỀN TRUNG,Gạch 80x80 MS 68101 Loại 1,1953,0.651,19.53,0.8499209218951648,5.406920921895165,97.49153809433925,1933.47,SURPLUS,LOW,0.0,Viên
20.L1.8080.68102.1,1,Chi nhánh Đà Nẵng UN,MIỀN TRUNG,Gạch 80x80 MS 68102 Loại 1,966,0.322,9.659999999999995,0.42039099362556537,2.674390993625565,68.56529734493974,956.34,SURPLUS,LOW,0.0,Viên
20.L1.8080.68103.1,1,Chi nhánh Đà Nẵng UN,MIỀN TRUNG,Gạch 80x80 MS 68103 Loại 1,847,0.2823333333333334,8.470000000000004,0.36860369730937254,2.3449370306427064,64.20332286312498,838.53,SURPLUS,LOW,0.0,Viên
20.L1.8080.68103.2,1,Chi nhánh Đà Nẵng UN,MIỀN TRUNG,Gạch 80x80 MS 68103 Loại 1,847,0.2823333333333334,8.470000000000004,0.36860369730937254,2.3449370306427064,64.20332286312498,838.53,SURPLUS,LOW,0.0,Viên
20.L1.8080.68104.1,1,Chi nhánh Đà Nẵng UN,MIỀN TRUNG,Gạch 80x80 MS 68104 Loại 1,1344,0.448,13.440000000000003,0.5848918172181778,3.720891817218178,80.87521251904072,1330.56,SURPLUS,LOW,0.0,Viên
20.L1.8080.68104.2,1,Chi nhánh Đà Nẵng UN,MIỀN TRUNG,Gạch 80x80 MS 68104 Loại 1,1148,0.38266666666666665,11.480000000000002,0.49959509387386025,3.1782617605405266,74.74579140883674,1136.52,SURPLUS,LOW,0.0,Viên
20.L1.8080.68105.1,1,Chi nhánh Đà Nẵng UN,MIỀN TRUNG,Gạch 80x80 MS 68105 Loại 1,794,0.26466666666666666,7.940000000000001,0.34553876701728664,2.1982054336839534,62.1621535448486,786.06,SURPLUS,LOW,0.0,Viên
20.L1.8080.68105.3,1,Chi nhánh Đà Nẵng UN,MIỀN TRUNG,Gạch 80x80 MS 68105 Loại 1,984,16.0,480.0,24.617914893779542,136.61791489377953,483.3218389437829,504.0,OK,LOW,0.0,Viên
20.L1.8080.68106.1,1,Chi nhánh Đà Nẵng UN,MIỀN TRUNG,Gạch 80x80 MS 68106 Loại 1,70,0.1,3.000000000000001,0.13055620920048613,0.8305562092004862,38.2099463490856,67.0,OK,LOW,0.0,Viên
20.L1.8080.91851.1,1,Chi nhánh Đà Nẵng UN,MIỀN TRUNG,Gạch 80x80 MS 91851 loại 1,230,0.1,3.000000000000001,0.13055620920048613,0.8305562092004862,38.2099463490856,227.0,SURPLUS,LOW,0.0,Viên
20.L1.8080.91851.4,1,Chi nhánh Đà Nẵng UN,MIỀN TRUNG,Gạch 80x80 MS 91851 loại 1,1107,0.369,11.069999999999999,0.4817524119497938,3.0647524119497938,73.39891007365163,1095.93,SURPLUS,LOW,0.0,Viên
20.L1.8080.91851.5,1,Chi nhánh Đà Nẵng UN,MIỀN TRUNG,Gạch 80x80 MS 91851 loại 1,652,0.21733333333333335,6.5200000000000005,0.2837421613290566,1.8050754946623901,56.32998017633831,645.48,SURPLUS,LOW,0.0,Viên
20.L1.8080.91855.1,1,Chi nhánh Đà Nẵng UN,MIỀN TRUNG,Gạch 80x80 MS 91855 loại 1,647,0.21566666666666665,6.469999999999998,0.28156622450904845,1.791232891175715,56.11357530342664,640.53,SURPLUS,LOW,0.0,Viên
20.L1.8080.91855.5,1,Chi nhánh Đà Nẵng UN,MIỀN TRUNG,Gạch 80x80 MS 91855 loại 1,656,0.21866666666666668,6.56,0.28548291078506305,1.8161495774517298,56.50250731899721,649.44,SURPLUS,LOW,0.0,Viên
20.L1.8080.91855.6,1,Chi nhánh Đà Nẵng UN,MIỀN TRUNG,Gạch 80x80 MS 91855 loại 1,1169,0.38966666666666666,11.690000000000001,0.5087340285178943,3.2364006951845607,75.42634376219844,1157.31,SURPLUS,LOW,0.0,Viên
20.L1.8080.91857.5,1,Chi nhánh Đà Nẵng UN,MIỀN TRUNG,Gạch 80x80 MS 91857 loại 1,683,0.22766666666666666,6.830000000000001,0.2972329696131068,1.8908996362797734,57.6535630584384,676.17,SURPLUS,LOW,0.0,Viên
20.L1.8080.91858.1,1,Chi nhánh Đà Nẵng UN,MIỀN TRUNG,Gạch 80x80 MS 91858 loại 1,817,0.2723333333333333,8.169999999999998,0.35554807638932395,2.2618814097226574,63.05605971408827,808.83,SURPLUS,LOW,0.0,Viên
20.L1.8080.91858.2,1,Chi nhánh Đà Nẵng UN,MIỀN TRUNG,Gạch 80x80 MS 91858 loại 1,859,0.28633333333333333,8.59,0.37382594567739197,2.3781592790107253,64.6565284148992,850.41,SURPLUS,LOW,0.0,Viên
20.L1.8080.91858.4,1,Chi nhánh Đà Nẵng UN,MIỀN TRUNG,Gạch 80x80 MS 91858 loại 1,910,0.30333333333333334,9.1,0.39602050124147464,2.519353834574808,66.54822812567339,900.9,SURPLUS,LOW,0.0,Viên
20.L1.8080.91858.5,1,Chi nhánh Đà Nẵng UN,MIỀN TRUNG,Gạch 80x80 MS 91858 loại 1,1076,0.35866666666666663,10.759999999999996,0.46826160366574354,2.97892827033241,72.36389523328144,1065.24,SURPLUS,LOW,0.0,Viên
20.L1.8080.91858.6,1,Chi nhánh Đà Nẵng UN,MIỀN TRUNG,Gạch 80x80 MS 91858 loại 1,929,0.3096666666666667,9.290000000000001,0.40428906115750546,2.5719557278241725,67.23937338593612,919.71,SURPLUS,LOW,0.0,Viên
20.L1.8080.91859.1,1,Chi nhánh Đà Nẵng UN,MIỀN TRUNG,Gạch 80x80 MS 91859 loại 1,912,42.5,1275.0,33.84963297894687,331.3496329789469,787.7182237323192,-363.0,RESTOCK,MEDIUM,787.7182237323192,Viên
20.L1.8080.91859.2,1,Chi nhánh Đà Nẵng UN,MIỀN TRUNG,Gạch 80x80 MS 91859 loại 1,2436,0.8119999999999999,24.360000000000007,1.0601164187079473,6.7441164187079465,108.88158705676548,2411.64,SURPLUS,LOW,0.0,Viên
20.L1.8080.91859.4,1,Chi nhánh Đà Nẵng UN,MIỀN TRUNG,Gạch 80x80 MS 91859 loại 1,1171,13.5,405.0,21.5406755320571,116.0406755320571,443.9594576084623,766.0,SURPLUS,LOW,0.0,Viên
20.L1.8080.91859.5,1,Chi nhánh Đà Nẵng UN,MIỀN TRUNG,Gạch 80x80 MS 91859 loại 1,783,0.261,7.830000000000001,0.34075170601326876,2.1677517060132687,61.73005750847799,775.17,SURPLUS,LOW,0.0,Viên
20.L1.8080.91859.6,1,Chi nhánh Đà Nẵng UN,MIỀN TRUNG,Gạch 80x80 MS 91859 loại 1,715,0.23833333333333334,7.15,0.3111589652611586,1.979492298594492,58.98869948275404,707.85,SURPLUS,LOW,0.0,Viên
20.L1.8080.91861.1,1,Chi nhánh Đà Nẵng UN,MIỀN TRUNG,Gạch 80x80 MS 91861 loại 1,1012,0.3373333333333334,10.120000000000001,0.44040961236963994,2.8017429457029737,70.17881921681689,1001.88,SURPLUS,LOW,0.0,Viên
20.L1.8080.91861.2,1,Chi nhánh Đà Nẵng UN,MIỀN TRUNG,Gạch 80x80 MS 91861 loại 1,1291,0.43033333333333335,12.91,0.5618268869260921,3.5741602202594254,79.26453599603461,1278.09,SURPLUS,LOW,0.0,Viên
20.L1.8080.91862.1,1,Chi nhánh Đà Nẵng UN,MIỀN TRUNG,Gạch 80x80 MS 91862 loại 1,1122,0.374,11.220000000000002,0.4882802224098181,3.106280222409818,73.89451941788376,1110.78,SURPLUS,LOW,0.0,Viên
21.C100.DG.MPECO.00,1,Chi nhánh Đà Nẵng UN,MIỀN TRUNG,Keo dán gạch Mapetile Eco Xám,9950,3.316666666666667,99.49999999999999,4.330114271816124,27.546780938482794,220.0530239131772,9850.5,SURPLUS,LOW,0.0,Kg
21.C100.DG.UNIECO.00,1,Chi nhánh Đà Nẵng UN,MIỀN TRUNG,Keo dán gạch Mapetile Uni Eco Xám,7442,875.0,26250.0,2307.929521291832,8432.929521291831,3574.2132001323034,-18808.0,URGENT_RESTOCK,HIGH,3574.2132001323034,Kg
21.C100.DG.UNISET.00,1,Chi nhánh Đà Nẵng UN,MIỀN TRUNG,Keo dán gạch UniSet C1 Xám,4788,112.5,3375.0,538.5168883014275,1326.0168883014276,1281.6005617976298,1413.0,SURPLUS,LOW,0.0,Kg
21.CG1.CR.SF-CLASSIC.00,1,Chi nhánh Đà Nẵng UN,MIỀN TRUNG,Bột trét  Keracolor SF CLASSIC Trắng,384,80.0,2280.0,150.75332505255557,710.7533250525555,1080.7404868885037,-1896.0,URGENT_RESTOCK,HIGH,1080.7404868885037,Kg
22.C100.DG.TPRO2.00,1,Chi nhánh Đà Nẵng UN,MIỀN TRUNG,Keo dán gạch KKS TilePro X2 C1,3465,1.155,34.650000000000006,1.5079242162656148,9.592924216265615,129.85761433200597,3430.35,SURPLUS,LOW,0.0,Kg
22.C100.DG.UNITILE.00,1,Chi nhánh Đà Nẵng UN,MIỀN TRUNG,Keo dán gạch KKS Unitile C1,8276,168.75,4809.375,617.8472883539059,1799.097288353906,1569.6337152342262,3466.625,SURPLUS,LOW,0.0,Kg
23.L1.5050.6532.5,1,Chi nhánh Đà Nẵng UN,MIỀN TRUNG,Gạch 50x50 MS 6532 loại 1,1176,0.392,11.759999999999998,0.5117803400659057,3.2557803400659058,75.65183408219525,1164.24,SURPLUS,LOW,0.0,Viên
23.L1.5050.6533.5,1,Chi nhánh Đà Nẵng UN,MIỀN TRUNG,Gạch 50x50 MS 6533 loại 1,1380,0.46,13.800000000000006,0.6005585623222363,3.8205585623222365,81.95120499419151,1366.2,SURPLUS,LOW,0.0,Viên
23.L1.5050.6542.5,1,Chi nhánh Đà Nẵng UN,MIỀN TRUNG,Gạch 50x50 MS 6542 loại 1,1718,0.5726666666666667,17.18,0.7476518913547839,4.756318558021451,91.43813938031184,1700.82,SURPLUS,LOW,0.0,Viên
23.L1.5050.6543.5,1,Chi nhánh Đà Nẵng UN,MIỀN TRUNG,Gạch 50x50 MS 6543 loại 1,1190,0.39666666666666667,11.899999999999999,0.5178729631619283,3.294539629828595,76.1008103329612,1178.1,SURPLUS,LOW,0.0,Viên
23.L1.5050.6622.5,1,Chi nhánh Đà Nẵng UN,MIỀN TRUNG,Gạch 50x50 MS 6622 loại 1,84,0.1,3.000000000000001,0.13055620920048613,0.8305562092004862,38.2099463490856,81.0,SURPLUS,LOW,0.0,Viên
23.L1.5050.6636.5,1,Chi nhánh Đà Nẵng UN,MIỀN TRUNG,Gạch 50x50 MS 6636 loại 1,105,0.1,3.000000000000001,0.13055620920048613,0.8305562092004862,38.2099463490856,102.0,SURPLUS,LOW,0.0,Viên
23.L1.5050.U6622.5,1,Chi nhánh Đà Nẵng UN,MIỀN TRUNG,Gạch 50x50 MS U6622 loại 1,1429,0.4763333333333334,14.29,0.6218827431583157,3.9562160764916494,83.3934449862018,1414.71,SURPLUS,LOW,0.0,Viên
23.L1.5050.U6636.5,1,Chi nhánh Đà Nẵng UN,MIỀN TRUNG,Gạch 50x50 MS U6636 loại 1,1548,0.516,15.48,0.6736700394745084,4.285670039474509,86.79631328576117,1532.52,SURPLUS,LOW,0.0,Viên
25.L1.3060.FP936609.1,1,Chi nhánh Đà Nẵng UN,MIỀN TRUNG,Gạch 30x60 MS FP936609 Loại 1,8624,2.8746666666666667,86.24000000000002,3.753055827149975,23.875722493816642,204.8661351549673,8537.76,SURPLUS,LOW,0.0,Viên
25.L1.3060.FP936610.2,1,Chi nhánh Đà Nẵng UN,MIỀN TRUNG,Gạch 30x60 MS FP936610 Loại 1,2510,0.8366666666666667,25.099999999999994,1.0923202836440675,6.948986950310734,110.52299911481471,2484.9,SURPLUS,LOW,0.0,Viên
25.L1.3060.FP936612.1,1,Chi nhánh Đà Nẵng UN,MIỀN TRUNG,Gạch 30x60 MS FP936612 Loại 1,1454,136.0,4080.0,393.88663830047267,1345.8866383004727,1409.113196304683,-2626.0,RESTOCK,MEDIUM,1409.113196304683,Viên
25.L1.3060.FP936612.2,1,Chi nhánh Đà Nẵng UN,MIỀN TRUNG,Gạch 30x60 MS FP936612 Loại 1,889,0.29633333333333334,8.889999999999999,0.3868815665974406,2.4612148999307744,65.77588210481609,880.11,SURPLUS,LOW,0.0,Viên
25.L1.3060.FP936612D.1,1,Chi nhánh Đà Nẵng UN,MIỀN TRUNG,Gạch 30x60 MS FP936612D Loại 1,630,0.21,6.3,0.2741680393210209,1.7441680393210208,55.371472799628506,623.7,SURPLUS,LOW,0.0,Viên
25.L1.3060.FP936613.2,1,Chi nhánh Đà Nẵng UN,MIỀN TRUNG,Gạch 30x60 MS FP936613 Loại 1,1530,118.0,3717.000000000001,297.2895661928229,1123.2895661928228,1312.5547607623844,-2187.000000000001,RESTOCK,MEDIUM,1312.5547607623844,Viên
25.L1.3060.GT3601.50,1,Chi nhánh Đà Nẵng UN,MIỀN TRUNG,Gạch 30x60 MS GT3601 Loại 1,10082,3.360666666666667,100.82000000000005,4.387559003864338,27.912225670531008,221.50786291536772,9981.18,SURPLUS,LOW,0.0,Viên
25.L1.3060.GT3601.51,1,Chi nhánh Đà Nẵng UN,MIỀN TRUNG,Gạch 30x60 MS GT3601 Loại 1,20160,6.72,201.6,8.773377258272669,55.813377258272666,313.2283512072303,19958.4,SURPLUS,LOW,0.0,Viên
25.L1.3060.GT3601.54,1,Chi nhánh Đà Nẵng UN,MIỀN TRUNG,Gạch 30x60 MS GT3601 Loại 1,2765,0.9216666666666667,27.650000000000002,1.2032930614644808,7.654959728131148,116.00143677271129,2737.35,SURPLUS,LOW,0.0,Viên
25.L1.3060.GT3601V.50,1,Chi nhánh Đà Nẵng UN,MIỀN TRUNG,Gạch 30x60 MS GT3601V Loại 1,1875,0.625,18.75,0.8159763075030384,5.190976307503038,95.524865872714,1856.25,SURPLUS,LOW,0.0,Viên
25.L1.3060.GT3602.50,1,Chi nhánh Đà Nẵng UN,MIỀN TRUNG,Gạch 30x60 MS GT3602 Loại 1,843,0.28099999999999997,8.43,0.366862947853366,2.333862947853366,64.05154174569103,834.57,SURPLUS,LOW,0.0,Viên
25.L1.3060.GT3602.51,1,Chi nhánh Đà Nẵng UN,MIỀN TRUNG,Gạch 30x60 MS GT3602 Loại 1,1881,0.627,18.809999999999995,0.8185874316870481,5.207587431687048,95.67758358152656,1862.19,SURPLUS,LOW,0.0,Viên
25.L1.3060.GT3602.54,1,Chi nhánh Đà Nẵng UN,MIỀN TRUNG,Gạch 30x60 MS GT3602 Loại 1,1541,0.5136666666666667,15.410000000000005,0.6706237279264972,4.266290394593164,86.599846035275,1525.59,SURPLUS,LOW,0.0,Viên
25.L1.3060.GT3603.51,1,Chi nhánh Đà Nẵng UN,MIỀN TRUNG,Gạch 30x60 MS GT3603 Loại 1,829,0.2763333333333334,8.290000000000003,0.36077032475734344,2.295103658090677,63.51745167012502,820.71,SURPLUS,LOW,0.0,Viên
25.L1.3060.GT3603.52,1,Chi nhánh Đà Nẵng UN,MIỀN TRUNG,Gạch 30x60 MS GT3603 Loại 1,746,0.24866666666666667,7.460000000000001,0.3246497735452089,2.0653164402118755,60.253907203876274,738.54,SURPLUS,LOW,0.0,Viên
25.L1.3060.GT3608.50,1,Chi nhánh Đà Nẵng UN,MIỀN TRUNG,Gạch 30x60 MS GT3608 Loại 1,494,0.16466666666666668,4.939999999999999,0.21498255781680053,1.3676492244834673,49.03196236469976,489.06,SURPLUS,LOW,0.0,Viên
25.L1.3060.GT3608.51,1,Chi nhánh Đà Nẵng UN,MIỀN TRUNG,Gạch 30x60 MS GT3608 Loại 1,1369,0.4563333333333333,13.69,0.5957715013182184,3.790104834651552,81.6239343983532,1355.31,SURPLUS,LOW,0.0,Viên
25.L1.3060.GT3608.53,1,Chi nhánh Đà Nẵng UN,MIỀN TRUNG,Gạch 30x60 MS GT3608 Loại 1,1767,0.5890000000000001,17.67,0.7689760721908635,4.891976072190864,92.73294991533484,1749.33,SURPLUS,LOW,0.0,Viên
25.L1.3060.GT3608.54,1,Chi nhánh Đà Nẵng UN,MIỀN TRUNG,Gạch 30x60 MS GT3608 Loại 1,2022,0.6739999999999999,20.219999999999995,0.8799488500112765,5.597948850011276,99.19879031520495,2001.78,SURPLUS,LOW,0.0,Viên
25.L1.3060.GT3609.50,1,Chi nhánh Đà Nẵng UN,MIỀN TRUNG,Gạch 30x60 MS GT3609 Loại 1,545,0.18166666666666667,5.45,0.23717711338088318,1.5088437800475498,51.50080905513363,539.55,SURPLUS,LOW,0.0,Viên
25.L1.3060.GT3609.51,1,Chi nhánh Đà Nẵng UN,MIỀN TRUNG,Gạch 30x60 MS GT3609 Loại 1,1098,0.366,10.979999999999997,0.47783572567377924,3.039835725673779,73.09993160051519,1087.02,SURPLUS,LOW,0.0,Viên
25.L1.3060.GT3609.53,1,Chi nhánh Đà Nẵng UN,MIỀN TRUNG,Gạch 30x60 MS GT3609 Loại 1,1027,0.3423333333333333,10.269999999999994,0.44693742282966425,2.8432707561629975,70.69700606579225,1016.73,SURPLUS,LOW,0.0,Viên
25.L1.3060.GT3609.54,1,Chi nhánh Đà Nẵng UN,MIỀN TRUNG,Gạch 30x60 MS GT3609 Loại 1,1003,0.3343333333333333,10.03,0.4364929260936253,2.7768262594269584,69.86606233835327,992.97,SURPLUS,LOW,0.0,Viên
25.L1.3060.GT3610.50,1,Chi nhánh Đà Nẵng UN,MIỀN TRUNG,Gạch 30x60 MS GT3610 Loại 1,1548,0.516,15.48,0.6736700394745084,4.285670039474509,86.79631328576117,1532.52,SURPLUS,LOW,0.0,Viên
25.L1.3060.GT3610.51,1,Chi nhánh Đà Nẵng UN,MIỀN TRUNG,Gạch 30x60 MS GT3610 Loại 1,2533,0.8443333333333334,25.330000000000013,1.1023295930161048,7.012662926349439,111.0282246398035,2507.67,SURPLUS,LOW,0.0,Viên
25.L1.3060.GT3610.57,1,Chi nhánh Đà Nẵng UN,MIỀN TRUNG,Gạch 30x60 MS GT3610 Loại 1,2065,0.6883333333333334,20.649999999999995,0.8986619066633462,5.716995239996679,100.24802574947134,2044.35,SURPLUS,LOW,0.0,Viên
25.L1.3060.GT3611.54,1,Chi nhánh Đà Nẵng UN,MIỀN TRUNG,Gạch 30x60 MS GT3611 Loại 1,3276,1.0919999999999999,32.75999999999999,1.4256738044693082,9.069673804469307,126.26638507536357,3243.24,SURPLUS,LOW,0.0,Viên
25.L1.3060.GT3611.61,1,Chi nhánh Đà Nẵng UN,MIỀN TRUNG,Gạch 30x60 MS GT3611 Loại 1,1802,0.6006666666666667,18.019999999999996,0.7842076299309202,4.9888742965975865,93.64685436966548,1783.98,SURPLUS,LOW,0.0,Viên
25.L1.3060.GT3614.50,1,Chi nhánh Đà Nẵng UN,MIỀN TRUNG,Gạch 30x60 MS GT3614 Loại 1,9023,3.0076666666666667,90.22999999999999,3.926695585386622,24.98036225205329,209.5517438088582,8932.77,SURPLUS,LOW,0.0,Viên
25.L1.3060.GT3614.53,1,Chi nhánh Đà Nẵng UN,MIỀN TRUNG,Gạch 30x60 MS GT3614 Loại 1,3110,1.0366666666666666,31.09999999999999,1.3534327020450396,8.610099368711705,123.02574256363313,3078.9,SURPLUS,LOW,0.0,Viên
25.L1.3060.GT3614.57,1,Chi nhánh Đà Nẵng UN,MIỀN TRUNG,Gạch 30x60 MS GT3614 Loại 1,3174,1.058,31.740000000000002,1.3812846933411433,8.787284693341144,124.28515599217792,3142.26,SURPLUS,LOW,0.0,Viên
25.L1.3060.GT3614V.54,1,Chi nhánh Đà Nẵng UN,MIỀN TRUNG,Gạch 30x60 MS GT3614V Loại 1,958,0.31933333333333336,9.579999999999998,0.41690949471355243,2.652242828046886,68.28079280930082,948.42,SURPLUS,LOW,0.0,Viên
25.L1.3060.GT3614V.57,1,Chi nhánh Đà Nẵng UN,MIỀN TRUNG,Gạch 30x60 MS GT3614V Loại 1,617,0.20566666666666666,6.17,0.2685106035889998,1.7081772702556663,54.79720187503494,610.83,SURPLUS,LOW,0.0,Viên
25.L1.3060.GTD3601.50,1,Chi nhánh Đà Nẵng UN,MIỀN TRUNG,Gạch 30x60 MS GTD3601 Loại 1,577,0.19233333333333336,5.769999999999999,0.251103109028935,1.5974364423622684,52.99119423703024,571.23,SURPLUS,LOW,0.0,Viên
25.L1.3060.GTD3602.50,1,Chi nhánh Đà Nẵng UN,MIỀN TRUNG,Gạch 30x60 MS GTD3602 Loại 1,70,0.1,3.000000000000001,0.13055620920048613,0.8305562092004862,38.2099463490856,67.0,OK,LOW,0.0,Viên
25.L1.3060.GTD3602.51,1,Chi nhánh Đà Nẵng UN,MIỀN TRUNG,Gạch 30x60 MS GTD3602 Loại 1,472,0.15733333333333333,4.720000000000001,0.20540843580876486,1.3067417691420982,47.92772336202364,467.28,SURPLUS,LOW,0.0,Viên
25.L1.3060.GTD3602.55,1,Chi nhánh Đà Nẵng UN,MIỀN TRUNG,Gạch 30x60 MS GTD3602 Loại 1,273,0.1,3.000000000000001,0.13055620920048613,0.8305562092004862,38.2099463490856,270.0,SURPLUS,LOW,0.0,Viên
25.L1.3060.GTD3608.50,1,Chi nhánh Đà Nẵng UN,MIỀN TRUNG,Gạch 30x60 MS GTD3608 Loại 1,33,0.1,3.000000000000001,0.13055620920048613,0.8305562092004862,38.2099463490856,30.0,OK,LOW,0.0,Viên
25.L1.3060.GTD3608.51,1,Chi nhánh Đà Nẵng UN,MIỀN TRUNG,Gạch 30x60 MS GTD3608 Loại 1,380,0.12666666666666668,3.799999999999999,0.16537119832061578,1.0520378649872826,43.00387579432037,376.2,SURPLUS,LOW,0.0,Viên
25.L1.3060.GTD3608.54,1,Chi nhánh Đà Nẵng UN,MIỀN TRUNG,Gạch 30x60 MS GTD3608 Loại 1,319,0.10633333333333334,3.189999999999999,0.13882476911651692,0.8831581024498503,39.401353614649665,315.81,SURPLUS,LOW,0.0,Viên
25.L1.3060.GTD3610.50,1,Chi nhánh Đà Nẵng UN,MIỀN TRUNG,Gạch 30x60 MS GTD3610 Loại 1,2128,0.7093333333333334,21.28,0.9260787105954484,5.891412043928782,101.76574407268228,2106.72,SURPLUS,LOW,0.0,Viên
25.L1.3060.GTD3610.51,1,Chi nhánh Đà Nẵng UN,MIỀN TRUNG,Gạch 30x60 MS GTD3610 Loại 1,238,0.1,3.000000000000001,0.13055620920048613,0.8305562092004862,38.2099463490856,235.0,SURPLUS,LOW,0.0,Viên
25.L1.3060.GTD3610.57,1,Chi nhánh Đà Nẵng UN,MIỀN TRUNG,Gạch 30x60 MS GTD3610 Loại 1,2240,0.7466666666666667,22.4,0.9748196953636299,6.2014863620302965,104.4094504024101,2217.6,SURPLUS,LOW,0.0,Viên
25.L1.3060.GTD3614.50,1,Chi nhánh Đà Nẵng UN,MIỀN TRUNG,Gạch 30x60 MS GTD3614 Loại 1,426,0.142,4.26,0.18538981706469027,1.1793898170646901,45.53240604229036,421.74,SURPLUS,LOW,0.0,Viên
25.L1.3060.GTD3614.54,1,Chi nhánh Đà Nẵng UN,MIỀN TRUNG,Gạch 30x60 MS GTD3614 Loại 1,704,0.23466666666666666,7.039999999999999,0.3063719042571408,1.9490385709238076,58.53318147284781,696.96,SURPLUS,LOW,0.0,Viên
25.L1.3060.GTD3614.57,1,Chi nhánh Đà Nẵng UN,MIỀN TRUNG,Gạch 30x60 MS GTD3614 Loại 1,774,0.258,7.74,0.3368350197372542,2.1428350197372543,61.37426170635375,766.26,SURPLUS,LOW,0.0,Viên
25.L1.4080.FP948603.1,1,Chi nhánh Đà Nẵng UN,MIỀN TRUNG,Gạch 40x80 MS FP948603 Loại 1 5 Viên,588,0.196,5.879999999999999,0.25589017003295284,1.6278901700329529,53.49392488871984,582.12,SURPLUS,LOW,0.0,Viên
25.L1.4080.FP948604.1,1,Chi nhánh Đà Nẵng UN,MIỀN TRUNG,Gạch 40x80 MS FP948604 Loại 1 5 Viên,7280,2.4266666666666667,72.8,3.168164009931797,20.154830676598465,188.22681353445194,7207.2,SURPLUS,LOW,0.0,Viên
25.L1.4080.FP948604.2,1,Chi nhánh Đà Nẵng UN,MIỀN TRUNG,Gạch 40x80 MS FP948604 Loại 1 5 Viên,1439,137.5,4125.0,230.7929521291832,1193.2929521291833,1416.8627315304755,-2686.0,RESTOCK,MEDIUM,1416.8627315304755,Viên
25.L1.4080.FP948604.3,1,Chi nhánh Đà Nẵng UN,MIỀN TRUNG,Gạch 40x80 MS FP948604 Loại 1 5 Viên,3052,1.0173333333333334,30.520000000000003,1.3281918349329456,8.44952516826628,121.87315810573988,3021.48,SURPLUS,LOW,0.0,Viên
25.L1.4080.FP948604D.1,1,Chi nhánh Đà Nẵng UN,MIỀN TRUNG,Gạch 40x80 MS FP948604D Loại 1 5 Viên,1400,0.4666666666666667,14.0,0.6092623096022686,3.875928976268935,82.54291812949997,1386.0,SURPLUS,LOW,0.0,Viên
25.L1.6060.FP96600.2,1,Chi nhánh Đà Nẵng UN,MIỀN TRUNG,Gạch 60x60 MS FP96600 Loại 1,840,0.28,8.4,0.3655573857613612,2.3255573857613614,63.93746945258312,831.6,SURPLUS,LOW,0.0,Viên
25.L1.6060.FP96601.3,1,Chi nhánh Đà Nẵng UN,MIỀN TRUNG,Gạch 60x60 MS FP96601 Loại 1,280,0.1,3.000000000000001,0.13055620920048613,0.8305562092004862,38.2099463490856,277.0,SURPLUS,LOW,0.0,Viên
25.L1.6060.FP96601.5,1,Chi nhánh Đà Nẵng UN,MIỀN TRUNG,Gạch 60x60 MS FP96601 Loại 1,2882,495.5,14865.0,1874.0387712889676,5342.538771288968,2689.665406700246,-11983.0,URGENT_RESTOCK,HIGH,2689.665406700246,Viên
25.L1.6060.FP96608.3,1,Chi nhánh Đà Nẵng UN,MIỀN TRUNG,Gạch 60x60 MS FP96608 Loại 1,3396,369.5,11085.0,483.1265797904235,3069.6265797904234,2322.649349342255,-7689.0,RESTOCK,MEDIUM,2322.649349342255,Viên
25.L1.6060.FP966602.2,1,Chi nhánh Đà Nẵng UN,MIỀN TRUNG,Gạch 60x60 MS FP966602 Loại 1,1164,0.388,11.64,0.5065580916978862,3.2225580916978864,75.26486564128047,1152.36,SURPLUS,LOW,0.0,Viên
25.L1.6060.FP96666.2,1,Chi nhánh Đà Nẵng UN,MIỀN TRUNG,Gạch 60x60 MS FP96666 Loại 1,1918,0.6393333333333333,19.18,0.8346893641551081,5.310022697488441,96.61400864608954,1898.82,SURPLUS,LOW,0.0,Viên
25.L1.6060.FP96666.3,1,Chi nhánh Đà Nẵng UN,MIỀN TRUNG,Gạch 60x60 MS FP96666 Loại 1,3752,1.2506666666666668,37.52000000000001,1.6328229897340802,10.387489656400748,135.12858074194864,3714.48,SURPLUS,LOW,0.0,Viên
25.L1.6060.FPH966001.4,1,Chi nhánh Đà Nẵng UN,MIỀN TRUNG,Gạch 60x60 MS FPH966001 loại 1,846,99.0,2821.500000000001,451.5684937988004,1144.5684937988003,1202.2478945708326,-1975.500000000001,URGENT_RESTOCK,HIGH,1202.2478945708326,Viên
25.L1.6060.FPH966001.5,1,Chi nhánh Đà Nẵng UN,MIỀN TRUNG,Gạch 60x60 MS FPH966001 loại 1,504,0.168,5.040000000000001,0.21933443145681672,1.3953344314568168,49.52575087769998,498.96,SURPLUS,LOW,0.0,Viên
25.L1.6060.FPU966001.2,1,Chi nhánh Đà Nẵng UN,MIỀN TRUNG,Gạch 60x60 MS FPU966001 Loại 1,652,26.0,818.9999999999998,149.53399212313087,331.5339921231309,616.1168720299745,-166.99999999999977,RESTOCK,MEDIUM,616.1168720299745,Viên
25.L1.6060.GHP6001.2,1,Chi nhánh Đà Nẵng UN,MIỀN TRUNG,Gạch 60x60 MS GHP6001 loại 1,2240,0.7466666666666667,22.4,0.9748196953636299,6.2014863620302965,104.4094504024101,2217.6,SURPLUS,LOW,0.0,Viên
25.L1.6060.GHP6002.3,1,Chi nhánh Đà Nẵng UN,MIỀN TRUNG,Gạch 60x60 MS GHP6002 loại 1,1751,0.5836666666666667,17.509999999999994,0.7620130743668375,4.847679741033504,92.31215160168965,1733.49,SURPLUS,LOW,0.0,Viên
25.L1.6060.GHP6003.2,1,Chi nhánh Đà Nẵng UN,MIỀN TRUNG,Gạch 60x60 MS GHP6003 loại 1,1713,0.571,17.13,0.7454759545347758,4.742475954534775,91.30498343464063,1695.87,SURPLUS,LOW,0.0,Viên
25.L1.6060.GHP6004.3,1,Chi nhánh Đà Nẵng UN,MIỀN TRUNG,Gạch 60x60 MS GHP6004 loại 1,1693,0.5643333333333334,16.930000000000003,0.7367722072547435,4.687105540588077,90.77040633745487,1676.07,SURPLUS,LOW,0.0,Viên
25.L1.6060.GHP6004.4,1,Chi nhánh Đà Nẵng UN,MIỀN TRUNG,Gạch 60x60 MS GHP6004 loại 1,168,0.1,3.000000000000001,0.13055620920048613,0.8305562092004862,38.2099463490856,165.0,SURPLUS,LOW,0.0,Viên
25.L1.6060.GHP6004.5,1,Chi nhánh Đà Nẵng UN,MIỀN TRUNG,Gạch 60x60 MS GHP6004 loại 1,981,0.327,9.81,0.4269188040855897,2.71591880408559,69.0955859661093,971.19,SURPLUS,LOW,0.0,Viên
25.L1.6060.GHP6005.2,1,Chi nhánh Đà Nẵng UN,MIỀN TRUNG,Gạch 60x60 MS GHP6005 loại 1,1730,0.5766666666666667,17.3,0.7528741397228034,4.78954080638947,91.75692526089425,1712.7,SURPLUS,LOW,0.0,Viên
25.L1.6060.GHP6007.2,1,Chi nhánh Đà Nẵng UN,MIỀN TRUNG,Gạch 60x60 MS GHP6007 loại 1,2190,0.7300000000000001,21.900000000000006,0.9530603271635489,6.06306032716355,103.23759005323595,2168.1,SURPLUS,LOW,0.0,Viên
25.L1.6060.GHP6009.2,1,Chi nhánh Đà Nẵng UN,MIỀN TRUNG,Gạch 60x60 MS GHP6009 loại 1,1462,0.48733333333333334,14.620000000000003,0.6362439261703692,4.0475772595037025,84.3508545698659,1447.38,SURPLUS,LOW,0.0,Viên
25.L1.6060.GHP6010.2,1,Chi nhánh Đà Nẵng UN,MIỀN TRUNG,Gạch 60x60 MS GHP6010 loại 1,2473,0.8243333333333334,24.72999999999999,1.0762183511760075,6.846551684509341,109.70536298042438,2448.27,SURPLUS,LOW,0.0,Viên
25.L1.6060.GP6051.3,1,Chi nhánh Đà Nẵng UN,MIỀN TRUNG,Gạch 60x60 MS GP6051 loại 1,5369,1.7896666666666665,53.69000000000001,2.3365209573247,14.864187623991365,161.64508447006153,5315.31,SURPLUS,LOW,0.0,Viên
25.L1.6060.GP6053.2,1,Chi nhánh Đà Nẵng UN,MIỀN TRUNG,Gạch 60x60 MS GP6053 loại 1,4095,1.365,40.95000000000001,1.7820922555866356,11.337092255586635,141.17011015083895,4054.05,SURPLUS,LOW,0.0,Viên
25.L1.6060.GP6053.3,1,Chi nhánh Đà Nẵng UN,MIỀN TRUNG,Gạch 60x60 MS GP6053 loại 1,2907,0.969,29.070000000000007,1.2650896671527105,8.04808966715271,118.94284341649143,2877.93,SURPLUS,LOW,0.0,Viên
25.L1.6060.GP6055.1,1,Chi nhánh Đà Nẵng UN,MIỀN TRUNG,Gạch 60x60 MS GP6055 loại 1,1639,0.5463333333333333,16.39,0.713272089598656,4.537605422931989,89.31106687676878,1622.61,SURPLUS,LOW,0.0,Viên
25.L1.8080.FP18600.2,1,Chi nhánh Đà Nẵng UN,MIỀN TRUNG,Gạch 80x80 MS FP18600 Loại 1,56,0.1,3.000000000000001,0.13055620920048613,0.8305562092004862,38.2099463490856,53.0,OK,LOW,0.0,Viên
25.L1.8080.FP18601.3,1,Chi nhánh Đà Nẵng UN,MIỀN TRUNG,Gạch 80x80 MS FP18601 Loại 1,1462,0.48733333333333334,14.620000000000003,0.6362439261703692,4.0475772595037025,84.3508545698659,1447.38,SURPLUS,LOW,0.0,Viên
25.L1.8080.FP18608.2,1,Chi nhánh Đà Nẵng UN,MIỀN TRUNG,Gạch 80x80 MS FP18608 Loại 1,1208,160.5,4815.0,507.74449468420306,1631.2444946842031,1530.7841127997115,-3607.0,URGENT_RESTOCK,HIGH,1530.7841127997115,Viên
27.L1.6060.UN601.1,1,Chi nhánh Đà Nẵng UN,MIỀN TRUNG,Gạch 60x60 MS UN601 loại 1,56,0.1,3.000000000000001,0.13055620920048613,0.8305562092004862,38.2099463490856,53.0,OK,LOW,0.0,Viên
27.L1.6060.UN602.1,1,Chi nhánh Đà Nẵng UN,MIỀN TRUNG,Gạch 60x60 MS UN602 loại 1,2160,0.7200000000000001,21.599999999999994,0.9400047062435003,5.980004706243501,102.52804494381037,2138.4,SURPLUS,LOW,0.0,Viên
27.L1.6060.UN603.1,1,Chi nhánh Đà Nẵng UN,MIỀN TRUNG,Gạch 60x60 MS UN603 loại 1,868,0.28933333333333333,8.68,0.3777426319534066,2.4030759652867397,64.9943587295595,859.32,SURPLUS,LOW,0.0,Viên
27.L1.6060.UN604.1,1,Chi nhánh Đà Nẵng UN,MIỀN TRUNG,Gạch 60x60 MS UN604 loại 1,4190,1.3966666666666667,41.90000000000001,1.8234350551667897,11.600101721833457,142.79822594602965,4148.1,SURPLUS,LOW,0.0,Viên
29.L1.3060.FC3604.01,1,Chi nhánh Đà Nẵng UN,MIỀN TRUNG,Gạch 30x60 MS FC3604 Loại 1,1204,0.4013333333333334,12.040000000000003,0.5239655862579511,3.3332989195912845,76.54715322379185,1191.96,SURPLUS,LOW,0.0,Viên
29.L1.3060.FC3604.02,1,Chi nhánh Đà Nẵng UN,MIỀN TRUNG,Gạch 30x60 MS FC3604 Loại 1,1617,0.539,16.169999999999998,0.7036979675906203,4.476697967590621,88.70963870966897,1600.83,SURPLUS,LOW,0.0,Viên
29.L1.3060.FC3604.07,1,Chi nhánh Đà Nẵng UN,MIỀN TRUNG,Gạch 30x60 MS FC3604 Loại 1,937,67.66666666666667,2030.0000000000005,17.587887922798146,491.2545545894648,993.9483554658831,-1093.0000000000005,RESTOCK,MEDIUM,993.9483554658831,Viên
29.L1.3060.FC3604D.01,1,Chi nhánh Đà Nẵng UN,MIỀN TRUNG,Gạch 30x60 MS FC3604D Loại 1,251,0.1,3.000000000000001,0.13055620920048613,0.8305562092004862,38.2099463490856,248.0,SURPLUS,LOW,0.0,Viên
29.L1.3060.FC3604D.02,1,Chi nhánh Đà Nẵng UN,MIỀN TRUNG,Gạch 30x60 MS FC3604D Loại 1,365,0.12166666666666666,3.6499999999999995,0.15884338786059146,1.010510054527258,42.14656965084268,361.35,SURPLUS,LOW,0.0,Viên
29.L1.3060.FC3604D.07,1,Chi nhánh Đà Nẵng UN,MIỀN TRUNG,Gạch 30x60 MS FC3604D Loại 1,230,33.5,1005.0,187.711601065069,422.211601065069,699.3568473962345,-775.0,URGENT_RESTOCK,HIGH,699.3568473962345,Viên
29.L1.3060.FC3604D.08,1,Chi nhánh Đà Nẵng UN,MIỀN TRUNG,Gạch 30x60 MS FC3604D Loại 1,312,0.10400000000000001,3.120000000000001,0.1357784575685056,0.8637784575685057,38.966652409464174,308.88,SURPLUS,LOW,0.0,Viên
29.L1.3060.FC3604D.12,1,Chi nhánh Đà Nẵng UN,MIỀN TRUNG,Gạch 30x60 MS FC3604D Loại 1,271,0.1,3.000000000000001,0.13055620920048613,0.8305562092004862,38.2099463490856,268.0,SURPLUS,LOW,0.0,Viên
29.L1.3060.FC3605.01,1,Chi nhánh Đà Nẵng UN,MIỀN TRUNG,Gạch 30x60 MS FC3605 Loại 1,710,0.2366666666666667,7.099999999999999,0.3089830284411506,1.9656496951078173,58.782083438181516,702.9,SURPLUS,LOW,0.0,Viên
29.L1.3060.FC3605.03,1,Chi nhánh Đà Nẵng UN,MIỀN TRUNG,Gạch 30x60 MS FC3605 Loại 1,5022,1.674,50.22,2.185510942016138,13.903510942016137,156.33425728227323,4971.78,SURPLUS,LOW,0.0,Viên
29.L1.3060.FC3605.05,1,Chi nhánh Đà Nẵng UN,MIỀN TRUNG,Gạch 30x60 MS FC3605 Loại 1,1248,0.41600000000000004,12.480000000000004,0.5431138302740224,3.4551138302740227,77.93330481892835,1235.52,SURPLUS,LOW,0.0,Viên
29.L1.3060.FC3605.07,1,Chi nhánh Đà Nẵng UN,MIỀN TRUNG,Gạch 30x60 MS FC3605 Loại 1,1350,0.45,13.499999999999996,0.5875029414021876,3.7375029414021874,81.05553651663777,1336.5,SURPLUS,LOW,0.0,Viên
29.L1.3060.FC3605.09,1,Chi nhánh Đà Nẵng UN,MIỀN TRUNG,Gạch 30x60 MS FC3605 Loại 1,1396,0.4653333333333334,13.960000000000003,0.6075215601462622,3.8648548934795954,82.42491532702152,1382.04,SURPLUS,LOW,0.0,Viên
29.L1.3060.FC3605.10,1,Chi nhánh Đà Nẵng UN,MIỀN TRUNG,Gạch 30x60 MS FC3605 Loại 1,1118,0.37266666666666665,11.180000000000003,0.48653947295381167,3.0952061396204784,73.76268252533481,1106.82,SURPLUS,LOW,0.0,Viên
29.L1.3060.FC3605.12,1,Chi nhánh Đà Nẵng UN,MIỀN TRUNG,Gạch 30x60 MS FC3605 Loại 1,1701,157.4,4485.900000000001,642.9265527591543,1744.7265527591544,1515.9287582205175,-2784.9000000000005,URGENT_RESTOCK,HIGH,1515.9287582205175,Viên
29.L1.3060.FC3606.01,1,Chi nhánh Đà Nẵng UN,MIỀN TRUNG,Gạch 30x60 MS FC3606 Loại 1,3598,1.1993333333333334,35.980000000000004,1.5658041356778307,9.961137469011163,132.3263642161556,3562.02,SURPLUS,LOW,0.0,Viên
29.L1.3060.FC3606.02,1,Chi nhánh Đà Nẵng UN,MIỀN TRUNG,Gạch 30x60 MS FC3606 Loại 1,2209,0.7363333333333333,22.090000000000003,0.9613288870795795,6.115662220412912,103.68445720871892,2186.91,SURPLUS,LOW,0.0,Viên
29.L1.3060.FC3606.05,1,Chi nhánh Đà Nẵng UN,MIỀN TRUNG,Gạch 30x60 MS FC3606 Loại 1,2980,0.9933333333333334,29.799999999999997,1.296858344724829,8.250191678058163,120.42701800952588,2950.2,SURPLUS,LOW,0.0,Viên
29.L1.3060.FC3606.06,1,Chi nhánh Đà Nẵng UN,MIỀN TRUNG,Gạch 30x60 MS FC3606 Loại 1,2975,0.9916666666666667,29.750000000000004,1.294682407904821,8.236349074571487,120.32594621831709,2945.25,SURPLUS,LOW,0.0,Viên
29.L1.3060.FC3606.07,1,Chi nhánh Đà Nẵng UN,MIỀN TRUNG,Gạch 30x60 MS FC3606 Loại 1,4416,1.4720000000000002,44.16000000000001,1.9217873994311563,12.225787399431159,146.598772164026,4371.84,SURPLUS,LOW,0.0,Viên
29.L1.3060.FC3606.08,1,Chi nhánh Đà Nẵng UN,MIỀN TRUNG,Gạch 30x60 MS FC3606 Loại 1,2085,0.6950000000000001,20.85,0.9073656539433788,5.772365653943379,100.7323185477233,2064.15,SURPLUS,LOW,0.0,Viên
29.L1.3060.FC3606.09,1,Chi nhánh Đà Nẵng UN,MIỀN TRUNG,Gạch 30x60 MS FC3606 Loại 1,3074,1.0246666666666668,30.740000000000016,1.3377659569409817,8.510432623607649,122.31162386843425,3043.2599999999998,SURPLUS,LOW,0.0,Viên
29.L1.3060.FC3606.11,1,Chi nhánh Đà Nẵng UN,MIỀN TRUNG,Gạch 30x60 MS FC3606 Loại 1,3251,1.0836666666666666,32.50999999999999,1.414794120369268,9.000460787035934,125.78367673642448,3218.49,SURPLUS,LOW,0.0,Viên
29.L1.3060.FC3606D.01,1,Chi nhánh Đà Nẵng UN,MIỀN TRUNG,Gạch 30x60 MS FC3606D Loại 1,316,0.10533333333333333,3.1599999999999997,0.13751920702451206,0.8748525403578454,39.215643137231176,312.84,SURPLUS,LOW,0.0,Viên
29.L1.3060.FC3606D.02,1,Chi nhánh Đà Nẵng UN,MIỀN TRUNG,Gạch 30x60 MS FC3606D Loại 1,583,0.19433333333333333,5.830000000000002,0.25371423321294473,1.6140475665462781,53.265999161441314,577.17,SURPLUS,LOW,0.0,Viên
29.L1.3060.FC3606D.03,1,Chi nhánh Đà Nẵng UN,MIỀN TRUNG,Gạch 30x60 MS FC3606D Loại 1,174,0.1,3.000000000000001,0.13055620920048613,0.8305562092004862,38.2099463490856,171.0,SURPLUS,LOW,0.0,Viên
29.L1.3060.FC3606D.07,1,Chi nhánh Đà Nẵng UN,MIỀN TRUNG,Gạch 30x60 MS FC3606D Loại 1,315,0.105,3.15,0.13708401966051045,0.8720840196605104,39.153543900903784,311.85,SURPLUS,LOW,0.0,Viên
29.L1.3060.FC3606V.01,1,Chi nhánh Đà Nẵng UN,MIỀN TRUNG,Gạch 30x60 MS FC3606V Loại 1,210,0.1,3.000000000000001,0.13055620920048613,0.8305562092004862,38.2099463490856,207.0,SURPLUS,LOW,0.0,Viên
29.L1.3060.FC3606V.02,1,Chi nhánh Đà Nẵng UN,MIỀN TRUNG,Gạch 30x60 MS FC3606V Loại 1,570,0.19,5.700000000000003,0.24805679748092363,1.5780567974809236,52.66877632905477,564.3,SURPLUS,LOW,0.0,Viên
29.L1.3060.FC3606V.03,1,Chi nhánh Đà Nẵng UN,MIỀN TRUNG,Gạch 30x60 MS FC3606V Loại 1,485,0.16166666666666668,4.850000000000002,0.21106587154078596,1.3427325382074529,48.58326186386968,480.15,SURPLUS,LOW,0.0,Viên
29.L1.3060.FC3606V.05,1,Chi nhánh Đà Nẵng UN,MIỀN TRUNG,Gạch 30x60 MS FC3606V Loại 1,1009,0.3363333333333333,10.090000000000003,0.43910405027763505,2.7934373836109683,70.07472202347053,998.91,SURPLUS,LOW,0.0,Viên
29.L1.3060.FC3606V.07,1,Chi nhánh Đà Nẵng UN,MIỀN TRUNG,Gạch 30x60 MS FC3606V Loại 1,638,0.21266666666666667,6.379999999999998,0.27764953823303384,1.7663162048997005,55.721928657695734,631.62,SURPLUS,LOW,0.0,Viên
29.L1.3060.FC3610.01,1,Chi nhánh Đà Nẵng UN,MIỀN TRUNG,Gạch 30x60 MS FC3610 Loại 1,694,0.23133333333333334,6.940000000000001,0.3020200306171246,1.9213533639504579,58.115976002013994,687.06,SURPLUS,LOW,0.0,Viên
29.L1.3060.FC3610.03,1,Chi nhánh Đà Nẵng UN,MIỀN TRUNG,Gạch 30x60 MS FC3610 Loại 1,4047,1.349,40.46999999999998,1.761203262114558,11.204203262114557,140.34030069798197,4006.53,SURPLUS,LOW,0.0,Viên
29.L1.3060.FC3610.04,1,Chi nhánh Đà Nẵng UN,MIỀN TRUNG,Gạch 30x60 MS FC3610 Loại 1,336,0.112,3.3600000000000008,0.14622295430454446,0.9302229543045445,40.43760625952036,332.64,SURPLUS,LOW,0.0,Viên
29.L1.3060.FC3610.06,1,Chi nhánh Đà Nẵng UN,MIỀN TRUNG,Gạch 30x60 MS FC3610 Loại 1,1625,0.5416666666666666,16.249999999999996,0.7071794665026332,4.4988461331693,88.928810479694,1608.75,SURPLUS,LOW,0.0,Viên
29.L1.3060.FC3610D.02,1,Chi nhánh Đà Nẵng UN,MIỀN TRUNG,Gạch 30x60 MS FC3610D Loại 1,245,0.1,3.000000000000001,0.13055620920048613,0.8305562092004862,38.2099463490856,242.0,SURPLUS,LOW,0.0,Viên
29.L1.3060.FC3610V.01,1,Chi nhánh Đà Nẵng UN,MIỀN TRUNG,Gạch 30x60 MS FC3610V Loại 1,383,0.12766666666666668,3.830000000000001,0.16667676041262067,1.0603434270792873,43.173294214518,379.17,SURPLUS,LOW,0.0,Viên
29.L1.3060.FC3610V.02,1,Chi nhánh Đà Nẵng UN,MIỀN TRUNG,Gạch 30x60 MS FC3610V Loại 1,3313,1.1043333333333334,33.13,1.4417757369373687,9.172109070270704,126.97742581524744,3279.87,SURPLUS,LOW,0.0,Viên
29.L1.3060.FC3610V.05,1,Chi nhánh Đà Nẵng UN,MIỀN TRUNG,Gạch 30x60 MS FC3610V Loại 1,618,0.206,6.180000000000002,0.2689457909530014,1.7109457909530015,54.84159005718197,611.82,SURPLUS,LOW,0.0,Viên
29.L1.3060.FC3618.01,1,Chi nhánh Đà Nẵng UN,MIỀN TRUNG,Gạch 30x60 MS FC3618 Loại 1,1814,0.6046666666666667,18.14,0.7894298782989396,5.022096544965606,93.95814671082722,1795.86,SURPLUS,LOW,0.0,Viên
29.L1.3060.FC3618.03,1,Chi nhánh Đà Nẵng UN,MIỀN TRUNG,Gạch 30x60 MS FC3618 Loại 1,1503,189.5,5685.0,680.0698989406599,2006.5698989406599,1663.3400133466398,-4182.0,URGENT_RESTOCK,HIGH,1663.3400133466398,Viên
29.L1.3060.FC3618.05,1,Chi nhánh Đà Nẵng UN,MIỀN TRUNG,Gạch 30x60 MS FC3618 Loại 1,1569,0.523,15.689999999999998,0.6828089741185426,4.343808974118542,87.38306472080274,1553.31,SURPLUS,LOW,0.0,Viên
29.L1.3060.FC3618.06,1,Chi nhánh Đà Nẵng UN,MIỀN TRUNG,Gạch 30x60 MS FC3618 Loại 1,1220,0.4066666666666667,12.199999999999998,0.530928584081977,3.3775952507486435,77.05409355338192,1207.8,SURPLUS,LOW,0.0,Viên
29.L1.3060.FC3618D.01,1,Chi nhánh Đà Nẵng UN,MIỀN TRUNG,Gạch 30x60 MS FC3618D Loại 1,238,0.1,3.000000000000001,0.13055620920048613,0.8305562092004862,38.2099463490856,235.0,SURPLUS,LOW,0.0,Viên
29.L1.3060.FC3618D.02,1,Chi nhánh Đà Nẵng UN,MIỀN TRUNG,Gạch 30x60 MS FC3618D Loại 1,460,0.15333333333333335,4.6000000000000005,0.20018618744074546,1.2735195207740788,47.31455026381067,455.4,SURPLUS,LOW,0.0,Viên
29.L1.3060.FC3618D.03,1,Chi nhánh Đà Nẵng UN,MIỀN TRUNG,Gạch 30x60 MS FC3618D Loại 1,295,0.1,3.000000000000001,0.13055620920048613,0.8305562092004862,38.2099463490856,292.0,SURPLUS,LOW,0.0,Viên
29.L1.3060.FC3619.01,1,Chi nhánh Đà Nẵng UN,MIỀN TRUNG,Gạch 30x60 MS FC3619 Loại 1,938,0.3126666666666667,9.380000000000003,0.40820574743352006,2.596872414100187,67.56429037097432,928.62,SURPLUS,LOW,0.0,Viên
29.L1.3060.FC3619.03,1,Chi nhánh Đà Nẵng UN,MIỀN TRUNG,Gạch 30x60 MS FC3619 Loại 1,2081,0.6936666666666667,20.80999999999999,0.9056249044873722,5.761291571154039,100.63564643471682,2060.19,SURPLUS,LOW,0.0,Viên
29.L1.3060.FC3619.04,1,Chi nhánh Đà Nẵng UN,MIỀN TRUNG,Gạch 30x60 MS FC3619 Loại 1,1118,0.37266666666666665,11.180000000000003,0.48653947295381167,3.0952061396204784,73.76268252533481,1106.82,SURPLUS,LOW,0.0,Viên
29.L1.3060.FC3619.08,1,Chi nhánh Đà Nẵng UN,MIỀN TRUNG,Gạch 30x60 MS FC3619 Loại 1,1136,8.0,240.0,10.444496736038891,66.44449673603889,341.76014981270123,896.0,SURPLUS,LOW,0.0,Viên
29.L1.3060.FP3602.1,1,Chi nhánh Đà Nẵng UN,MIỀN TRUNG,Gạch 30x60 MS FP3602 Loại 1,1393,0.4643333333333333,13.930000000000005,0.6062159980542572,3.8565493313875905,82.33630224066822,1379.07,SURPLUS,LOW,0.0,Viên
29.L1.3060.FP3602.2,1,Chi nhánh Đà Nẵng UN,MIỀN TRUNG,Gạch 30x60 MS FP3602 Loại 1,1734,0.578,17.339999999999996,0.7546148891788097,4.800614889178809,91.8629413855228,1716.66,SURPLUS,LOW,0.0,Viên
29.L1.3060.FP3602D.1,1,Chi nhánh Đà Nẵng UN,MIỀN TRUNG,Gạch 30x60 MS FP3602D Loại 1,256,0.1,3.000000000000001,0.13055620920048613,0.8305562092004862,38.2099463490856,253.0,SURPLUS,LOW,0.0,Viên
29.L1.3060.FP3602D.2,1,Chi nhánh Đà Nẵng UN,MIỀN TRUNG,Gạch 30x60 MS FP3602D Loại 1,224,0.1,3.000000000000001,0.13055620920048613,0.8305562092004862,38.2099463490856,221.0,SURPLUS,LOW,0.0,Viên
29.L1.3060.FP3603.1,1,Chi nhánh Đà Nẵng UN,MIỀN TRUNG,Gạch 30x60 MS FP3603 Loại 1,964,0.32133333333333336,9.64,0.41952061889756215,2.6688539522308954,68.49428199978935,954.36,SURPLUS,LOW,0.0,Viên
29.L1.3060.FP3603.2,1,Chi nhánh Đà Nẵng UN,MIỀN TRUNG,Gạch 30x60 MS FP3603 Loại 1,1155,0.385,11.549999999999999,0.5026414054218716,3.197641405421872,74.97332859090625,1143.45,SURPLUS,LOW,0.0,Viên
29.L1.3060.FP936608.1,1,Chi nhánh Đà Nẵng UN,MIỀN TRUNG,Gạch 30x60 MS FP936608 Loại 1,3412,51.0,1530.0,178.47988297990167,535.4798829799017,862.9020801921849,1882.0,SURPLUS,LOW,0.0,Viên
29.L1.3060.FP936608D.1,1,Chi nhánh Đà Nẵng UN,MIỀN TRUNG,Gạch 30x60 MS FP936608D Loại 1,318,0.10600000000000001,3.1799999999999997,0.1383895817525153,0.8803895817525154,39.339547531714196,314.82,SURPLUS,LOW,0.0,Viên
29.L1.3060.FP936608V.1,1,Chi nhánh Đà Nẵng UN,MIỀN TRUNG,Gạch 30x60 MS FP936608V Loại 1,924,0.308,9.239999999999998,0.4021131243374973,2.5581131243374973,67.05818369147795,914.76,SURPLUS,LOW,0.0,Viên
29.L1.3060.FP936609.1,1,Chi nhánh Đà Nẵng UN,MIỀN TRUNG,Gạch 30x60 MS FP936609 Loại 1,1233,185.66666666666666,5291.499999999999,774.3930581094244,2074.0597247760907,1646.4304823870739,-4058.499999999999,URGENT_RESTOCK,HIGH,1646.4304823870739,Viên
29.L1.3060.FP936609D.1,1,Chi nhánh Đà Nẵng UN,MIỀN TRUNG,Gạch 30x60 MS FP936609D Loại 1,616,0.20533333333333334,6.1599999999999975,0.2680754162249982,1.7054087495583317,54.75277770731515,609.84,SURPLUS,LOW,0.0,Viên
29.L1.3060.FP936609V.1,1,Chi nhánh Đà Nẵng UN,MIỀN TRUNG,Gạch 30x60 MS FP936609V Loại 1,784,0.2613333333333333,7.839999999999997,0.3411868933772704,2.1705202267106034,61.76946386902404,776.16,SURPLUS,LOW,0.0,Viên
29.L1.3060.FP936610.1,1,Chi nhánh Đà Nẵng UN,MIỀN TRUNG,Gạch 30x60 MS FP936610 Loại 1,1674,0.558,16.740000000000002,0.7285036473387128,4.634503647338713,90.25962552548067,1657.26,SURPLUS,LOW,0.0,Viên
29.L1.3060.FP936610D.1,1,Chi nhánh Đà Nẵng UN,MIỀN TRUNG,Gạch 30x60 MS FP936610D Loại 1,625,0.20833333333333334,6.249999999999998,0.2719921025010128,1.7303254358343463,55.15130702591433,618.75,SURPLUS,LOW,0.0,Viên
29.L1.3060.FP936611.1,1,Chi nhánh Đà Nẵng UN,MIỀN TRUNG,Gạch 30x60 MS FP936611 Loại 1,593,0.19766666666666666,5.93,0.2580661068529609,1.6417327735196274,53.72088358667729,587.07,SURPLUS,LOW,0.0,Viên
29.L1.3060.FP936612.1,1,Chi nhánh Đà Nẵng UN,MIỀN TRUNG,Gạch 30x60 MS FP936612 Loại 1,1972,236.0,7080.0,910.862851069843,2562.862851069843,1856.2327440275371,-5108.0,URGENT_RESTOCK,HIGH,1856.2327440275371,Viên
29.L1.3060.FP936612D.1,1,Chi nhánh Đà Nẵng UN,MIỀN TRUNG,Gạch 30x60 MS FP936612D Loại 1,258,0.1,3.000000000000001,0.13055620920048613,0.8305562092004862,38.2099463490856,255.0,SURPLUS,LOW,0.0,Viên
29.L1.3060.FP936613.1,1,Chi nhánh Đà Nẵng UN,MIỀN TRUNG,Gạch 30x60 MS FP936613 Loại 1,871,33.5,1005.0,40.004111702391754,274.50411170239175,699.3568473962345,-134.0,RESTOCK,MEDIUM,699.3568473962345,Viên
29.L1.3060.FPH3623.1,1,Chi nhánh Đà Nẵng UN,MIỀN TRUNG,Gạch 30x60 MS FPH3623 Loại 1,3536,1.1786666666666668,35.36000000000001,1.5388225191097302,9.789489185776398,131.181299480274,3500.64,SURPLUS,LOW,0.0,Viên
29.L1.3060.FPH3623D.1,1,Chi nhánh Đà Nẵng UN,MIỀN TRUNG,Gạch 30x60 MS FPH3623D Loại 1,458,0.15266666666666667,4.58,0.1993158127127422,1.2679824793794088,47.211580500268504,453.42,SURPLUS,LOW,0.0,Viên
29.L1.3060.FPH3623V.1,1,Chi nhánh Đà Nẵng UN,MIỀN TRUNG,Gạch 30x60 MS FPH3623V Loại 1,566,0.18866666666666668,5.659999999999998,0.2463160480249172,1.5669827146915838,52.48364824717632,560.34,SURPLUS,LOW,0.0,Viên
29.L1.3060.FPH3625.1,1,Chi nhánh Đà Nẵng UN,MIỀN TRUNG,Gạch 30x60 MS FPH3625 Loại 1,2073,0.6910000000000001,20.729999999999997,0.9021434055753593,5.73914340557536,100.44202307799262,2052.27,SURPLUS,LOW,0.0,Viên
29.L1.3060.FPH3625.2,1,Chi nhánh Đà Nẵng UN,MIỀN TRUNG,Gạch 30x60 MS FPH3625 Loại 1,3248,1.0826666666666669,32.48000000000001,1.4134885582772636,8.992155224943932,125.72562719403446,3215.52,SURPLUS,LOW,0.0,Viên
29.L1.3060.FPH3625D.1,1,Chi nhánh Đà Nẵng UN,MIỀN TRUNG,Gạch 30x60 MS FPH3625D Loại 1,435,0.14500000000000002,4.35,0.18930650334070492,1.204306503340705,46.01086828130937,430.65,SURPLUS,LOW,0.0,Viên
29.L1.3060.FPH3625V.1,1,Chi nhánh Đà Nẵng UN,MIỀN TRUNG,Gạch 30x60 MS FPH3625V Loại 1,346,0.11533333333333333,3.460000000000001,0.15057482794456067,0.957908161277894,41.034944457945436,342.54,SURPLUS,LOW,0.0,Viên
29.L1.3060.FPH3625V.2,1,Chi nhánh Đà Nẵng UN,MIỀN TRUNG,Gạch 30x60 MS FPH3625V Loại 1,732,0.24400000000000002,7.319999999999999,0.3185571504491862,2.0265571504491864,59.68584421787129,724.68,SURPLUS,LOW,0.0,Viên
29.L1.3060.FUSC3637.01,1,Chi nhánh Đà Nẵng UN,MIỀN TRUNG,Gạch 30x60 MS FUSC3637 Loại 1,2986,0.9953333333333333,29.860000000000007,1.2994694689088386,8.266802802242172,120.54819229945618,2956.14,SURPLUS,LOW,0.0,Viên
29.L1.3060.FUSC3637.02,1,Chi nhánh Đà Nẵng UN,MIỀN TRUNG,Gạch 30x60 MS FUSC3637 Loại 1,3367,1.1223333333333334,33.669999999999995,1.4652758545934563,9.32160918792679,128.00807266210467,3333.33,SURPLUS,LOW,0.0,Viên
29.L1.3060.FUSC3637D.01,1,Chi nhánh Đà Nẵng UN,MIỀN TRUNG,Gạch 30x60 MS FUSC3637D Loại 1,457,16.0,480.0,20.888993472077782,132.88899347207777,483.3218389437829,-23.0,RESTOCK,MEDIUM,483.3218389437829,Viên
29.L1.3060.FUSC3637D.02,1,Chi nhánh Đà Nẵng UN,MIỀN TRUNG,Gạch 30x60 MS FUSC3637D Loại 1,697,34.0,1020.0,12.308957446889771,250.30895744688976,704.5565981523415,-323.0,RESTOCK,MEDIUM,704.5565981523415,Viên
29.L1.3060.FUSC3638.01,1,Chi nhánh Đà Nẵng UN,MIỀN TRUNG,Gạch 30x60 MS FUSC3638 Loại 1,2157,0.719,21.570000000000007,0.9386991441514952,5.971699144151494,102.4568201731832,2135.43,SURPLUS,LOW,0.0,Viên
29.L1.3060.FUSC3638.02,1,Chi nhánh Đà Nẵng UN,MIỀN TRUNG,Gạch 30x60 MS FUSC3638 Loại 1,2426,136.0,4080.0,147.70748936267722,1099.7074893626773,1409.113196304683,-1654.0,RESTOCK,MEDIUM,1409.113196304683,Viên
29.L1.3060.FUSC3639.01,1,Chi nhánh Đà Nẵng UN,MIỀN TRUNG,Gạch 30x60 MS FUSC3639 Loại 1,6216,2.072,62.16000000000002,2.705124654634073,17.209124654634074,173.92872103249653,6153.84,SURPLUS,LOW,0.0,Viên
29.L1.3060.FUSC3639.02,1,Chi nhánh Đà Nẵng UN,MIỀN TRUNG,Gạch 30x60 MS FUSC3639 Loại 1,3724,266.0,8379.000000000002,1443.0120033583148,3305.012003358315,1970.685160039523,-4655.000000000002,RESTOCK,MEDIUM,1970.685160039523,Viên
29.L1.3060.FUSC3639D.01,1,Chi nhánh Đà Nẵng UN,MIỀN TRUNG,Gạch 30x60 MS FUSC3639D Loại 1,963,0.321,9.629999999999999,0.4190854315335605,2.6660854315335603,68.45874670193722,953.37,SURPLUS,LOW,0.0,Viên
29.L1.3060.FUSC3640.01,1,Chi nhánh Đà Nẵng UN,MIỀN TRUNG,Gạch 30x60 MS FUSC3640 Loại 1,3580,1.1933333333333336,35.80000000000002,1.5579707631258013,9.911304096459137,131.99494939832613,3544.2,SURPLUS,LOW,0.0,Viên
29.L1.3060.FUSC3640.02,1,Chi nhánh Đà Nẵng UN,MIỀN TRUNG,Gạch 30x60 MS FUSC3640 Loại 1,2352,0.784,23.519999999999996,1.0235606801318113,6.5115606801318116,106.98784977743968,2328.48,SURPLUS,LOW,0.0,Viên
29.L1.3060.FUSC3641.01,1,Chi nhánh Đà Nẵng UN,MIỀN TRUNG,Gạch 30x60 MS FUSC3641 Loại 1,11172,3.7239999999999998,111.72000000000001,4.8619132306261035,30.929913230626102,233.17461268328506,11060.28,SURPLUS,LOW,0.0,Viên
29.L1.3060.FUSC3641.02,1,Chi nhánh Đà Nẵng UN,MIỀN TRUNG,Gạch 30x60 MS FUSC3641 Loại 1,3912,140.0,4200.0,763.1553617071658,1743.1553617071659,1429.6852800529214,-288.0,RESTOCK,MEDIUM,1429.6852800529214,Viên
29.L1.3060.FUSC3641.03,1,Chi nhánh Đà Nẵng UN,MIỀN TRUNG,Gạch 30x60 MS FUSC3641 Loại 1,2398,0.7993333333333333,23.98,1.0435792988758859,6.63891263220922,108.02900844989122,2374.02,SURPLUS,LOW,0.0,Viên
29.L1.3060.FUSC3641D.01,1,Chi nhánh Đà Nẵng UN,MIỀN TRUNG,Gạch 30x60 MS FUSC3641D Loại 1,580,0.19333333333333333,5.8,0.25240867112093984,1.6057420044542732,53.128774375724745,574.2,SURPLUS,LOW,0.0,Viên
29.L1.3060.FUSC3641V.01,1,Chi nhánh Đà Nẵng UN,MIỀN TRUNG,Gạch 30x60 MS FUSC3641V Loại 1,897,40.0,1200.0,196.94331915023633,476.94331915023633,764.198926981712,-303.0,RESTOCK,MEDIUM,764.198926981712,Viên
29.L1.3060.FUSC3641V.03,1,Chi nhánh Đà Nẵng UN,MIỀN TRUNG,Gạch 30x60 MS FUSC3641V Loại 1,821,0.27366666666666667,8.209999999999997,0.3572888258453304,2.272955492511997,63.210231239359764,812.79,SURPLUS,LOW,0.0,Viên
29.L1.3060.FUSC3642.01,1,Chi nhánh Đà Nẵng UN,MIỀN TRUNG,Gạch 30x60 MS FUSC3642 Loại 1,6890,519.0,16348.500000000005,1779.5633812262,5412.5633812262,2752.7077578268277,-9458.500000000005,RESTOCK,MEDIUM,2752.7077578268277,Viên
29.L1.3060.FUSC3642D.01,1,Chi nhánh Đà Nẵng UN,MIỀN TRUNG,Gạch 30x60 MS FUSC3642D Loại 1,224,0.1,3.000000000000001,0.13055620920048613,0.8305562092004862,38.2099463490856,221.0,SURPLUS,LOW,0.0,Viên
29.L1.3060.FUSC3642V.01,1,Chi nhánh Đà Nẵng UN,MIỀN TRUNG,Gạch 30x60 MS FUSC3642V Loại 1,1509,104.0,3120.0,295.41497872535444,1023.4149787253544,1232.233744059949,-1611.0,RESTOCK,MEDIUM,1232.233744059949,Viên
29.L1.3060.FUSM3647.1,1,Chi nhánh Đà Nẵng UN,MIỀN TRUNG,Gạch 30x60 MS FUSM3647 Loại 1,1102,120.75,3803.6249999999995,572.1279579392079,1417.377957939208,1327.761273723556,-2701.6249999999995,URGENT_RESTOCK,HIGH,1327.761273723556,Viên
29.L1.3060.FUSM3648.1,1,Chi nhánh Đà Nẵng UN,MIỀN TRUNG,Gạch 30x60 MS FUSM3648 Loại 1,1543,173.5,5465.250000000002,904.167425929017,2118.667425929017,1591.5715503865983,-3922.250000000002,URGENT_RESTOCK,HIGH,1591.5715503865983,Viên
29.L1.3060.FUSM3651.1,1,Chi nhánh Đà Nẵng UN,MIỀN TRUNG,Gạch 30x60 MS FUSM3651 Loại 1,826,0.2753333333333333,8.26,0.3594647626653385,2.286798095998672,63.40241846070752,817.74,SURPLUS,LOW,0.0,Viên
29.L1.3060.FUSM3651D.1,1,Chi nhánh Đà Nẵng UN,MIỀN TRUNG,Gạch 30x60 MS FUSM3651D Loại 1,331,0.11033333333333334,3.309999999999999,0.14404701748453638,0.9163803508178697,40.13560347953755,327.69,SURPLUS,LOW,0.0,Viên
29.L1.3060.FUSM3652.1,1,Chi nhánh Đà Nẵng UN,MIỀN TRUNG,Gạch 30x60 MS FUSM3652 Loại 1,892,7.0,210.0,18.463436170334653,67.46343617033466,319.68734726291564,682.0,SURPLUS,LOW,0.0,Viên
29.L1.4060.FXK46255.01,1,Chi nhánh Đà Nẵng UN,MIỀN TRUNG,Gạch 40x60 MS FXK46255 Loại 1,1288,0.42933333333333334,12.880000000000004,0.5605213248340872,3.565854658167421,79.17238575833538,1275.12,SURPLUS,LOW,0.0,Viên
29.L1.4060.FXK46258.02,1,Chi nhánh Đà Nẵng UN,MIỀN TRUNG,Gạch 40x60 MS FXK46258 Loại 1,1061,0.35366666666666663,10.610000000000003,0.4617337932057193,2.9374004598723857,71.85772980920935,1050.39,SURPLUS,LOW,0.0,Viên
29.L1.4060.FXU46001.01,1,Chi nhánh Đà Nẵng UN,MIỀN TRUNG,Gạch 40x60 MS FXU46001 Loại 1,252,0.1,3.000000000000001,0.13055620920048613,0.8305562092004862,38.2099463490856,249.0,SURPLUS,LOW,0.0,Viên
29.L1.4060.FXU46003.01,1,Chi nhánh Đà Nẵng UN,MIỀN TRUNG,Gạch 40x60 MS FXU46003 Loại 1,1267,0.42233333333333334,12.669999999999995,0.5513823901900532,3.5077157235233862,78.52430621576141,1254.33,SURPLUS,LOW,0.0,Viên
29.L1.4080.FC4801.1,1,Chi nhánh Đà Nẵng UN,MIỀN TRUNG,Gạch 40x80 MS FC4801 Loại 1,1691,0.5636666666666666,16.909999999999997,0.7359018325267402,4.681568499193407,90.71677536891032,1674.09,SURPLUS,LOW,0.0,Viên
29.L1.4080.FC4801.2,1,Chi nhánh Đà Nẵng UN,MIỀN TRUNG,Gạch 40x80 MS FC4801 Loại 1,2597,0.8656666666666666,25.96999999999999,1.1301815843122083,7.189848250978875,112.42212119210939,2571.03,SURPLUS,LOW,0.0,Viên
29.L1.4080.FC4801.3,1,Chi nhánh Đà Nẵng UN,MIỀN TRUNG,Gạch 40x80 MS FC4801 Loại 1,1853,0.6176666666666667,18.53000000000001,0.8064021854950028,5.13006885216167,94.96279973407131,1834.47,SURPLUS,LOW,0.0,Viên
29.L1.4080.FC4801.5,1,Chi nhánh Đà Nẵng UN,MIỀN TRUNG,Gạch 40x80 MS FC4801 Loại 1,2305,0.7683333333333333,23.050000000000004,1.0031068740237352,6.381440207357068,105.91348670809901,2281.95,SURPLUS,LOW,0.0,Viên
29.L1.4080.FC4801D.1,1,Chi nhánh Đà Nẵng UN,MIỀN TRUNG,Gạch 40x80 MS FC4801D Loại 1,180,0.1,3.000000000000001,0.13055620920048613,0.8305562092004862,38.2099463490856,177.0,SURPLUS,LOW,0.0,Viên
29.L1.4080.FC4801D.2,1,Chi nhánh Đà Nẵng UN,MIỀN TRUNG,Gạch 40x80 MS FC4801D Loại 1,252,0.1,3.000000000000001,0.13055620920048613,0.8305562092004862,38.2099463490856,249.0,SURPLUS,LOW,0.0,Viên
29.L1.4080.FC4801V.1,1,Chi nhánh Đà Nẵng UN,MIỀN TRUNG,Gạch 40x80 MS FC4801V Loại 1,552,0.18400000000000002,5.520000000000001,0.24022342492889454,1.5282234249288948,51.830492955402235,546.48,SURPLUS,LOW,0.0,Viên
29.L1.4080.FC4801V.5,1,Chi nhánh Đà Nẵng UN,MIỀN TRUNG,Gạch 40x80 MS FC4801V Loại 1,378,0.126,3.7799999999999994,0.16450082359261253,1.0465008235926125,42.89055840158764,374.22,SURPLUS,LOW,0.0,Viên
29.L1.4080.FC4802.1,1,Chi nhánh Đà Nẵng UN,MIỀN TRUNG,Gạch 40x80 MS FC4802 Loại 1,1277,0.42566666666666664,12.769999999999998,0.5557342638300693,3.5354009304967358,78.8335799855197,1264.23,SURPLUS,LOW,0.0,Viên
29.L1.4080.FC4802.2,1,Chi nhánh Đà Nẵng UN,MIỀN TRUNG,Gạch 40x80 MS FC4802 Loại 1,2006,0.6686666666666666,20.06,0.8729858521872506,5.553652518853917,98.80553290850332,1985.94,SURPLUS,LOW,0.0,Viên
29.L1.4080.FC4802.4,1,Chi nhánh Đà Nẵng UN,MIỀN TRUNG,Gạch 40x80 MS FC4802 Loại 1,2269,90.5,2715.0,329.26461170430133,962.7646117043014,1149.4781424629177,-446.0,RESTOCK,MEDIUM,1149.4781424629177,Viên
29.L1.4080.FC4802.5,1,Chi nhánh Đà Nẵng UN,MIỀN TRUNG,Gạch 40x80 MS FC4802 Loại 1,868,0.28933333333333333,8.68,0.3777426319534066,2.4030759652867397,64.9943587295595,859.32,SURPLUS,LOW,0.0,Viên
29.L1.4080.FC4802D.1,1,Chi nhánh Đà Nẵng UN,MIỀN TRUNG,Gạch 40x80 MS FC4802D Loại 1,288,0.1,3.000000000000001,0.13055620920048613,0.8305562092004862,38.2099463490856,285.0,SURPLUS,LOW,0.0,Viên
29.L1.4080.FC4802D.2,1,Chi nhánh Đà Nẵng UN,MIỀN TRUNG,Gạch 40x80 MS FC4802D Loại 1,210,0.1,3.000000000000001,0.13055620920048613,0.8305562092004862,38.2099463490856,207.0,SURPLUS,LOW,0.0,Viên
29.L1.4080.FC4802V.1,1,Chi nhánh Đà Nẵng UN,MIỀN TRUNG,Gạch 40x80 MS FC4802V Loại 1,448,0.14933333333333335,4.480000000000002,0.19496393907272597,1.2402972724060595,46.693325718636345,443.52,SURPLUS,LOW,0.0,Viên
29.L1.4080.FC4802V.4,1,Chi nhánh Đà Nẵng UN,MIỀN TRUNG,Gạch 40x80 MS FC4802V Loại 1,511,0.17033333333333334,5.110000000000002,0.22238074300482807,1.4147140763381616,49.86849372767005,505.89,SURPLUS,LOW,0.0,Viên
29.L1.4080.FC4804.1,1,Chi nhánh Đà Nẵng UN,MIỀN TRUNG,Gạch 40x80 MS FC4804 Loại 1,2190,54.5,1635.0,58.467547872726406,439.9675478727264,892.0201791439474,555.0,OK,LOW,0.0,Viên
29.L1.4080.FC4804.2,1,Chi nhánh Đà Nẵng UN,MIỀN TRUNG,Gạch 40x80 MS FC4804 Loại 1,1526,0.5086666666666667,15.260000000000002,0.6640959174664728,4.22476258413314,86.17733654118891,1510.74,SURPLUS,LOW,0.0,Viên
29.L1.4080.FC4804D.1,1,Chi nhánh Đà Nẵng UN,MIỀN TRUNG,Gạch 40x80 MS FC4804D Loại 1,174,0.1,3.000000000000001,0.13055620920048613,0.8305562092004862,38.2099463490856,171.0,SURPLUS,LOW,0.0,Viên
29.L1.4080.FC4804V.1,1,Chi nhánh Đà Nẵng UN,MIỀN TRUNG,Gạch 40x80 MS FC4804V Loại 1,336,0.112,3.3600000000000008,0.14622295430454446,0.9302229543045445,40.43760625952036,332.64,SURPLUS,LOW,0.0,Viên
29.L1.4080.FC4809.1,1,Chi nhánh Đà Nẵng UN,MIỀN TRUNG,Gạch 40x80 MS FC4809 Loại 1,2240,0.7466666666666667,22.4,0.9748196953636299,6.2014863620302965,104.4094504024101,2217.6,SURPLUS,LOW,0.0,Viên
29.L1.4080.FC4809.2,1,Chi nhánh Đà Nẵng UN,MIỀN TRUNG,Gạch 40x80 MS FC4809 Loại 1,1188,0.396,11.880000000000006,0.5170025884339251,3.2890025884339256,76.03683317971627,1176.12,SURPLUS,LOW,0.0,Viên
29.L1.4080.FC4809V.2,1,Chi nhánh Đà Nẵng UN,MIỀN TRUNG,Gạch 40x80 MS FC4809V Loại 1,42,0.1,3.000000000000001,0.13055620920048613,0.8305562092004862,38.2099463490856,39.0,OK,LOW,0.0,Viên
29.L1.4080.FP948603.1,1,Chi nhánh Đà Nẵng UN,MIỀN TRUNG,Gạch 40x80 MS FP948603 Loại 1 5 Viên,3486,1.162,34.85999999999999,1.5170631509096488,9.65106315090965,130.25052783002457,3451.14,SURPLUS,LOW,0.0,Viên
29.L1.4080.FP948603D.1,1,Chi nhánh Đà Nẵng UN,MIỀN TRUNG,Gạch 40x80 MS FP948603D Loại 1 5 Viên,206,0.1,3.000000000000001,0.13055620920048613,0.8305562092004862,38.2099463490856,203.0,SURPLUS,LOW,0.0,Viên
29.L1.4080.FP948603V.1,1,Chi nhánh Đà Nẵng UN,MIỀN TRUNG,Gạch 40x80 MS FP948603V Loại 1 5 Viên,98,0.1,3.000000000000001,0.13055620920048613,0.8305562092004862,38.2099463490856,95.0,SURPLUS,LOW,0.0,Viên
29.L1.4080.FP948604.1,1,Chi nhánh Đà Nẵng UN,MIỀN TRUNG,Gạch 40x80 MS FP948604 Loại 1 5 Viên,1790,25.666666666666668,731.5,155.7784358876407,335.44510255430737,612.1546645524588,1058.5,SURPLUS,LOW,0.0,Viên
29.L1.4080.FP948604D.1,1,Chi nhánh Đà Nẵng UN,MIỀN TRUNG,Gạch 40x80 MS FP948604D Loại 1 5 Viên,200,0.1,3.000000000000001,0.13055620920048613,0.8305562092004862,38.2099463490856,197.0,SURPLUS,LOW,0.0,Viên
29.L1.4080.FP948604V.1,1,Chi nhánh Đà Nẵng UN,MIỀN TRUNG,Gạch 40x80 MS FP948604V Loại 1 5 Viên,282,12.0,360.0,49.235829787559084,133.23582978755908,418.568990729127,-78.0,RESTOCK,MEDIUM,418.568990729127,Viên
29.L1.6060.FP6602.1,1,Chi nhánh Đà Nẵng UN,MIỀN TRUNG,Gạch 60x60 MS FP6602 Loại 1,1051,0.35033333333333333,10.51,0.4573819195657031,2.909715252899036,71.5182960274269,1040.49,SURPLUS,LOW,0.0,Viên
29.L1.6060.FP6602.2,1,Chi nhánh Đà Nẵng UN,MIỀN TRUNG,Gạch 60x60 MS FP6602 Loại 1,2163,0.721,21.63,0.941310268335505,5.988310268335505,102.59922026994161,2141.37,SURPLUS,LOW,0.0,Viên
29.L1.6060.FP6602.3,1,Chi nhánh Đà Nẵng UN,MIỀN TRUNG,Gạch 60x60 MS FP6602 Loại 1,1078,0.35933333333333334,10.780000000000003,0.4691319783937469,2.9844653117270803,72.43111670177856,1067.22,SURPLUS,LOW,0.0,Viên
29.L1.6060.FP6602.4,1,Chi nhánh Đà Nẵng UN,MIỀN TRUNG,Gạch 60x60 MS FP6602 Loại 1,1877,0.6256666666666667,18.770000000000007,0.8168466822310417,5.196513348897708,95.57579888932833,1858.23,SURPLUS,LOW,0.0,Viên
29.L1.6060.FP6602.5,1,Chi nhánh Đà Nẵng UN,MIỀN TRUNG,Gạch 60x60 MS FP6602 Loại 1,908,0.3026666666666667,9.080000000000004,0.3951501265134714,2.5138167931801383,66.47505797916489,898.92,SURPLUS,LOW,0.0,Viên
29.L1.6060.FP6602.6,1,Chi nhánh Đà Nẵng UN,MIỀN TRUNG,Gạch 60x60 MS FP6602 Loại 1,1114,0.37133333333333335,11.140000000000006,0.48479872349780523,3.084132056831139,73.63060957690536,1102.86,SURPLUS,LOW,0.0,Viên
29.L1.6060.FP6604.1,1,Chi nhánh Đà Nẵng UN,MIỀN TRUNG,Gạch 60x60 MS FP6604 Loại 1,923,0.3076666666666667,9.229999999999999,0.40167793697349574,2.5553446036401626,67.0218869723416,913.77,SURPLUS,LOW,0.0,Viên
29.L1.6060.FP6604.2,1,Chi nhánh Đà Nẵng UN,MIỀN TRUNG,Gạch 60x60 MS FP6604 Loại 1,635,0.2116666666666667,6.350000000000002,0.276343976141029,1.758010642807696,55.59076661940662,628.65,SURPLUS,LOW,0.0,Viên
29.L1.6060.FP6604.3,1,Chi nhánh Đà Nẵng UN,MIỀN TRUNG,Gạch 60x60 MS FP6604 Loại 1,2506,0.8353333333333334,25.06000000000001,1.0905795341880609,6.937912867521394,110.43489786596747,2480.94,SURPLUS,LOW,0.0,Viên
29.L1.6060.FP6604.4,1,Chi nhánh Đà Nẵng UN,MIỀN TRUNG,Gạch 60x60 MS FP6604 Loại 1,934,0.31133333333333335,9.340000000000002,0.40646499797751356,2.5857983313108472,67.42007613957928,924.66,SURPLUS,LOW,0.0,Viên
29.L1.6060.FP96600.1,1,Chi nhánh Đà Nẵng UN,MIỀN TRUNG,Gạch 60x60 MS FP96600 Loại 1,285,0.1,3.000000000000001,0.13055620920048613,0.8305562092004862,38.2099463490856,282.0,SURPLUS,LOW,0.0,Viên
29.L1.6060.FP96601.1,1,Chi nhánh Đà Nẵng UN,MIỀN TRUNG,Gạch 60x60 MS FP96601 Loại 1,1555,0.5183333333333333,15.549999999999995,0.6767163510225198,4.305049684355852,86.99233682725546,1539.45,SURPLUS,LOW,0.0,Viên
29.L1.6060.FP96601.2,1,Chi nhánh Đà Nẵng UN,MIỀN TRUNG,Gạch 60x60 MS FP96601 Loại 1,1469,0.48966666666666664,14.689999999999998,0.6392902377183803,4.066956904385047,84.55254776370333,1454.31,SURPLUS,LOW,0.0,Viên
29.L1.6060.FP96608.1,1,Chi nhánh Đà Nẵng UN,MIỀN TRUNG,Gạch 60x60 MS FP96608 Loại 1,826,0.2753333333333333,8.26,0.3594647626653385,2.286798095998672,63.40241846070752,817.74,SURPLUS,LOW,0.0,Viên
29.L1.6060.FP96608.2,1,Chi nhánh Đà Nẵng UN,MIỀN TRUNG,Gạch 60x60 MS FP96608 Loại 1,2137,0.7123333333333334,21.37,0.9299953968714629,5.916328730204796,101.98071713155711,2115.63,SURPLUS,LOW,0.0,Viên
29.L1.6060.FP966602.2,1,Chi nhánh Đà Nẵng UN,MIỀN TRUNG,Gạch 60x60 MS FP966602 Loại 1,1946,0.6486666666666667,19.460000000000004,0.8468746103471535,5.3875412770138205,97.31666523948164,1926.54,SURPLUS,LOW,0.0,Viên
29.L1.6060.FP96666.1,1,Chi nhánh Đà Nẵng UN,MIỀN TRUNG,Gạch 60x60 MS FP96666 Loại 1,494,0.16466666666666668,4.939999999999999,0.21498255781680053,1.3676492244834673,49.03196236469976,489.06,SURPLUS,LOW,0.0,Viên
29.L1.6060.FPH6001.1,1,Chi nhánh Đà Nẵng UN,MIỀN TRUNG,Gạch 60x60 MS FPH6001 Loại 1,1970,0.6566666666666666,19.699999999999996,0.8573191070831923,5.453985773749859,97.91492906259664,1950.3,SURPLUS,LOW,0.0,Viên
29.L1.6060.FPH6001.2,1,Chi nhánh Đà Nẵng UN,MIỀN TRUNG,Gạch 60x60 MS FPH6001 Loại 1,1197,0.399,11.970000000000006,0.5209192747099397,3.31391927470994,76.32430805451172,1185.03,SURPLUS,LOW,0.0,Viên
29.L1.6060.FPH6001.3,1,Chi nhánh Đà Nẵng UN,MIỀN TRUNG,Gạch 60x60 MS FPH6001 Loại 1,806,0.26866666666666666,8.059999999999999,0.3507610153853061,2.2314276820519727,62.630131193646186,797.94,SURPLUS,LOW,0.0,Viên
29.L1.6060.FPH6001.4,1,Chi nhánh Đà Nẵng UN,MIỀN TRUNG,Gạch 60x60 MS FPH6001 Loại 1,747,0.249,7.469999999999998,0.3250849609092105,2.0680849609092102,60.29427833551041,739.53,SURPLUS,LOW,0.0,Viên
29.L1.6060.FPH966001.1,1,Chi nhánh Đà Nẵng UN,MIỀN TRUNG,Gạch 60x60 MS FPH966001 Loại 1,1425,0.475,14.249999999999996,0.6201419937023092,3.945141993702309,83.27664738688752,1410.75,SURPLUS,LOW,0.0,Viên
29.L1.6060.FPU6001.1,1,Chi nhánh Đà Nẵng UN,MIỀN TRUNG,Gạch 60x60 MS FPU6001 Loại 1,838,0.2793333333333334,8.380000000000003,0.364687011033358,2.3200203443666916,63.861308056339304,829.62,SURPLUS,LOW,0.0,Viên
29.L1.6060.FPU6001.2,1,Chi nhánh Đà Nẵng UN,MIỀN TRUNG,Gạch 60x60 MS FPU6001 Loại 1,874,0.29133333333333333,8.740000000000002,0.3803537561374163,2.4196870894707496,65.21860675195896,865.26,SURPLUS,LOW,0.0,Viên
29.L1.6060.FPU6001.4,1,Chi nhánh Đà Nẵng UN,MIỀN TRUNG,Gạch 60x60 MS FPU6001 Loại 1,1559,0.5196666666666666,15.589999999999993,0.6784571004785263,4.316123767145193,87.10415221637446,1543.41,SURPLUS,LOW,0.0,Viên
29.L1.6060.FPU6010.1,1,Chi nhánh Đà Nẵng UN,MIỀN TRUNG,Gạch 60x60 MS FPU6010 Loại 1,700,0.23333333333333334,7.0,0.3046311548011343,1.9379644881344675,58.36665714829544,693.0,SURPLUS,LOW,0.0,Viên
29.L1.6060.FPU6010.2,1,Chi nhánh Đà Nẵng UN,MIỀN TRUNG,Gạch 60x60 MS FPU6010 Loại 1,1213,0.4043333333333334,12.130000000000003,0.5278822725339657,3.3582156058672994,76.83271872494599,1200.87,SURPLUS,LOW,0.0,Viên
29.L1.6060.FPU6010.3,1,Chi nhánh Đà Nẵng UN,MIỀN TRUNG,Gạch 60x60 MS FPU6010 Loại 1,1135,0.3783333333333333,11.350000000000001,0.4939376581418392,3.142270991475172,74.32137422482623,1123.65,SURPLUS,LOW,0.0,Viên
29.L1.6060.FPU6011.1,1,Chi nhánh Đà Nẵng UN,MIỀN TRUNG,Gạch 60x60 MS FPU6011 Loại 1,1095,0.36500000000000005,10.950000000000003,0.47653016358177447,3.031530163581775,73.0,1084.05,SURPLUS,LOW,0.0,Viên
29.L1.6060.FPU6011.2,1,Chi nhánh Đà Nẵng UN,MIỀN TRUNG,Gạch 60x60 MS FPU6011 Loại 1,1905,0.635,19.050000000000008,0.8290319284230869,5.274031928423087,96.28603221651622,1885.95,SURPLUS,LOW,0.0,Viên
29.L1.6060.FPU966001.1,1,Chi nhánh Đà Nẵng UN,MIỀN TRUNG,Gạch 60x60 MS FPU966001 Loại 1,898,0.29933333333333334,8.98,0.39079825287345527,2.4861315862067888,66.10799245678746,889.02,SURPLUS,LOW,0.0,Viên
29.L1.8080.FP18601.1,1,Chi nhánh Đà Nẵng UN,MIỀN TRUNG,Gạch 80x80 MS FP18601 Loại 1,1031,0.3436666666666667,10.310000000000006,0.4486781722856707,2.8543448389523376,70.83454900917583,1020.6899999999999,SURPLUS,LOW,0.0,Viên
29.L1.8080.FP18601.2,1,Chi nhánh Đà Nẵng UN,MIỀN TRUNG,Gạch 80x80 MS FP18601 Loại 1,946,0.31533333333333335,9.46,0.411687246345533,2.6190205796788666,67.85179928835097,936.54,SURPLUS,LOW,0.0,Viên
29.L1.8080.FP18608.1,1,Chi nhánh Đà Nẵng UN,MIỀN TRUNG,Gạch 80x80 MS FP18608 Loại 1,705,0.235,7.050000000000002,0.30680709162114245,1.9518070916211425,58.57473858242988,697.95,SURPLUS,LOW,0.0,Viên
29.L1.8080.FP18666.1,1,Chi nhánh Đà Nẵng UN,MIỀN TRUNG,Gạch 80x80 MS FP18666 Loại 1,272,0.1,3.000000000000001,0.13055620920048613,0.8305562092004862,38.2099463490856,269.0,SURPLUS,LOW,0.0,Viên
29.L1.8080.FPU188011.1,1,Chi nhánh Đà Nẵng UN,MIỀN TRUNG,Gạch 80x80 MS FPU188011 Loại 1,840,0.28,8.4,0.3655573857613612,2.3255573857613614,63.93746945258312,831.6,SURPLUS,LOW,0.0,Viên
33.L1.ICO-020120-11002.1,1,Chi nhánh Đà Nẵng UN,MIỀN TRUNG,Gạch 19.5x120 MS ICO-020120-11002 Loại 1,2478,0.8260000000000001,24.780000000000005,1.0783942879960156,6.860394287996016,109.81621009668837,2453.22,SURPLUS,LOW,0.0,Viên
36.L1.3060.USC3601.1,1,Chi nhánh Đà Nẵng UN,MIỀN TRUNG,Gạch 30x60 MS USC3601 Loại 1,4856,1.6186666666666667,48.56000000000002,2.1132698395918688,13.443936506258536,153.728765471311,4807.44,SURPLUS,LOW,0.0,Viên
36.L1.3060.USC3601.3,1,Chi nhánh Đà Nẵng UN,MIỀN TRUNG,Gạch 30x60 MS USC3601 Loại 1,2233,0.7443333333333334,22.330000000000002,0.9717733838156186,6.182106717148953,104.24618298367892,2210.67,SURPLUS,LOW,0.0,Viên
36.L1.3060.USC3601D.1,1,Chi nhánh Đà Nẵng UN,MIỀN TRUNG,Gạch 30x60 MS USC3601D Loại 1,677,0.22566666666666668,6.770000000000003,0.29462184542909703,1.8742885120957637,57.39976771149282,670.23,SURPLUS,LOW,0.0,Viên
36.L1.3060.USC3601D.2,1,Chi nhánh Đà Nẵng UN,MIỀN TRUNG,Gạch 30x60 MS USC3601D Loại 1,460,0.15333333333333335,4.6000000000000005,0.20018618744074546,1.2735195207740788,47.31455026381067,455.4,SURPLUS,LOW,0.0,Viên
36.L1.3060.USC3601V.1,1,Chi nhánh Đà Nẵng UN,MIỀN TRUNG,Gạch 30x60 MS USC3601V Loại 1,1385,0.46166666666666667,13.849999999999996,0.6027344991422443,3.8344011658089108,82.09953308840028,1371.15,SURPLUS,LOW,0.0,Viên
36.L1.3060.USC3601V.2,1,Chi nhánh Đà Nẵng UN,MIỀN TRUNG,Gạch 30x60 MS USC3601V Loại 1,742,0.24733333333333332,7.420000000000002,0.3229090240892023,2.0542423574225355,60.09215145646448,734.58,SURPLUS,LOW,0.0,Viên
36.L1.3060.USC3601V.3,1,Chi nhánh Đà Nẵng UN,MIỀN TRUNG,Gạch 30x60 MS USC3601V Loại 1,288,0.1,3.000000000000001,0.13055620920048613,0.8305562092004862,38.2099463490856,285.0,SURPLUS,LOW,0.0,Viên
36.L1.3060.USC3631.1,1,Chi nhánh Đà Nẵng UN,MIỀN TRUNG,Gạch 30x60 MS USC3631 Loại 1,2114,0.7046666666666667,21.140000000000008,0.9199860874994258,5.852652754166093,101.43043593189044,2092.86,SURPLUS,LOW,0.0,Viên
36.L1.3060.USC3631.2,1,Chi nhánh Đà Nẵng UN,MIỀN TRUNG,Gạch 30x60 MS USC3631 Loại 1,1008,0.336,10.080000000000002,0.43866886291363344,2.7906688629136336,70.03998857795453,997.92,SURPLUS,LOW,0.0,Viên
36.L1.3060.USC3631D.1,1,Chi nhánh Đà Nẵng UN,MIỀN TRUNG,Gạch 30x60 MS USC3631D Loại 1,238,0.1,3.000000000000001,0.13055620920048613,0.8305562092004862,38.2099463490856,235.0,SURPLUS,LOW,0.0,Viên
36.L1.3060.USC3631D.2,1,Chi nhánh Đà Nẵng UN,MIỀN TRUNG,Gạch 30x60 MS USC3631D Loại 1,280,0.1,3.000000000000001,0.13055620920048613,0.8305562092004862,38.2099463490856,277.0,SURPLUS,LOW,0.0,Viên
36.L1.3060.USC3632.1,1,Chi nhánh Đà Nẵng UN,MIỀN TRUNG,Gạch 30x60 MS USC3632 Loại 1,1395,0.465,13.95,0.6070863727822606,3.8620863727822607,82.39538822045807,1381.05,SURPLUS,LOW,0.0,Viên
36.L1.3060.USC3632.2,1,Chi nhánh Đà Nẵng UN,MIỀN TRUNG,Gạch 30x60 MS USC3632 Loại 1,675,0.225,6.749999999999998,0.2937514707010938,1.8687514707010937,57.3149195236284,668.25,SURPLUS,LOW,0.0,Viên
36.L1.3060.USC3632.3,1,Chi nhánh Đà Nẵng UN,MIỀN TRUNG,Gạch 30x60 MS USC3632 Loại 1,936,0.312,9.359999999999998,0.4073353727055168,2.591335372705517,67.49222177406816,926.64,SURPLUS,LOW,0.0,Viên
36.L1.3060.USC3637.1,1,Chi nhánh Đà Nẵng UN,MIỀN TRUNG,Gạch 30x60 MS USC3637 Loại 1,1241,0.4136666666666667,12.409999999999997,0.540067518726011,3.4357341853926777,77.71443452366705,1228.59,SURPLUS,LOW,0.0,Viên
36.L1.3060.USC3637D.1,1,Chi nhánh Đà Nẵng UN,MIỀN TRUNG,Gạch 30x60 MS USC3637D Loại 1,339,0.113,3.39,0.14752851639654932,0.9385285163965493,40.61773011875479,335.61,SURPLUS,LOW,0.0,Viên
36.L1.3060.USC3638.1,1,Chi nhánh Đà Nẵng UN,MIỀN TRUNG,Gạch 30x60 MS USC3638 Loại 1,1501,0.5003333333333333,15.010000000000002,0.6532162333664323,4.155549566699765,85.4685127205725,1485.99,SURPLUS,LOW,0.0,Viên
36.L1.3060.USC3639.1,1,Chi nhánh Đà Nẵng UN,MIỀN TRUNG,Gạch 30x60 MS USC3639 Loại 1,1458,0.486,14.580000000000004,0.6345031767143626,4.036503176714363,84.23538448894266,1443.42,SURPLUS,LOW,0.0,Viên
36.L1.3060.USC3639.2,1,Chi nhánh Đà Nẵng UN,MIỀN TRUNG,Gạch 30x60 MS USC3639 Loại 1,1441,0.48033333333333333,14.410000000000005,0.6271049915263351,3.9894383248596688,83.74286039219503,1426.59,SURPLUS,LOW,0.0,Viên
36.L1.3060.USC3639D.1,1,Chi nhánh Đà Nẵng UN,MIỀN TRUNG,Gạch 30x60 MS USC3639D Loại 1,379,0.12633333333333333,3.789999999999999,0.16493601095661414,1.0492693442899474,42.947254471813054,375.21,SURPLUS,LOW,0.0,Viên
36.L1.3060.USC3640.1,1,Chi nhánh Đà Nẵng UN,MIỀN TRUNG,Gạch 30x60 MS USC3640 Loại 1,1699,0.5663333333333334,16.99,0.7393833314387532,4.703716664772086,90.93110945472219,1682.01,SURPLUS,LOW,0.0,Viên
36.L1.3060.USC3640.2,1,Chi nhánh Đà Nẵng UN,MIỀN TRUNG,Gạch 30x60 MS USC3640 Loại 1,1246,0.4153333333333334,12.459999999999999,0.5422434555460192,3.449576788879353,77.87083322185957,1233.54,SURPLUS,LOW,0.0,Viên
36.L1.3060.USC3647.1,1,Chi nhánh Đà Nẵng UN,MIỀN TRUNG,Gạch 30x60 MS USC3647 Loại 1,1086,0.362,10.86,0.47261347730575975,3.0066134773057596,72.69938101524662,1075.14,SURPLUS,LOW,0.0,Viên
36.L1.3060.USC3647.2,1,Chi nhánh Đà Nẵng UN,MIỀN TRUNG,Gạch 30x60 MS USC3647 Loại 1,1447,0.48233333333333334,14.469999999999999,0.6297161157103448,4.006049449043678,83.9170225083485,1432.53,SURPLUS,LOW,0.0,Viên
36.L1.3060.USC3647D.1,1,Chi nhánh Đà Nẵng UN,MIỀN TRUNG,Gạch 30x60 MS USC3647D Loại 1,268,27.5,825.0,76.93098404306107,269.4309840430611,633.6402764976356,-557.0,URGENT_RESTOCK,HIGH,633.6402764976356,Viên
36.L1.3060.USC3648.1,1,Chi nhánh Đà Nẵng UN,MIỀN TRUNG,Gạch 30x60 MS USC3648 Loại 1,1123,0.37433333333333335,11.229999999999995,0.48871540977381983,3.109048743107153,73.9274419053349,1111.77,SURPLUS,LOW,0.0,Viên
36.L1.3060.USC3651.1,1,Chi nhánh Đà Nẵng UN,MIỀN TRUNG,Gạch 30x60 MS USC3651 Loại 1,1020,0.34,10.2,0.44389111128165293,2.8238911112816534,70.45565981523416,1009.8,SURPLUS,LOW,0.0,Viên
36.L1.3060.USC3651D.1,1,Chi nhánh Đà Nẵng UN,MIỀN TRUNG,Gạch 30x60 MS USC3651D Loại 1,176,0.1,3.000000000000001,0.13055620920048613,0.8305562092004862,38.2099463490856,173.0,SURPLUS,LOW,0.0,Viên
36.L1.3060.USC3652.1,1,Chi nhánh Đà Nẵng UN,MIỀN TRUNG,Gạch 30x60 MS USC3652 Loại 1,1141,0.38033333333333336,11.409999999999997,0.49654878232584904,3.158882115659183,74.51755945189474,1129.59,SURPLUS,LOW,0.0,Viên
37.CG2A.CR.VINASTAR.00,1,Chi nhánh Đà Nẵng UN,MIỀN TRUNG,Bột trét VINASTAR CG2A Trắng,70,0.1,3.000000000000001,0.13055620920048613,0.8305562092004862,38.2099463490856,67.0,OK,LOW,0.0,Kg
38.L1.4080.UT481001T.16,1,Chi nhánh Đà Nẵng UN,MIỀN TRUNG,Gạch 40x80 MS UT481001T Loại 1,4690,1.5633333333333332,46.89999999999999,2.0410287371676,12.984362070500934,151.07834612103306,4643.1,SURPLUS,LOW,0.0,Viên
38.L1.4080.UT481002D.16,1,Chi nhánh Đà Nẵng UN,MIỀN TRUNG,Gạch 40x80 MS UT481002D Loại 1,217,0.1,3.000000000000001,0.13055620920048613,0.8305562092004862,38.2099463490856,214.0,SURPLUS,LOW,0.0,Viên
38.L1.4080.UT481002V.16,1,Chi nhánh Đà Nẵng UN,MIỀN TRUNG,Gạch 40x80 MS UT481002V Loại 1,1750,0.5833333333333334,17.5,0.7615778870028359,4.8449112203361695,92.28578799938086,1732.5,SURPLUS,LOW,0.0,Viên
38.L1.4080.UT481005D.16,1,Chi nhánh Đà Nẵng UN,MIỀN TRUNG,Gạch 40x80 MS UT481005D Loại 1,224,0.1,3.000000000000001,0.13055620920048613,0.8305562092004862,38.2099463490856,221.0,SURPLUS,LOW,0.0,Viên
39.L1.6060.UGG6001.100,1,Chi nhánh Đà Nẵng UN,MIỀN TRUNG,Gạch 60x60 MS UGG6001 Loại 1,2793,0.9309999999999999,27.930000000000003,1.2154783076565259,7.7324783076565256,116.58730634164253,2765.07,SURPLUS,LOW,0.0,Viên
39.L1.6060.UGG6001.103,1,Chi nhánh Đà Nẵng UN,MIỀN TRUNG,Gạch 60x60 MS UGG6001 Loại 1,801,92.5,2775.0,193.86607978851387,841.3660797885138,1162.1101496846156,-1974.0,URGENT_RESTOCK,HIGH,1162.1101496846156,Viên
39.L1.6060.UGG6001.90,1,Chi nhánh Đà Nẵng UN,MIỀN TRUNG,Gạch 60x60 MS UGG6001 Loại 1,719,0.23966666666666667,7.189999999999999,0.3128997147171651,1.9905663813838317,59.1534727073004,711.81,SURPLUS,LOW,0.0,Viên
39.L1.6060.UGG6003.90,1,Chi nhánh Đà Nẵng UN,MIỀN TRUNG,Gạch 60x60 MS UGG6003 Loại 1,1522,0.5073333333333333,15.219999999999999,0.6623551680104662,4.2136885013438,86.06431703480058,1506.78,SURPLUS,LOW,0.0,Viên
39.L1.6060.UGG6003.94,1,Chi nhánh Đà Nẵng UN,MIỀN TRUNG,Gạch 60x60 MS UGG6003 Loại 1,1401,0.46699999999999997,14.010000000000002,0.6096974969662702,3.8786974969662698,82.57239248078015,1386.99,SURPLUS,LOW,0.0,Viên
39.L1.6060.UGG6003.98,1,Chi nhánh Đà Nẵng UN,MIỀN TRUNG,Gạch 60x60 MS UGG6003 Loại 1,1652,0.5506666666666666,16.52,0.718929525330677,4.573596191997344,89.66456007438687,1635.48,SURPLUS,LOW,0.0,Viên
39.L1.6060.UGG6004.100,1,Chi nhánh Đà Nẵng UN,MIỀN TRUNG,Gạch 60x60 MS UGG6004 Loại 1,3379,1.1263333333333334,33.79000000000001,1.4704981029614757,9.354831436294809,128.23598039032052,3345.21,SURPLUS,LOW,0.0,Viên
39.L1.6060.USGM6001.90,1,Chi nhánh Đà Nẵng UN,MIỀN TRUNG,Gạch 60x60 MS USGM6001 Loại 1,850,0.2833333333333333,8.5,0.3699092594013774,2.353242592734711,64.31692364119,841.5,SURPLUS,LOW,0.0,Viên
39.L1.6060.USGM6002.96,1,Chi nhánh Đà Nẵng UN,MIỀN TRUNG,Gạch 60x60 MS USGM6002 Loại 1,1112,0.3706666666666667,11.120000000000001,0.483928348769802,3.078595015436469,73.56448418451212,1100.88,SURPLUS,LOW,0.0,Viên
39.L1.6060.USGM6003.90,1,Chi nhánh Đà Nẵng UN,MIỀN TRUNG,Gạch 60x60 MS USGM6003 Loại 1,747,0.249,7.469999999999998,0.3250849609092105,2.0680849609092102,60.29427833551041,739.53,SURPLUS,LOW,0.0,Viên
39.L1.6060.USGM6003.96,1,Chi nhánh Đà Nẵng UN,MIỀN TRUNG,Gạch 60x60 MS USGM6003 Loại 1,880,0.29333333333333333,8.799999999999999,0.382964880321426,2.436298213654759,65.44208635630947,871.2,SURPLUS,LOW,0.0,Viên
39.L1.6060.USGM6004.100,1,Chi nhánh Đà Nẵng UN,MIỀN TRUNG,Gạch 60x60 MS USGM6004 Loại 1,398,0.13266666666666665,3.98,0.17320457087264493,1.1018712375393114,44.01060478263544,394.02,SURPLUS,LOW,0.0,Viên
39.L1.6060.USGM6004.96,1,Chi nhánh Đà Nẵng UN,MIỀN TRUNG,Gạch 60x60 MS USGM6004 Loại 1,732,0.24400000000000002,7.319999999999999,0.3185571504491862,2.0265571504491864,59.68584421787129,724.68,SURPLUS,LOW,0.0,Viên
40.L1.3060.USC3601D.P2,1,Chi nhánh Đà Nẵng UN,MIỀN TRUNG,Gạch 30x60 MS USC3601D Loại 1,332,0.11066666666666668,3.319999999999999,0.144482204848538,0.9191488715152047,40.19618555700694,328.68,SURPLUS,LOW,0.0,Viên
40.L1.3060.USC3601.P2,1,Chi nhánh Đà Nẵng UN,MIỀN TRUNG,Gạch 30x60 MS USC3601 Loại 1,4387,1.4623333333333333,43.87,1.909166965875109,12.145500299208441,146.11662009048342,4343.13,SURPLUS,LOW,0.0,Viên
40.L1.3060.USC3601V.P2,1,Chi nhánh Đà Nẵng UN,MIỀN TRUNG,Gạch 30x60 MS USC3601V Loại 1,606,0.202,6.0600000000000005,0.263723542584982,1.6777235425849821,54.30653735969547,599.94,SURPLUS,LOW,0.0,Viên
41.L1.3060.U3101.5,1,Chi nhánh Đà Nẵng UN,MIỀN TRUNG,Gạch 30x60 MS U3101 Loại 1,2899,0.1,0.0,0.13055620920048613,0.8305562092004862,38.2099463490856,2899.0,SURPLUS,LOW,0.0,Viên
41.L1.3060.U3101.8,1,Chi nhánh Đà Nẵng UN,MIỀN TRUNG,Gạch 30x60 MS U3101 Loại 1,2056,0.6853333333333332,20.55999999999999,0.8947452203873316,5.692078553720664,100.02932903237263,2035.44,SURPLUS,LOW,0.0,Viên
41.L1.3060.U3102.5,1,Chi nhánh Đà Nẵng UN,MIỀN TRUNG,Gạch 30x60 MS U3102 Loại 1,1192,0.3973333333333333,11.920000000000003,0.5187433378899315,3.300076671223265,76.16473374644374,1180.08,SURPLUS,LOW,0.0,Viên
41.L1.3060.U3103.5,1,Chi nhánh Đà Nẵng UN,MIỀN TRUNG,Gạch 30x60 MS U3103 Loại 1,1554,0.518,15.540000000000004,0.6762811636585182,4.3022811636585185,86.96436051624826,1538.46,SURPLUS,LOW,0.0,Viên
41.L1.3060.U3105.8,1,Chi nhánh Đà Nẵng UN,MIỀN TRUNG,Gạch 30x60 MS U3105 Loại 1,784,0.2613333333333333,7.839999999999997,0.3411868933772704,2.1705202267106034,61.76946386902404,776.16,SURPLUS,LOW,0.0,Viên
41.L1.3060.U3106.5,1,Chi nhánh Đà Nẵng UN,MIỀN TRUNG,Gạch 30x60 MS U3106 Loại 1,784,0.2613333333333333,7.839999999999997,0.3411868933772704,2.1705202267106034,61.76946386902404,776.16,SURPLUS,LOW,0.0,Viên
41.L1.3060.U3107.5,1,Chi nhánh Đà Nẵng UN,MIỀN TRUNG,Gạch 30x60 MS U3107 Loại 1,1899,97.33333333333333,2774.0,547.7370810242852,1229.0704143576186,1192.08500815448,-875.0,RESTOCK,MEDIUM,1192.08500815448,Viên
41.L1.3060.U3107.6,1,Chi nhánh Đà Nẵng UN,MIỀN TRUNG,Gạch 30x60 MS U3107 Loại 1,728,0.24266666666666667,7.279999999999999,0.31681640099317976,2.0154830676598463,59.52254474846765,720.72,SURPLUS,LOW,0.0,Viên
41.L1.3060.U3108.5,1,Chi nhánh Đà Nẵng UN,MIỀN TRUNG,Gạch 30x60 MS U3108 Loại 1,3349,1.1163333333333334,33.489999999999995,1.457442482041427,9.271775815374761,127.66544821002536,3315.51,SURPLUS,LOW,0.0,Viên
41.L1.3060.U3108.6,1,Chi nhánh Đà Nẵng UN,MIỀN TRUNG,Gạch 30x60 MS U3108 Loại 1,1084,0.36133333333333334,10.839999999999996,0.4717431025777566,3.0010764359110897,72.6324078264425,1073.16,SURPLUS,LOW,0.0,Viên
41.L1.3060.U3201.5,1,Chi nhánh Đà Nẵng UN,MIỀN TRUNG,Gạch 30x60 MS U3201 Loại 1,509,0.16966666666666666,5.0900000000000025,0.2215103682768248,1.4091770349434913,49.77080804380549,503.91,SURPLUS,LOW,0.0,Viên
41.L1.3060.U3201.8,1,Chi nhánh Đà Nẵng UN,MIỀN TRUNG,Gạch 30x60 MS U3201 Loại 1,494,0.16466666666666668,4.939999999999999,0.21498255781680053,1.3676492244834673,49.03196236469976,489.06,SURPLUS,LOW,0.0,Viên
41.L1.3060.U3207.5,1,Chi nhánh Đà Nẵng UN,MIỀN TRUNG,Gạch 30x60 MS U3207 Loại 1,287,0.1,3.000000000000001,0.13055620920048613,0.8305562092004862,38.2099463490856,284.0,SURPLUS,LOW,0.0,Viên
41.L1.4080.U4101.5,1,Chi nhánh Đà Nẵng UN,MIỀN TRUNG,Gạch 40x80 MS U4101 Loại 1 6 Viên,1568,0.5226666666666666,15.679999999999994,0.6823737867545407,4.341040453421207,87.35521354408867,1552.32,SURPLUS,LOW,0.0,Viên
41.L1.4080.U4102.5,1,Chi nhánh Đà Nẵng UN,MIỀN TRUNG,Gạch 40x80 MS U4102 Loại 1 6 Viên,354,0.11800000000000001,3.5399999999999996,0.15405632685657364,0.9800563268565737,41.5066259770654,350.46,SURPLUS,LOW,0.0,Viên
41.L1.4080.U4103.5,1,Chi nhánh Đà Nẵng UN,MIỀN TRUNG,Gạch 40x80 MS U4103 Loại 1 6 Viên,2968,0.9893333333333333,29.680000000000007,1.2916360963568092,8.216969429690142,120.18430291292896,2938.32,SURPLUS,LOW,0.0,Viên
41.L1.4080.U4201.5,1,Chi nhánh Đà Nẵng UN,MIỀN TRUNG,Gạch 40x80 MS U4201 Loại 1 6 Viên,504,0.168,5.040000000000001,0.21933443145681672,1.3953344314568168,49.52575087769998,498.96,SURPLUS,LOW,0.0,Viên
41.L1.5050.91502.5,1,Chi nhánh Đà Nẵng UN,MIỀN TRUNG,Gạch 50x50 MS 91502 Loại 1,2470,0.8233333333333334,24.700000000000006,1.0749127890840025,6.8382461224173365,109.63880091767997,2445.3,SURPLUS,LOW,0.0,Viên
41.L1.5050.91504.5,1,Chi nhánh Đà Nẵng UN,MIỀN TRUNG,Gạch 50x50 MS 91504 Loại 1,4227,1.409,42.269999999999996,1.8395369876348497,11.702536987634849,143.42733351770855,4184.73,SURPLUS,LOW,0.0,Viên
41.L1.5050.91506.5,1,Chi nhánh Đà Nẵng UN,MIỀN TRUNG,Gạch 50x50 MS 91506 Loại 1,2778,212.0,6360.0,1058.5703404325204,2542.5703404325204,1759.3180496999398,-3582.0,RESTOCK,MEDIUM,1759.3180496999398,Viên
41.L1.5050.91508.5,1,Chi nhánh Đà Nẵng UN,MIỀN TRUNG,Gạch 50x50 MS 91508 Loại 1,2224,0.7413333333333334,22.240000000000002,0.967856697539604,6.157190030872938,104.0358912427181,2201.76,SURPLUS,LOW,0.0,Viên
41.L1.5050.M5190.5,1,Chi nhánh Đà Nẵng UN,MIỀN TRUNG,Gạch 50x50 MS M5190 Loại 1,2057,108.0,3077.999999999999,360.2342102469342,1116.2342102469343,1255.7069721873809,-1020.9999999999991,RESTOCK,MEDIUM,1255.7069721873809,Viên
41.L1.5050.M5191.5,1,Chi nhánh Đà Nẵng UN,MIỀN TRUNG,Gạch 50x50 MS M5191 Loại 1,630,0.21,6.3,0.2741680393210209,1.7441680393210208,55.371472799628506,623.7,SURPLUS,LOW,0.0,Viên
41.L1.5050.M5192.5,1,Chi nhánh Đà Nẵng UN,MIỀN TRUNG,Gạch 50x50 MS M5192 Loại 1,1726,0.5753333333333334,17.259999999999998,0.7511333902667969,4.778466723600131,91.65078650326285,1708.74,SURPLUS,LOW,0.0,Viên
41.L1.5050.U5101.5,1,Chi nhánh Đà Nẵng UN,MIỀN TRUNG,Gạch 50x50 MS U5101 Loại 1,1327,0.4423333333333333,13.270000000000003,0.5774936320301504,3.6738269653634834,80.36209720176961,1313.73,SURPLUS,LOW,0.0,Viên
41.L1.5050.U5102.4,1,Chi nhánh Đà Nẵng UN,MIỀN TRUNG,Gạch 50x50 MS U5102 Loại 1,952,0.3173333333333333,9.520000000000001,0.41429837052954266,2.6356317038628756,68.06663401892786,942.48,SURPLUS,LOW,0.0,Viên
41.L1.5050.U5102.5,1,Chi nhánh Đà Nẵng UN,MIỀN TRUNG,Gạch 50x50 MS U5102 Loại 1,1217,116.0,3480.0,516.9762127693704,1328.9762127693702,1301.3838787997952,-2263.0,URGENT_RESTOCK,HIGH,1301.3838787997952,Viên
41.L1.5050.U5103.4,1,Chi nhánh Đà Nẵng UN,MIỀN TRUNG,Gạch 50x50 MS U5103 Loại 1,1938,0.646,19.380000000000006,0.8433931114351404,5.36539311143514,97.11642497538715,1918.62,SURPLUS,LOW,0.0,Viên
41.L1.5050.U5103.5,1,Chi nhánh Đà Nẵng UN,MIỀN TRUNG,Gạch 50x50 MS U5103 Loại 1,1768,340.0,10200.0,1600.1644680956701,3980.16446809567,2228.0035906613793,-8432.0,URGENT_RESTOCK,HIGH,2228.0035906613793,Viên
41.L1.5050.U5104.4,1,Chi nhánh Đà Nẵng UN,MIỀN TRUNG,Gạch 50x50 MS U5104 Loại 1,1736,0.5786666666666667,17.36,0.7554852639068133,4.8061519305734794,91.9159035930852,1718.64,SURPLUS,LOW,0.0,Viên
41.L1.5050.U5104.5,1,Chi nhánh Đà Nẵng UN,MIỀN TRUNG,Gạch 50x50 MS U5104 Loại 1,1697,0.5656666666666667,16.97,0.73851295671075,4.698179623377417,90.877573324409,1680.03,SURPLUS,LOW,0.0,Viên
41.L1.5050.U5151.5,1,Chi nhánh Đà Nẵng UN,MIỀN TRUNG,Gạch 50x50 MS U5151 Loại 1,1904,18.0,540.0,36.926872340669306,162.92687234066932,512.6402247190518,1364.0,SURPLUS,LOW,0.0,Viên
41.L1.5050.U5151.6,1,Chi nhánh Đà Nẵng UN,MIỀN TRUNG,Gạch 50x50 MS U5151 Loại 1,7700,2.566666666666667,76.99999999999999,3.350942702812478,21.317609369479147,193.58030202821087,7623.0,SURPLUS,LOW,0.0,Viên
41.L1.5050.U5152.5,1,Chi nhánh Đà Nẵng UN,MIỀN TRUNG,Gạch 50x50 MS U5152 Loại 1,903,0.301,9.030000000000001,0.3929741896934632,2.499974189693463,66.29177927918363,893.97,SURPLUS,LOW,0.0,Viên
41.L1.5050.U5152.6,1,Chi nhánh Đà Nẵng UN,MIỀN TRUNG,Gạch 50x50 MS U5152 Loại 1,4191,1.397,41.90999999999999,1.823870242530791,11.602870242530791,142.8152652905144,4149.09,SURPLUS,LOW,0.0,Viên
41.L1.5050.U5153.4,1,Chi nhánh Đà Nẵng UN,MIỀN TRUNG,Gạch 50x50 MS U5153 Loại 1,56,0.1,3.000000000000001,0.13055620920048613,0.8305562092004862,38.2099463490856,53.0,OK,LOW,0.0,Viên
41.L1.5050.U5153.5,1,Chi nhánh Đà Nẵng UN,MIỀN TRUNG,Gạch 50x50 MS U5153 Loại 1,502,0.16733333333333336,5.020000000000002,0.21846405672881353,1.3897973900621472,49.42738781957496,496.98,SURPLUS,LOW,0.0,Viên
41.L1.5050.U5154.5,1,Chi nhánh Đà Nẵng UN,MIỀN TRUNG,Gạch 50x50 MS U5154 Loại 1,1480,11.5,345.0,40.004111702391754,120.50411170239175,409.7560249709576,1135.0,SURPLUS,LOW,0.0,Viên
41.L1.5050.U5154.6,1,Chi nhánh Đà Nẵng UN,MIỀN TRUNG,Gạch 50x50 MS U5154 Loại 1,4700,1.5666666666666667,47.00000000000002,2.0453806108076162,13.012047277474283,151.239324692136,4653.0,SURPLUS,LOW,0.0,Viên
41.L1.5050.U5155.4,1,Chi nhánh Đà Nẵng UN,MIỀN TRUNG,Gạch 50x50 MS U5155 Loại 1,8064,2.688,80.64000000000001,3.5093509033090675,22.32535090330907,198.1030035107999,7983.36,SURPLUS,LOW,0.0,Viên
41.L1.5050.U5155.5,1,Chi nhánh Đà Nẵng UN,MIỀN TRUNG,Gạch 50x50 MS U5155 Loại 1,1592,0.5306666666666666,15.92,0.6928182834905797,4.4074849501572455,88.02120956527088,1576.08,SURPLUS,LOW,0.0,Viên
41.L1.6060.AU6151.7,1,Chi nhánh Đà Nẵng UN,MIỀN TRUNG,Gạch 60x60 MS AU6151 Loại 1 5 Viên,1204,0.4013333333333334,12.040000000000003,0.5239655862579511,3.3332989195912845,76.54715322379185,1191.96,SURPLUS,LOW,0.0,Viên
41.L1.6060.AU6153.4,1,Chi nhánh Đà Nẵng UN,MIỀN TRUNG,Gạch 60x60 MS AU6153 Loại 1 5 Viên,4354,1.4513333333333334,43.539999999999985,1.8948057828630558,12.054139116196389,145.56602167630558,4310.46,SURPLUS,LOW,0.0,Viên
41.L1.6060.AU6154.4,1,Chi nhánh Đà Nẵng UN,MIỀN TRUNG,Gạch 60x60 MS AU6154 Loại 1 5 Viên,3316,1.1053333333333335,33.16000000000001,1.4430812990293738,9.180414632362709,127.03490334025004,3282.84,SURPLUS,LOW,0.0,Viên
41.L1.6060.AU6154.5,1,Chi nhánh Đà Nẵng UN,MIỀN TRUNG,Gạch 60x60 MS AU6154 Loại 1 5 Viên,2920,0.9733333333333333,29.199999999999996,1.2707471028847317,8.084080436218064,119.20850081544799,2890.8,SURPLUS,LOW,0.0,Viên
41.L1.6060.AU6155.6,1,Chi nhánh Đà Nẵng UN,MIỀN TRUNG,Gạch 60x60 MS AU6155 Loại 1 5 Viên,4550,1.5166666666666666,45.49999999999999,1.980102506207373,12.59676917287404,148.8063618711691,4504.5,SURPLUS,LOW,0.0,Viên
41.L1.6060.M6151.6,1,Chi nhánh Đà Nẵng UN,MIỀN TRUNG,Gạch 60x60 MS M6151 Loại 1,1848,0.616,18.479999999999997,0.8042262486749946,5.1162262486749945,94.83459284459443,1829.52,SURPLUS,LOW,0.0,Viên
41.L1.6060.M6152.6,1,Chi nhánh Đà Nẵng UN,MIỀN TRUNG,Gạch 60x60 MS M6152 Loại 1,2506,0.8353333333333334,25.06000000000001,1.0905795341880609,6.937912867521394,110.43489786596747,2480.94,SURPLUS,LOW,0.0,Viên
41.L1.6060.U6151.5,1,Chi nhánh Đà Nẵng UN,MIỀN TRUNG,Gạch 60x60 MS U6151 Loại 1,1848,130.66666666666666,3723.9999999999986,357.31329656636973,1271.9799632330364,1381.207201448549,-1875.9999999999986,RESTOCK,MEDIUM,1381.207201448549,Viên
41.L1.6060.U6152.5,1,Chi nhánh Đà Nẵng UN,MIỀN TRUNG,Gạch 60x60 MS U6152 Loại 1,1085,0.36166666666666664,10.849999999999998,0.47217828994175814,3.0038449566084244,72.66590213665094,1074.15,SURPLUS,LOW,0.0,Viên
41.L1.6060.U6153.5,1,Chi nhánh Đà Nẵng UN,MIỀN TRUNG,Gạch 60x60 MS U6153 Loại 1,2884,0.9613333333333334,28.839999999999996,1.2550803577806733,7.984413691114007,118.471374882993,2855.16,SURPLUS,LOW,0.0,Viên
41.L1.6060.U6154.4,1,Chi nhánh Đà Nẵng UN,MIỀN TRUNG,Gạch 60x60 MS U6154 Loại 1,4934,1.6446666666666667,49.339999999999996,2.1472144539839952,13.659881120650663,154.95848906508263,4884.66,SURPLUS,LOW,0.0,Viên
41.L1.6060.U6154.5,1,Chi nhánh Đà Nẵng UN,MIỀN TRUNG,Gạch 60x60 MS U6154 Loại 1,3054,44.0,1320.0,98.47165957511817,406.47165957511817,801.4985963805551,1734.0,SURPLUS,LOW,0.0,Viên
41.L1.6060.U6154.7,1,Chi nhánh Đà Nẵng UN,MIỀN TRUNG,Gạch 60x60 MS U6154 Loại 1,6491,2.1636666666666664,64.90999999999998,2.8248011797345183,17.970467846401185,177.73444610804438,6426.09,SURPLUS,LOW,0.0,Viên
41.L1.6060.U6155.5,1,Chi nhánh Đà Nẵng UN,MIỀN TRUNG,Gạch 60x60 MS U6155 Loại 1,1105,12.0,360.0,61.54478723444885,145.54478723444885,418.568990729127,745.0,SURPLUS,LOW,0.0,Viên
41.L1.6060.U6155.6,1,Chi nhánh Đà Nẵng UN,MIỀN TRUNG,Gạch 60x60 MS U6155 Loại 1,3360,1.12,33.6,1.4622295430454448,9.302229543045446,127.87493890516625,3326.4,SURPLUS,LOW,0.0,Viên
41.L1.6060.U6156.5,1,Chi nhánh Đà Nẵng UN,MIỀN TRUNG,Gạch 60x60 MS U6156 Loại 1,1020,0.34,10.2,0.44389111128165293,2.8238911112816534,70.45565981523416,1009.8,SURPLUS,LOW,0.0,Viên
41.L1.6060.U6157.5,1,Chi nhánh Đà Nẵng UN,MIỀN TRUNG,Gạch 60x60 MS U6157 Loại 1,1797,0.599,17.97,0.7820316931109119,4.975031693110911,93.51684340267265,1779.03,SURPLUS,LOW,0.0,Viên
41.L1.6060.U6158.5,1,Chi nhánh Đà Nẵng UN,MIỀN TRUNG,Gạch 60x60 MS U6158 Loại 1,1750,0.5833333333333334,17.5,0.7615778870028359,4.8449112203361695,92.28578799938086,1732.5,SURPLUS,LOW,0.0,Viên
00.KCB.100.NS,66,Chi nhánh Đà Nẵng UM,MIỀN TRUNG,Ke Cân Bằng NS  1 mm,48,0.1,3.000000000000001,0.13055620920048613,0.8305562092004862,38.2099463490856,45.0,OK,LOW,0.0,Kg
00.KCT.100.NS,66,Chi nhánh Đà Nẵng UM,MIỀN TRUNG,Ke Chữ Thập NS 1 mm,28,0.1,3.000000000000001,0.13055620920048613,0.8305562092004862,38.2099463490856,25.0,OK,LOW,0.0,Kg
00.KCT.150.NS,66,Chi nhánh Đà Nẵng UM,MIỀN TRUNG,Ke Chữ Thập NS 1.5 mm,14,0.1,3.000000000000001,0.13055620920048613,0.8305562092004862,38.2099463490856,11.0,OK,LOW,0.0,Kg
00.NEM.TS,66,Chi nhánh Đà Nẵng UM,MIỀN TRUNG,Nêm Cân Bằng,49,0.1,3.000000000000001,0.13055620920048613,0.8305562092004862,38.2099463490856,46.0,OK,LOW,0.0,Kg
05.L1.6060.686001.F,66,Chi nhánh Đà Nẵng UM,MIỀN TRUNG,Gạch 60x60 MS 686001 Loại 1,1176,0.392,11.759999999999998,0.5117803400659057,3.2557803400659058,75.65183408219525,1164.24,SURPLUS,LOW,0.0,Viên
05.L1.6060.686001.G,66,Chi nhánh Đà Nẵng UM,MIỀN TRUNG,Gạch 60x60 MS 686001 Loại 1,1417,0.4723333333333333,14.17,0.6166604947902962,3.9229938281236296,83.04255936967903,1402.83,SURPLUS,LOW,0.0,Viên
05.L1.6060.686002.G,66,Chi nhánh Đà Nẵng UM,MIỀN TRUNG,Gạch 60x60 MS 686002 Loại 1,1414,0.4713333333333333,14.140000000000002,0.6153549326982913,3.9146882660316247,82.95460606058391,1399.86,SURPLUS,LOW,0.0,Viên
05.L1.6060.686003.S,66,Chi nhánh Đà Nẵng UM,MIỀN TRUNG,Gạch 60x60 MS 686003 Loại 1,840,103.33333333333333,2944.999999999999,473.8815401354978,1197.214873468831,1228.2779272895311,-2104.999999999999,URGENT_RESTOCK,HIGH,1228.2779272895311,Viên
05.L1.6060.686005.G,66,Chi nhánh Đà Nẵng UM,MIỀN TRUNG,Gạch 60x60 MS 686005 Loại 1,779,0.25966666666666666,7.790000000000001,0.3390109565572623,2.1566776232239286,61.572179865044035,771.21,SURPLUS,LOW,0.0,Viên
05.L1.6060.686005.I,66,Chi nhánh Đà Nẵng UM,MIỀN TRUNG,Gạch 60x60 MS 686005 Loại 1,1591,154.5,4635.0,944.7124840487899,2026.21248404879,1501.8987981884798,-3044.0,URGENT_RESTOCK,HIGH,1501.8987981884798,Viên
05.L1.6060.686006.G,66,Chi nhánh Đà Nẵng UM,MIỀN TRUNG,Gạch 60x60 MS 686006 Loại 1,2299,0.7663333333333334,22.989999999999995,1.0004957498397256,6.364829083173059,105.77554852926393,2276.01,SURPLUS,LOW,0.0,Viên
05.L1.6060.686007.F,66,Chi nhánh Đà Nẵng UM,MIỀN TRUNG,Gạch 60x60 MS 686007 Loại 1,1409,0.4696666666666667,14.090000000000002,0.6131789958782833,3.90084566254495,82.80780961559927,1394.91,SURPLUS,LOW,0.0,Viên
05.L1.6060.686007.G,66,Chi nhánh Đà Nẵng UM,MIỀN TRUNG,Gạch 60x60 MS 686007 Loại 1,1046,0.3486666666666667,10.459999999999999,0.455205982745695,2.895872649412362,71.34797357552164,1035.54,SURPLUS,LOW,0.0,Viên
05.L1.8080.688001.G,66,Chi nhánh Đà Nẵng UM,MIỀN TRUNG,Gạch 80x80 MS 688001 Loại 1,1974,0.658,19.74000000000001,0.8590598565391987,5.465059856539199,98.01428467320466,1954.26,SURPLUS,LOW,0.0,Viên
05.L1.8080.688002.G,66,Chi nhánh Đà Nẵng UM,MIỀN TRUNG,Gạch 80x80 MS 688002 Loại 1,84,0.1,3.000000000000001,0.13055620920048613,0.8305562092004862,38.2099463490856,81.0,SURPLUS,LOW,0.0,Viên
05.L1.8080.688005.G,66,Chi nhánh Đà Nẵng UM,MIỀN TRUNG,Gạch 80x80 MS 688005 Loại 1,627,0.20900000000000002,6.269999999999998,0.2728624772290161,1.735862477229016,55.23947863620728,620.73,SURPLUS,LOW,0.0,Viên
05.L1.8080.688005.I,66,Chi nhánh Đà Nẵng UM,MIỀN TRUNG,Gạch 80x80 MS 688005 Loại 1,42,0.1,3.000000000000001,0.13055620920048613,0.8305562092004862,38.2099463490856,39.0,OK,LOW,0.0,Viên
05.L1.8080.688006.G,66,Chi nhánh Đà Nẵng UM,MIỀN TRUNG,Gạch 80x80 MS 688006 Loại 1,1142,0.38066666666666665,11.419999999999998,0.4969839696898506,3.1616506363565176,74.55020679604674,1130.58,SURPLUS,LOW,0.0,Viên
05.L1.8080.688007.G,66,Chi nhánh Đà Nẵng UM,MIỀN TRUNG,Gạch 80x80 MS 688007 Loại 1,786,4.5,135.0,9.231718085167326,40.73171808516733,256.3201123595259,651.0,SURPLUS,LOW,0.0,Viên
05.L1.8080.688007.I,66,Chi nhánh Đà Nẵng UM,MIỀN TRUNG,Gạch 80x80 MS 688007 Loại 1,952,0.3173333333333333,9.520000000000001,0.41429837052954266,2.6356317038628756,68.06663401892786,942.48,SURPLUS,LOW,0.0,Viên
08.L1.60120.3616.5,66,Chi nhánh Đà Nẵng UM,MIỀN TRUNG,Gạch 60x120 MS 3616 loại 1,238,0.1,3.000000000000001,0.13055620920048613,0.8305562092004862,38.2099463490856,235.0,SURPLUS,LOW,0.0,Viên
10.L1.6060.5193.6,66,Chi nhánh Đà Nẵng UM,MIỀN TRUNG,Gạch 60x60 MS 5193 loại 1,769,0.25633333333333336,7.6899999999999995,0.33465908291724616,2.1289924162505796,61.17570323802308,761.31,SURPLUS,LOW,0.0,Viên
10.L1.6060.5194.7,66,Chi nhánh Đà Nẵng UM,MIỀN TRUNG,Gạch 60x60 MS 5194 loại 1,84,0.1,3.000000000000001,0.13055620920048613,0.8305562092004862,38.2099463490856,81.0,SURPLUS,LOW,0.0,Viên
10.L1.6060.5194.8,66,Chi nhánh Đà Nẵng UM,MIỀN TRUNG,Gạch 60x60 MS 5194 loại 1,1427,0.4756666666666666,14.270000000000001,0.6210123684303124,3.9506790350969787,83.33506664864036,1412.73,SURPLUS,LOW,0.0,Viên
10.L1.6060.5690.5,66,Chi nhánh Đà Nẵng UM,MIỀN TRUNG,Gạch 60x60 MS 5690 loại 1,1442,0.4806666666666667,14.419999999999998,0.6275401788903366,3.9922068455570034,83.77191255625797,1427.58,SURPLUS,LOW,0.0,Viên
10.L1.6060.5711.5,66,Chi nhánh Đà Nẵng UM,MIỀN TRUNG,Gạch 60x60 MS 5711 Loại 1,3229,1.0763333333333334,32.290000000000006,1.4052199983612326,8.939553331694565,125.35735585384157,3196.71,SURPLUS,LOW,0.0,Viên
10.L1.6060.5711.6,66,Chi nhánh Đà Nẵng UM,MIỀN TRUNG,Gạch 60x60 MS 5711 Loại 1,4480,1.4933333333333334,44.8,1.9496393907272598,12.402972724060593,147.65726079900938,4435.2,SURPLUS,LOW,0.0,Viên
10.L1.6060.5714.6,66,Chi nhánh Đà Nẵng UM,MIỀN TRUNG,Gạch 60x60 MS 5714 Loại 1,947,2.0,60.0,2.611124184009723,16.61112418400972,170.88007490635061,887.0,SURPLUS,LOW,0.0,Viên
10.L1.6060.5715.6,66,Chi nhánh Đà Nẵng UM,MIỀN TRUNG,Gạch 60x60 MS 5715 Loại 1,994,0.3313333333333333,9.94,0.43257623981761073,2.751909573150944,69.55189908742008,984.06,SURPLUS,LOW,0.0,Viên
10.L1.6060.5716.4,66,Chi nhánh Đà Nẵng UM,MIỀN TRUNG,Gạch 60x60 MS 5716 Loại 1,4480,1.4933333333333334,44.8,1.9496393907272598,12.402972724060593,147.65726079900938,4435.2,SURPLUS,LOW,0.0,Viên
10.L1.6060.5716.6,66,Chi nhánh Đà Nẵng UM,MIỀN TRUNG,Gạch 60x60 MS 5716 Loại 1,783,0.261,7.830000000000001,0.34075170601326876,2.1677517060132687,61.73005750847799,775.17,SURPLUS,LOW,0.0,Viên
10.L1.6060.5716.7,66,Chi nhánh Đà Nẵng UM,MIỀN TRUNG,Gạch 60x60 MS 5716 Loại 1,875,0.2916666666666667,8.75,0.38078894350141795,2.4224556101680847,65.25590650150632,866.25,SURPLUS,LOW,0.0,Viên
10.L1.6060.5717.4,66,Chi nhánh Đà Nẵng UM,MIỀN TRUNG,Gạch 60x60 MS 5717 Loại 1,695,0.23166666666666666,6.949999999999998,0.3024552179811262,1.9241218846477928,58.157831229623184,688.05,SURPLUS,LOW,0.0,Viên
10.L1.6060.5717.5,66,Chi nhánh Đà Nẵng UM,MIỀN TRUNG,Gạch 60x60 MS 5717 Loại 1,915,0.305,9.149999999999999,0.3981964380614827,2.5331964380614824,66.73080248281148,905.85,SURPLUS,LOW,0.0,Viên
10.L1.6060.6103.1,66,Chi nhánh Đà Nẵng UM,MIỀN TRUNG,Gạch 60x60 MS 6103 loại 1,4536,1.512,45.36,1.9740098831113504,12.55800988311135,148.57725263309993,4490.64,SURPLUS,LOW,0.0,Viên
10.L1.6060.6103.2,66,Chi nhánh Đà Nẵng UM,MIỀN TRUNG,Gạch 60x60 MS 6103 loại 1,3631,1.2103333333333335,36.309999999999995,1.5801653186898839,10.05249865202322,132.93181209427135,3594.69,SURPLUS,LOW,0.0,Viên
10.L1.6060.6103.6,66,Chi nhánh Đà Nẵng UM,MIỀN TRUNG,Gạch 60x60 MS 6103 loại 1,1771,0.5903333333333334,17.71,0.7707168216468699,4.903050154980203,92.83785147592907,1753.29,SURPLUS,LOW,0.0,Viên
10.L1.6060.6157.1,66,Chi nhánh Đà Nẵng UM,MIỀN TRUNG,Gạch 60x60 MS 6157 loại 1,1270,0.4233333333333334,12.700000000000005,0.552687952282058,3.516021285615392,78.61721609588238,1257.3,SURPLUS,LOW,0.0,Viên
10.L1.6060.6157.3,66,Chi nhánh Đà Nẵng UM,MIỀN TRUNG,Gạch 60x60 MS 6157 loại 1,4452,1.4840000000000002,44.52000000000002,1.9374541445352145,12.325454144535216,147.195108614383,4407.48,SURPLUS,LOW,0.0,Viên
10.L1.6060.6157.8,66,Chi nhánh Đà Nẵng UM,MIỀN TRUNG,Gạch 60x60 MS 6157 loại 1,4704,1.568,47.03999999999999,2.0471213602636227,13.023121360263623,151.3036681643905,4656.96,SURPLUS,LOW,0.0,Viên
10.L1.6060.6157.9,66,Chi nhánh Đà Nẵng UM,MIỀN TRUNG,Gạch 60x60 MS 6157 loại 1,747,0.249,7.469999999999998,0.3250849609092105,2.0680849609092102,60.29427833551041,739.53,SURPLUS,LOW,0.0,Viên
10.L1.6060.6158.1,66,Chi nhánh Đà Nẵng UM,MIỀN TRUNG,Gạch 60x60 MS 6158 loại 1,3541,1.1803333333333335,35.41000000000001,1.540998455929738,9.803331789263073,131.27401367622866,3505.59,SURPLUS,LOW,0.0,Viên
10.L1.6060.6158.4,66,Chi nhánh Đà Nẵng UM,MIỀN TRUNG,Gạch 60x60 MS 6158 loại 1,1280,0.4266666666666667,12.799999999999995,0.5570398259220742,3.543706492588741,78.92612579705997,1267.2,SURPLUS,LOW,0.0,Viên
10.L1.6060.6158.8,66,Chi nhánh Đà Nẵng UM,MIỀN TRUNG,Gạch 60x60 MS 6158 loại 1,8960,2.986666666666667,89.6,3.8992787814545196,24.805945448121186,208.8189008048202,8870.4,SURPLUS,LOW,0.0,Viên
10.L1.6060.6158.9,66,Chi nhánh Đà Nẵng UM,MIỀN TRUNG,Gạch 60x60 MS 6158 loại 1,4536,1.512,45.36,1.9740098831113504,12.55800988311135,148.57725263309993,4490.64,SURPLUS,LOW,0.0,Viên
10.L1.6060.6159.3,66,Chi nhánh Đà Nẵng UM,MIỀN TRUNG,Gạch 60x60 MS 6159 loại 1,3360,1.12,33.6,1.4622295430454448,9.302229543045446,127.87493890516625,3326.4,SURPLUS,LOW,0.0,Viên
10.L1.6060.6162.6,66,Chi nhánh Đà Nẵng UM,MIỀN TRUNG,Gạch 60x60 MS 6162 loại 1,1920,0.64,19.200000000000003,0.8355597388831113,5.3155597388831115,96.66436778875658,1900.8,SURPLUS,LOW,0.0,Viên
10.L1.6060.6162.7,66,Chi nhánh Đà Nẵng UM,MIỀN TRUNG,Gạch 60x60 MS 6162 loại 1,2000,216.0,6480.0,1132.4240851138588,2644.424085113859,1775.8378304338491,-4480.0,URGENT_RESTOCK,HIGH,1775.8378304338491,Viên
10.L1.8080.5893.4,66,Chi nhánh Đà Nẵng UM,MIỀN TRUNG,Gạch 80x80 MS 5893 loại 1,592,0.19733333333333333,5.919999999999997,0.2576309194889593,1.6389642528222925,53.67556861987274,586.08,SURPLUS,LOW,0.0,Viên
10.L1.8080.5894.2,66,Chi nhánh Đà Nẵng UM,MIỀN TRUNG,Gạch 80x80 MS 5894 loại 1,2100,0.7,20.999999999999993,0.9138934644034029,5.813893464403402,101.09401564880089,2079.0,SURPLUS,LOW,0.0,Viên
10.L1.8080.5894.7,66,Chi nhánh Đà Nẵng UM,MIỀN TRUNG,Gạch 80x80 MS 5894 loại 1,623,0.2076666666666667,6.2299999999999995,0.2711217277730096,1.7247883944396765,55.06299422782359,616.77,SURPLUS,LOW,0.0,Viên
10.L1.8080.5898.6,66,Chi nhánh Đà Nẵng UM,MIỀN TRUNG,Gạch 80x80 MS 5898 loại 1,588,0.196,5.879999999999999,0.25589017003295284,1.6278901700329529,53.49392488871984,582.12,SURPLUS,LOW,0.0,Viên
10.L1.8080.5899.6,66,Chi nhánh Đà Nẵng UM,MIỀN TRUNG,Gạch 80x80 MS 5899 loại 1,1465,0.48833333333333334,14.65,0.637549488262374,4.0558828215957075,84.43735350345052,1450.35,SURPLUS,LOW,0.0,Viên
12.L1.3030.3014.2,66,Chi nhánh Đà Nẵng UM,MIỀN TRUNG,Gạch 30x30 MS 3014 Loại 1,13860,4.62,138.60000000000002,6.031696865062459,38.37169686506246,259.71522866401193,13721.4,SURPLUS,LOW,0.0,Viên
12.L1.3030.3015.3,66,Chi nhánh Đà Nẵng UM,MIỀN TRUNG,Gạch 30x30 MS 3015 Loại 1,18480,6.16,184.79999999999998,8.042262486749946,51.16226248674995,299.893314363625,18295.2,SURPLUS,LOW,0.0,Viên
12.L1.3030.3015.4,66,Chi nhánh Đà Nẵng UM,MIỀN TRUNG,Gạch 30x30 MS 3015 Loại 1,15400,5.133333333333334,153.99999999999997,6.701885405624956,42.635218738958294,273.76388853657573,15246.0,SURPLUS,LOW,0.0,Viên
12.L1.3030.3302.13,66,Chi nhánh Đà Nẵng UM,MIỀN TRUNG,Gạch 30x30 MS 3302 Loại 1,5236,1.7453333333333334,52.360000000000014,2.2786410379124846,14.495974371245818,159.6304064602564,5183.64,SURPLUS,LOW,0.0,Viên
12.L1.3030.3404.1,66,Chi nhánh Đà Nẵng UM,MIỀN TRUNG,Gạch 30x30 MS 3404 Loại 1,15400,5.133333333333334,153.99999999999997,6.701885405624956,42.635218738958294,273.76388853657573,15246.0,SURPLUS,LOW,0.0,Viên
12.L1.3030.3405.1,66,Chi nhánh Đà Nẵng UM,MIỀN TRUNG,Gạch 30x30 MS 3405 Loại 1,15400,5.133333333333334,153.99999999999997,6.701885405624956,42.635218738958294,273.76388853657573,15246.0,SURPLUS,LOW,0.0,Viên
12.L1.3030.3407.1,66,Chi nhánh Đà Nẵng UM,MIỀN TRUNG,Gạch 30x30 MS 3407 Loại 1,7700,2.566666666666667,76.99999999999999,3.350942702812478,21.317609369479147,193.58030202821087,7623.0,SURPLUS,LOW,0.0,Viên
12.L1.5050.U5007.1,66,Chi nhánh Đà Nẵng UM,MIỀN TRUNG,Gạch 50x50 MS U5007 Loại 1,9408,3.136,94.07999999999998,4.094242720527245,26.046242720527246,213.97569955487936,9313.92,SURPLUS,LOW,0.0,Viên
12.L1.5050.U5008.1,66,Chi nhánh Đà Nẵng UM,MIỀN TRUNG,Gạch 50x50 MS U5008 Loại 1,9408,3.136,94.07999999999998,4.094242720527245,26.046242720527246,213.97569955487936,9313.92,SURPLUS,LOW,0.0,Viên
12.L1.5050.U5009.1,66,Chi nhánh Đà Nẵng UM,MIỀN TRUNG,Gạch 50x50 MS U5009 Loại 1,9408,3.136,94.07999999999998,4.094242720527245,26.046242720527246,213.97569955487936,9313.92,SURPLUS,LOW,0.0,Viên
15.L1.6060.6605.6,66,Chi nhánh Đà Nẵng UM,MIỀN TRUNG,Gạch 60x60 MS 6605 loại 1,4312,1.4373333333333334,43.12000000000001,1.8765279135749875,11.937861246908321,144.86223340355713,4268.88,SURPLUS,LOW,0.0,Viên
15.L1.6060.6605.7,66,Chi nhánh Đà Nẵng UM,MIỀN TRUNG,Gạch 60x60 MS 6605 loại 1,1702,0.5673333333333334,17.020000000000003,0.7406888935307581,4.712022226864091,91.01135460296516,1684.98,SURPLUS,LOW,0.0,Viên
15.L1.6060.6605.8,66,Chi nhánh Đà Nẵng UM,MIỀN TRUNG,Gạch 60x60 MS 6605 loại 1,1680,0.56,16.8,0.7311147715227224,4.651114771522723,90.42123644365851,1663.2,SURPLUS,LOW,0.0,Viên
20.L1.1580.91153.6,66,Chi nhánh Đà Nẵng UM,MIỀN TRUNG,Gạch 15x80 MS 91153 Loại 1,1747,12.0,360.0,24.617914893779542,108.61791489377954,418.568990729127,1387.0,SURPLUS,LOW,0.0,Viên
20.L1.1580.91154.4,66,Chi nhánh Đà Nẵng UM,MIỀN TRUNG,Gạch 15x80 MS 91154 Loại 1,609,0.20299999999999999,6.090000000000002,0.2650291046769868,1.6860291046769866,54.44079352838274,602.91,SURPLUS,LOW,0.0,Viên
20.L1.3030.U81101.1,66,Chi nhánh Đà Nẵng UM,MIỀN TRUNG,Gạch 30x30 MS U81101 Loại 1,1946,0.6486666666666667,19.460000000000004,0.8468746103471535,5.3875412770138205,97.31666523948164,1926.54,SURPLUS,LOW,0.0,Viên
20.L1.3030.U81101.2,66,Chi nhánh Đà Nẵng UM,MIỀN TRUNG,Gạch 30x30 MS U81101 Loại 1,154,0.1,3.000000000000001,0.13055620920048613,0.8305562092004862,38.2099463490856,151.0,SURPLUS,LOW,0.0,Viên
20.L1.3030.U81101.5,66,Chi nhánh Đà Nẵng UM,MIỀN TRUNG,Gạch 30x30 MS U81101 Loại 1,601,0.20033333333333334,6.009999999999998,0.26154760576497393,1.6638809390983074,54.08203645080931,594.99,SURPLUS,LOW,0.0,Viên
20.L1.3030.U81102.6,66,Chi nhánh Đà Nẵng UM,MIỀN TRUNG,Gạch 30x30 MS U81102 Loại 1,915,38.5,1155.0,33.84963297894687,303.3496329789469,749.7332859090625,-240.0,RESTOCK,MEDIUM,749.7332859090625,Viên
20.L1.3030.U81103.2,66,Chi nhánh Đà Nẵng UM,MIỀN TRUNG,Gạch 30x30 MS U81103 Loại 1,607,0.20233333333333334,6.070000000000002,0.2641587299489836,1.680492063282317,54.35132626410019,600.93,SURPLUS,LOW,0.0,Viên
20.L1.3030.U81103.6,66,Chi nhánh Đà Nẵng UM,MIỀN TRUNG,Gạch 30x30 MS U81103 Loại 1,1265,0.4216666666666667,12.650000000000002,0.5505120154620499,3.5021786821287164,78.46230517473556,1252.35,SURPLUS,LOW,0.0,Viên
20.L1.3030.U81104.2,66,Chi nhánh Đà Nẵng UM,MIỀN TRUNG,Gạch 30x30 MS U81104 Loại 1,646,0.21533333333333332,6.460000000000001,0.2811310371450468,1.78846437047838,56.07019410227386,639.54,SURPLUS,LOW,0.0,Viên
20.L1.3030.U81104.5,66,Chi nhánh Đà Nẵng UM,MIỀN TRUNG,Gạch 30x30 MS U81104 Loại 1,766,0.25533333333333336,7.660000000000002,0.33335352082524133,2.1206868541585746,61.05625821049524,758.34,SURPLUS,LOW,0.0,Viên
20.L1.3030.U81105.2,66,Chi nhánh Đà Nẵng UM,MIỀN TRUNG,Gạch 30x30 MS U81105 Loại 1,673,68.66666666666667,1957.0,174.36482914133856,655.0314958080053,1001.2658654589866,-1284.0,RESTOCK,MEDIUM,1001.2658654589866,Viên
20.L1.3030.U81105.5,66,Chi nhánh Đà Nẵng UM,MIỀN TRUNG,Gạch 30x30 MS U81105 Loại 1,1122,0.374,11.220000000000002,0.4882802224098181,3.106280222409818,73.89451941788376,1110.78,SURPLUS,LOW,0.0,Viên
20.L1.3030.U81105.6,66,Chi nhánh Đà Nẵng UM,MIỀN TRUNG,Gạch 30x30 MS U81105 Loại 1,4620,1.54,46.199999999999996,2.0105656216874865,12.790565621687488,149.9466571818125,4573.8,SURPLUS,LOW,0.0,Viên
20.L1.3030.U81106.2,66,Chi nhánh Đà Nẵng UM,MIỀN TRUNG,Gạch 30x30 MS U81106 Loại 1,999,0.333,9.990000000000002,0.43475217663761884,2.7657521766376187,69.72660898107695,989.01,SURPLUS,LOW,0.0,Viên
20.L1.3030.U81106.4,66,Chi nhánh Đà Nẵng UM,MIỀN TRUNG,Gạch 30x30 MS U81106 Loại 1,994,0.3313333333333333,9.94,0.43257623981761073,2.751909573150944,69.55189908742008,984.06,SURPLUS,LOW,0.0,Viên
20.L1.6060.A89606.1,66,Chi nhánh Đà Nẵng UM,MIỀN TRUNG,Gạch 60x60 MS A89606 loại 1 5 Viên,840,0.28,8.4,0.3655573857613612,2.3255573857613614,63.93746945258312,831.6,SURPLUS,LOW,0.0,Viên
20.L1.6060.A89651.1,66,Chi nhánh Đà Nẵng UM,MIỀN TRUNG,Gạch 60x60 MS A89651 loại 1 5 Viên,2716,0.9053333333333333,27.16000000000001,1.1819688806284012,7.519302213961735,114.96898132394958,2688.84,SURPLUS,LOW,0.0,Viên
20.L1.6060.A89652.1,66,Chi nhánh Đà Nẵng UM,MIỀN TRUNG,Gạch 60x60 MS A89652 loại 1 5 Viên,2716,0.9053333333333333,27.16000000000001,1.1819688806284012,7.519302213961735,114.96898132394958,2688.84,SURPLUS,LOW,0.0,Viên
20.L1.6060.A89653.1,66,Chi nhánh Đà Nẵng UM,MIỀN TRUNG,Gạch 60x60 MS A89653 loại 1 5 Viên,2386,0.7953333333333333,23.859999999999992,1.0383570505078663,6.6056903838412,107.75837167787321,2362.14,SURPLUS,LOW,0.0,Viên
20.L1.6060.A89654.1,66,Chi nhánh Đà Nẵng UM,MIỀN TRUNG,Gạch 60x60 MS A89654 loại 1 5 Viên,1582,172.5,5175.0,261.5653457464077,1469.0653457464077,1586.9782607206691,-3593.0,RESTOCK,MEDIUM,1586.9782607206691,Viên
20.L1.6060.A89655.1,66,Chi nhánh Đà Nẵng UM,MIỀN TRUNG,Gạch 60x60 MS A89655 loại 1 5 Viên,994,0.3313333333333333,9.94,0.43257623981761073,2.751909573150944,69.55189908742008,984.06,SURPLUS,LOW,0.0,Viên
20.L1.6060.A89656.1,66,Chi nhánh Đà Nẵng UM,MIỀN TRUNG,Gạch 60x60 MS A89656 loại 1 5 Viên,1937,84.0,2520.0,246.1791489377954,834.1791489377954,1107.4294559925702,-583.0,RESTOCK,MEDIUM,1107.4294559925702,Viên
20.L1.6060.A89657.1,66,Chi nhánh Đà Nẵng UM,MIỀN TRUNG,Gạch 60x60 MS A89657 loại 1 5 Viên,2124,0.7080000000000001,21.23999999999999,0.9243379611394419,5.880337961139443,101.6700545883595,2102.76,SURPLUS,LOW,0.0,Viên
20.L1.8080.89802.1,66,Chi nhánh Đà Nẵng UM,MIỀN TRUNG,Gạch 80x80 MS 89802 loại 1,915,0.305,9.149999999999999,0.3981964380614827,2.5331964380614824,66.73080248281148,905.85,SURPLUS,LOW,0.0,Viên
20.L1.8080.89803.1,66,Chi nhánh Đà Nẵng UM,MIỀN TRUNG,Gạch 80x80 MS 89803 loại 1,1057,0.35233333333333333,10.570000000000004,0.4599930437497129,2.9263263770830465,71.72214906614738,1046.43,SURPLUS,LOW,0.0,Viên
20.L1.8080.89804.1,66,Chi nhánh Đà Nẵng UM,MIỀN TRUNG,Gạch 80x80 MS 89804 loại 1,56,0.1,3.000000000000001,0.13055620920048613,0.8305562092004862,38.2099463490856,53.0,OK,LOW,0.0,Viên
20.L1.8080.89805.1,66,Chi nhánh Đà Nẵng UM,MIỀN TRUNG,Gạch 80x80 MS 89805 loại 1,1969,86.5,2595.0,292.33773936363207,897.8377393636321,1123.7882362794157,-626.0,RESTOCK,MEDIUM,1123.7882362794157,Viên
20.L1.8080.89806.1,66,Chi nhánh Đà Nẵng UM,MIỀN TRUNG,Gạch 80x80 MS 89806 loại 1,950,0.31666666666666665,9.499999999999998,0.4134279958015394,2.6300946624682062,67.99509786251751,940.5,SURPLUS,LOW,0.0,Viên
20.L1.8080.89807.1,66,Chi nhánh Đà Nẵng UM,MIỀN TRUNG,Gạch 80x80 MS 89807 loại 1,1260,0.42,12.6,0.5483360786420418,3.4883360786420416,78.30708780180757,1247.4,SURPLUS,LOW,0.0,Viên
20.L1.8080.89851.1,66,Chi nhánh Đà Nẵng UM,MIỀN TRUNG,Gạch 80x80 MS 89851 loại 1,921,0.30700000000000005,9.210000000000003,0.4008075622454925,2.549807562245493,66.94923449898438,911.79,SURPLUS,LOW,0.0,Viên
20.L1.8080.89852.1,66,Chi nhánh Đà Nẵng UM,MIỀN TRUNG,Gạch 80x80 MS 89852 loại 1,112,0.1,3.000000000000001,0.13055620920048613,0.8305562092004862,38.2099463490856,109.0,SURPLUS,LOW,0.0,Viên
20.L1.8080.89853.1,66,Chi nhánh Đà Nẵng UM,MIỀN TRUNG,Gạch 80x80 MS 89853 loại 1,1060,0.35333333333333333,10.600000000000001,0.4612986058417177,2.934631939175051,71.8238586172218,1049.4,SURPLUS,LOW,0.0,Viên
20.L1.8080.89854.1,66,Chi nhánh Đà Nẵng UM,MIỀN TRUNG,Gạch 80x80 MS 89854 loại 1,2442,0.8140000000000001,24.42,1.0627275428919571,6.760727542891957,109.01559521462973,2417.58,SURPLUS,LOW,0.0,Viên
20.L1.8080.89855.1,66,Chi nhánh Đà Nẵng UM,MIỀN TRUNG,Gạch 80x80 MS 89855 loại 1,738,0.246,7.380000000000003,0.32116827463319586,2.043168274633196,59.92995911895819,730.62,SURPLUS,LOW,0.0,Viên
20.L1.8080.89856.1,66,Chi nhánh Đà Nẵng UM,MIỀN TRUNG,Gạch 80x80 MS 89856 loại 1,1720,0.5733333333333334,17.200000000000006,0.7485222660827873,4.761855599416121,91.49134749617949,1702.8,SURPLUS,LOW,0.0,Viên
20.L1.8080.89857.1,66,Chi nhánh Đà Nẵng UM,MIỀN TRUNG,Gạch 80x80 MS 89857 loại 1,914,0.3046666666666667,9.139999999999999,0.3977612506974812,2.5304279173641477,66.69432759488122,904.86,SURPLUS,LOW,0.0,Viên
20.L1.8080.89858.1,66,Chi nhánh Đà Nẵng UM,MIỀN TRUNG,Gạch 80x80 MS 89858 loại 1,1423,0.47433333333333333,14.230000000000004,0.6192716189743058,3.939604952307639,83.21818711475674,1408.77,SURPLUS,LOW,0.0,Viên
20.L1.8080.91852.5,66,Chi nhánh Đà Nẵng UM,MIỀN TRUNG,Gạch 80x80 MS 91852 loại 1,532,0.17733333333333334,5.32,0.2315196776488621,1.4728530109821956,50.88287203634114,526.68,SURPLUS,LOW,0.0,Viên
20.L1.8080.91854.4,66,Chi nhánh Đà Nẵng UM,MIỀN TRUNG,Gạch 80x80 MS 91854 loại 1,814,89.0,2670.0,123.0895744688977,746.0895744688977,1139.9122773266372,-1856.0,RESTOCK,MEDIUM,1139.9122773266372,Viên
20.L1.8080.91856.1,66,Chi nhánh Đà Nẵng UM,MIỀN TRUNG,Gạch 80x80 MS 91856 loại 1,1036,0.3453333333333333,10.359999999999996,0.4508541091056788,2.868187442439012,71.00610302408285,1025.64,SURPLUS,LOW,0.0,Viên
20.L1.8080.91856.2,66,Chi nhánh Đà Nẵng UM,MIỀN TRUNG,Gạch 80x80 MS 91856 loại 1,392,0.13066666666666665,3.9199999999999986,0.1705934466886352,1.0852601133553017,43.677606772044335,388.08,SURPLUS,LOW,0.0,Viên
20.L1.8080.91856.5,66,Chi nhánh Đà Nẵng UM,MIỀN TRUNG,Gạch 80x80 MS 91856 loại 1,696,0.232,6.960000000000002,0.3028904053451278,1.926890405345128,58.19965635637379,689.04,SURPLUS,LOW,0.0,Viên
20.L1.8080.91860.1,66,Chi nhánh Đà Nẵng UM,MIỀN TRUNG,Gạch 80x80 MS 91860 loại 1,2254,0.7513333333333333,22.54000000000001,0.9809123184596525,6.240245651792986,104.73522171011368,2231.46,SURPLUS,LOW,0.0,Viên
20.L1.8080.91860.5,66,Chi nhánh Đà Nẵng UM,MIỀN TRUNG,Gạch 80x80 MS 91860 loại 1,769,0.25633333333333336,7.6899999999999995,0.33465908291724616,2.1289924162505796,61.17570323802308,761.31,SURPLUS,LOW,0.0,Viên
21.C100.DG.MPECO.00,66,Chi nhánh Đà Nẵng UM,MIỀN TRUNG,Keo dán gạch Mapetile Eco Xám,12367,4.122333333333334,123.66999999999999,5.381962130608041,34.23829546394138,245.32848727097854,12243.33,SURPLUS,LOW,0.0,Kg
21.C100.DG.UNIECO.00,66,Chi nhánh Đà Nẵng UM,MIỀN TRUNG,Keo dán gạch Mapetile Uni Eco Xám,5250,1.75,52.5,2.2847336610085076,14.534733661008508,159.84367363145782,5197.5,SURPLUS,LOW,0.0,Kg
21.C100.DG.UNISET.00,66,Chi nhánh Đà Nẵng UM,MIỀN TRUNG,Keo dán gạch UniSet C1 Xám,6317,2.1056666666666666,63.16999999999999,2.7490785783982363,17.4887452450649,175.33605828047274,6253.83,SURPLUS,LOW,0.0,Kg
21.CG1.CR.SF-CLASSIC.00,66,Chi nhánh Đà Nẵng UM,MIỀN TRUNG,Bột trét  Keracolor SF CLASSIC Trắng,14,0.1,3.000000000000001,0.13055620920048613,0.8305562092004862,38.2099463490856,11.0,OK,LOW,0.0,Kg
22.C100.DG.TPRO2.00,66,Chi nhánh Đà Nẵng UM,MIỀN TRUNG,Keo dán gạch KKS TilePro X2 C1,5677,1.8923333333333334,56.77,2.4705586654371996,15.716891998770533,166.21692653477464,5620.23,SURPLUS,LOW,0.0,Kg
22.CGIW.CR.JOINT.00,66,Chi nhánh Đà Nẵng UM,MIỀN TRUNG,Bột trét KKS TileJoint CGIW Trắng,621,47.0,1480.4999999999995,258.7322164649481,587.7322164649481,828.3718971573094,-859.4999999999995,RESTOCK,MEDIUM,828.3718971573094,Kg
23.L1.5050.U6622.5,66,Chi nhánh Đà Nẵng UM,MIỀN TRUNG,Gạch 50x50 MS U6622 loại 1,2800,0.9333333333333333,28.0,1.2185246192045371,7.75185795253787,116.73331429659088,2772.0,SURPLUS,LOW,0.0,Viên
25.L1.3060.FP936604.1,66,Chi nhánh Đà Nẵng UM,MIỀN TRUNG,Gạch 30x60 MS FP936604 Loại 1,1946,0.6486666666666667,19.460000000000004,0.8468746103471535,5.3875412770138205,97.31666523948164,1926.54,SURPLUS,LOW,0.0,Viên
25.L1.3060.FP936604.3,66,Chi nhánh Đà Nẵng UM,MIỀN TRUNG,Gạch 30x60 MS FP936604 Loại 1,959,64.0,1920.0,86.1627021282284,534.1627021282284,966.6436778875658,-961.0,RESTOCK,MEDIUM,966.6436778875658,Viên
25.L1.3060.FP936605.3,66,Chi nhánh Đà Nẵng UM,MIỀN TRUNG,Gạch 30x60 MS FP936605 Loại 1,1405,98.66666666666667,3107.9999999999995,259.9978943153039,950.6645609819707,1200.2222016499002,-1702.9999999999995,RESTOCK,MEDIUM,1200.2222016499002,Viên
25.L1.3060.FP936607.1,66,Chi nhánh Đà Nẵng UM,MIỀN TRUNG,Gạch 30x60 MS FP936607 Loại 1,3080,1.0266666666666666,30.800000000000004,1.340377081124991,8.527043747791657,122.43093291049175,3049.2,SURPLUS,LOW,0.0,Viên
25.L1.4080.FP948601V.1,66,Chi nhánh Đà Nẵng UM,MIỀN TRUNG,Gạch 40x80 MS FP948601V Loại 1 5 Viên,280,0.1,3.000000000000001,0.13055620920048613,0.8305562092004862,38.2099463490856,277.0,SURPLUS,LOW,0.0,Viên
25.L1.6060.FP96606.2,66,Chi nhánh Đà Nẵng UM,MIỀN TRUNG,Gạch 60x60 MS FP96606 Loại 1,2464,0.8213333333333334,24.63999999999999,1.0723016648999928,6.821634998233327,109.5055554146303,2439.36,SURPLUS,LOW,0.0,Viên
25.L1.6060.FP96666.2,66,Chi nhánh Đà Nẵng UM,MIỀN TRUNG,Gạch 60x60 MS FP96666 Loại 1,173,0.1,3.000000000000001,0.13055620920048613,0.8305562092004862,38.2099463490856,170.0,SURPLUS,LOW,0.0,Viên
25.L1.6060.FPU6016.3,66,Chi nhánh Đà Nẵng UM,MIỀN TRUNG,Gạch 60x60 MS FPU6016 Loại 1,266,0.1,3.000000000000001,0.13055620920048613,0.8305562092004862,38.2099463490856,263.0,SURPLUS,LOW,0.0,Viên
25.L1.6060.FPU966003.4,66,Chi nhánh Đà Nẵng UM,MIỀN TRUNG,Gạch 60x60 MS FPU966003 loại 1,661,0.22033333333333335,6.610000000000001,0.28765884760507116,1.8299921809384048,56.71742824447056,654.39,SURPLUS,LOW,0.0,Viên
25.L1.6060.FPU966003.6,66,Chi nhánh Đà Nẵng UM,MIỀN TRUNG,Gạch 60x60 MS FPU966003 loại 1,777,0.259,7.770000000000002,0.3381405818292591,2.1511405818292593,61.493089042590796,769.23,SURPLUS,LOW,0.0,Viên
25.L1.6060.FPU966003.7,66,Chi nhánh Đà Nẵng UM,MIỀN TRUNG,Gạch 60x60 MS FPU966003 loại 1,1792,0.5973333333333334,17.92000000000001,0.7798557562909039,4.961189089624238,93.38665143727269,1774.08,SURPLUS,LOW,0.0,Viên
25.L1.6060.FPU966013.1,66,Chi nhánh Đà Nẵng UM,MIỀN TRUNG,Gạch 60x60 MS FPU966013 Loại 1,1582,0.5273333333333333,15.819999999999997,0.6884664098505635,4.379799743183897,87.7443255525203,1566.18,SURPLUS,LOW,0.0,Viên
25.L1.8080.FP18600.2,66,Chi nhánh Đà Nẵng UM,MIỀN TRUNG,Gạch 80x80 MS FP18600 Loại 1,316,0.10533333333333333,3.1599999999999997,0.13751920702451206,0.8748525403578454,39.215643137231176,312.84,SURPLUS,LOW,0.0,Viên
25.L1.8080.FP18604.4,66,Chi nhánh Đà Nẵng UM,MIỀN TRUNG,Gạch 80x80 MS FP18604 Loại 1,3122,1.0406666666666669,31.220000000000006,1.3586549504130594,8.643321617079728,123.26286275003245,3090.78,SURPLUS,LOW,0.0,Viên
25.L1.8080.FP18606.1,66,Chi nhánh Đà Nẵng UM,MIỀN TRUNG,Gạch 80x80 MS FP18606 Loại 1,2478,0.8260000000000001,24.780000000000005,1.0783942879960156,6.860394287996016,109.81621009668837,2453.22,SURPLUS,LOW,0.0,Viên
25.L1.8080.FPU188003.3,66,Chi nhánh Đà Nẵng UM,MIỀN TRUNG,Gạch 80x80 MS FPU188003 Loại 1,366,0.12200000000000001,3.6599999999999997,0.1592785752245931,1.0132785752245932,42.20426518730068,362.34,SURPLUS,LOW,0.0,Viên
25.L1.8080.FPU188003.5,66,Chi nhánh Đà Nẵng UM,MIỀN TRUNG,Gạch 80x80 MS FPU188003 Loại 1,1470,0.49000000000000005,14.700000000000003,0.6397254250823822,4.069725425082383,84.58132181516201,1455.3,SURPLUS,LOW,0.0,Viên
25.L1.8080.FPU188005.2,66,Chi nhánh Đà Nẵng UM,MIỀN TRUNG,Gạch 80x80 MS FPU188005 Loại 1,336,0.112,3.3600000000000008,0.14622295430454446,0.9302229543045445,40.43760625952036,332.64,SURPLUS,LOW,0.0,Viên
25.L1.8080.FPU188013.3,66,Chi nhánh Đà Nẵng UM,MIỀN TRUNG,Gạch 80x80 MS FPU188013 Loại 1,1088,0.3626666666666667,10.879999999999995,0.47348385203376314,3.01215051870043,72.76629256278854,1077.12,SURPLUS,LOW,0.0,Viên
25.L1.8080.FPU188017.2,66,Chi nhánh Đà Nẵng UM,MIỀN TRUNG,Gạch 80x80 MS FPU188017 Loại 1,514,0.1713333333333333,5.139999999999998,0.2236863050968329,1.423019638430166,50.014664516186315,508.86,SURPLUS,LOW,0.0,Viên
29.L1.3060.FC3622.11,66,Chi nhánh Đà Nẵng UM,MIỀN TRUNG,Gạch 30x60 MS FC3622 Loại 1,892,0.29733333333333334,8.919999999999998,0.3881871286894455,2.469520462022779,65.88677156050876,883.08,SURPLUS,LOW,0.0,Viên
29.L1.3060.FC3622.12,66,Chi nhánh Đà Nẵng UM,MIỀN TRUNG,Gạch 30x60 MS FC3622 Loại 1,2579,0.8596666666666667,25.789999999999996,1.1223482117601793,7.140014878426847,112.03184071206424,2553.21,SURPLUS,LOW,0.0,Viên
29.L1.3060.FC3622V.11,66,Chi nhánh Đà Nẵng UM,MIỀN TRUNG,Gạch 30x60 MS FC3622V Loại 1,224,0.1,3.000000000000001,0.13055620920048613,0.8305562092004862,38.2099463490856,221.0,SURPLUS,LOW,0.0,Viên
29.L1.3060.FC3622V.12,66,Chi nhánh Đà Nẵng UM,MIỀN TRUNG,Gạch 30x60 MS FC3622V Loại 1,1085,0.36166666666666664,10.849999999999998,0.47217828994175814,3.0038449566084244,72.66590213665094,1074.15,SURPLUS,LOW,0.0,Viên
29.L1.3060.FC3623.10,66,Chi nhánh Đà Nẵng UM,MIỀN TRUNG,Gạch 30x60 MS FC3623 Loại 1,1438,0.47933333333333333,14.379999999999997,0.6257994294343302,3.9811327627676634,83.65564336413095,1423.62,SURPLUS,LOW,0.0,Viên
29.L1.3060.FC3623D.04,66,Chi nhánh Đà Nẵng UM,MIỀN TRUNG,Gạch 30x60 MS FC3623D Loại 1,452,0.15066666666666667,4.5200000000000005,0.19670468852873246,1.251371355195399,46.9013148358693,447.48,SURPLUS,LOW,0.0,Viên
29.L1.3060.FC3623V.10,66,Chi nhánh Đà Nẵng UM,MIỀN TRUNG,Gạch 30x60 MS FC3623V Loại 1,1008,0.336,10.080000000000002,0.43866886291363344,2.7906688629136336,70.03998857795453,997.92,SURPLUS,LOW,0.0,Viên
29.L1.3060.FC3636.03,66,Chi nhánh Đà Nẵng UM,MIỀN TRUNG,Gạch 30x60 MS FC3636 Loại 1,765,0.255,7.6499999999999995,0.33291833346123967,2.11791833346124,61.0163912403872,757.35,SURPLUS,LOW,0.0,Viên
29.L1.3060.FC3636D.03,66,Chi nhánh Đà Nẵng UM,MIỀN TRUNG,Gạch 30x60 MS FC3636D Loại 1,290,0.1,3.000000000000001,0.13055620920048613,0.8305562092004862,38.2099463490856,287.0,SURPLUS,LOW,0.0,Viên
29.L1.3060.FC3637.03,66,Chi nhánh Đà Nẵng UM,MIỀN TRUNG,Gạch 30x60 MS FC3637 Loại 1,823,61.0,1830.0,67.69926595789374,494.6992659578938,943.7160589923221,-1007.0,RESTOCK,MEDIUM,943.7160589923221,Viên
29.L1.3060.FC3638.02,66,Chi nhánh Đà Nẵng UM,MIỀN TRUNG,Gạch 30x60 MS FC3638 Loại 1,1223,0.4076666666666667,12.230000000000006,0.5322341461739818,3.3859008128406485,77.14877402352764,1210.77,SURPLUS,LOW,0.0,Viên
29.L1.3060.FC3638.03,66,Chi nhánh Đà Nẵng UM,MIỀN TRUNG,Gạch 30x60 MS FC3638 Loại 1,1132,0.37733333333333335,11.319999999999997,0.4926320960498344,3.1339654293831676,74.22308715397567,1120.68,SURPLUS,LOW,0.0,Viên
29.L1.3060.FC3638D.02,66,Chi nhánh Đà Nẵng UM,MIỀN TRUNG,Gạch 30x60 MS FC3638D Loại 1,392,0.13066666666666665,3.9199999999999986,0.1705934466886352,1.0852601133553017,43.677606772044335,388.08,SURPLUS,LOW,0.0,Viên
29.L1.3060.FC3639.02,66,Chi nhánh Đà Nẵng UM,MIỀN TRUNG,Gạch 30x60 MS FC3639 Loại 1,784,0.2613333333333333,7.839999999999997,0.3411868933772704,2.1705202267106034,61.76946386902404,776.16,SURPLUS,LOW,0.0,Viên
29.L1.3060.FC3639.03,66,Chi nhánh Đà Nẵng UM,MIỀN TRUNG,Gạch 30x60 MS FC3639 Loại 1,797,0.26566666666666666,7.969999999999997,0.34684432910929147,2.206510995775958,62.27947762572622,789.03,SURPLUS,LOW,0.0,Viên
29.L1.3060.FC3640.01,66,Chi nhánh Đà Nẵng UM,MIỀN TRUNG,Gạch 30x60 MS FC3640 Loại 1,1190,0.39666666666666667,11.899999999999999,0.5178729631619283,3.294539629828595,76.1008103329612,1178.1,SURPLUS,LOW,0.0,Viên
29.L1.3060.FC3640D.01,66,Chi nhánh Đà Nẵng UM,MIỀN TRUNG,Gạch 30x60 MS FC3640D Loại 1,273,0.1,3.000000000000001,0.13055620920048613,0.8305562092004862,38.2099463490856,270.0,SURPLUS,LOW,0.0,Viên
29.L1.3060.FC3641.01,66,Chi nhánh Đà Nẵng UM,MIỀN TRUNG,Gạch 30x60 MS FC3641 Loại 1,492,0.164,4.919999999999998,0.21411218308879726,1.3621121830887974,48.93260671576776,487.08,SURPLUS,LOW,0.0,Viên
29.L1.3060.FC3641.03,66,Chi nhánh Đà Nẵng UM,MIỀN TRUNG,Gạch 30x60 MS FC3641 Loại 1,5635,1.8783333333333334,56.34999999999998,2.4522807961491315,15.600614129482466,165.60092592333737,5578.65,SURPLUS,LOW,0.0,Viên
29.L1.3060.FP936601.1,66,Chi nhánh Đà Nẵng UM,MIỀN TRUNG,Gạch 30x60 MS FP936601 Loại 1,1963,0.6543333333333333,19.630000000000003,0.854272795535181,5.434606128868514,97.74081372009682,1943.37,SURPLUS,LOW,0.0,Viên
29.L1.3060.FP936601D.1,66,Chi nhánh Đà Nẵng UM,MIỀN TRUNG,Gạch 30x60 MS FP936601D Loại 1,252,0.1,3.000000000000001,0.13055620920048613,0.8305562092004862,38.2099463490856,249.0,SURPLUS,LOW,0.0,Viên
29.L1.3060.FP936601V.1,66,Chi nhánh Đà Nẵng UM,MIỀN TRUNG,Gạch 30x60 MS FP936601V Loại 1,572,0.19066666666666665,5.7200000000000015,0.2489271722089269,1.5835938388755935,52.76109677909788,566.28,SURPLUS,LOW,0.0,Viên
29.L1.3060.FP936602.1,66,Chi nhánh Đà Nẵng UM,MIỀN TRUNG,Gạch 30x60 MS FP936602 Loại 1,1912,0.6373333333333334,19.120000000000008,0.8320782399710984,5.293411573304432,96.46277347592006,1892.8799999999999,SURPLUS,LOW,0.0,Viên
29.L1.3060.FP936602D.1,66,Chi nhánh Đà Nẵng UM,MIỀN TRUNG,Gạch 30x60 MS FP936602D Loại 1,538,0.17933333333333332,5.379999999999998,0.23413080183287177,1.489464135166205,51.16900103252619,532.62,SURPLUS,LOW,0.0,Viên
29.L1.3060.FP936602V.1,66,Chi nhánh Đà Nẵng UM,MIỀN TRUNG,Gạch 30x60 MS FP936602V Loại 1,524,0.17466666666666666,5.240000000000002,0.22803817873684912,1.4507048454035156,50.498844871277335,518.76,SURPLUS,LOW,0.0,Viên
29.L1.3060.FP936604.1,66,Chi nhánh Đà Nẵng UM,MIỀN TRUNG,Gạch 30x60 MS FP936604 Loại 1,1864,0.6213333333333334,18.64,0.8111892464990207,5.160522579832355,95.24424742033855,1845.36,SURPLUS,LOW,0.0,Viên
29.L1.3060.FP936604D.1,66,Chi nhánh Đà Nẵng UM,MIỀN TRUNG,Gạch 30x60 MS FP936604D Loại 1,173,19.5,585.0,40.004111702391754,176.50411170239175,533.572862878164,-412.0,URGENT_RESTOCK,HIGH,533.572862878164,Viên
29.L1.3060.FP936605.1,66,Chi nhánh Đà Nẵng UM,MIỀN TRUNG,Gạch 30x60 MS FP936605 Loại 1,676,0.22533333333333333,6.76,0.2941866580650954,1.8715199913984286,57.3573593069509,669.24,SURPLUS,LOW,0.0,Viên
29.L1.3060.FP936606.1,66,Chi nhánh Đà Nẵng UM,MIỀN TRUNG,Gạch 30x60 MS FP936606 Loại 1,1509,0.503,15.09,0.6566977322784453,4.177697732278445,85.69597423449949,1493.91,SURPLUS,LOW,0.0,Viên
29.L1.3060.FP936606D.1,66,Chi nhánh Đà Nẵng UM,MIỀN TRUNG,Gạch 30x60 MS FP936606D Loại 1,175,0.1,3.000000000000001,0.13055620920048613,0.8305562092004862,38.2099463490856,172.0,SURPLUS,LOW,0.0,Viên
29.L1.3060.FP936607.1,66,Chi nhánh Đà Nẵng UM,MIỀN TRUNG,Gạch 30x60 MS FP936607 Loại 1,1430,0.4766666666666667,14.3,0.6223179305223172,3.958984597188984,83.42261883526155,1415.7,SURPLUS,LOW,0.0,Viên
29.L1.3060.FUSC3643.01,66,Chi nhánh Đà Nẵng UM,MIỀN TRUNG,Gạch 30x60 MS FUSC3643 Loại 1,3986,1.3286666666666667,39.85999999999998,1.7346568329104592,11.035323499577126,139.27861764583008,3946.14,SURPLUS,LOW,0.0,Viên
29.L1.3060.FUSC3643D.01,66,Chi nhánh Đà Nẵng UM,MIỀN TRUNG,Gạch 30x60 MS FUSC3643D Loại 1,1372,0.45733333333333337,13.719999999999997,0.5970770634102234,3.7984103967435567,81.71332000761362,1358.28,SURPLUS,LOW,0.0,Viên
29.L1.3060.FUSC3643V.01,66,Chi nhánh Đà Nẵng UM,MIỀN TRUNG,Gạch 30x60 MS FUSC3643V Loại 1,854,0.2846666666666667,8.54,0.3716500088573839,2.3643166755240506,64.46807995693166,845.46,SURPLUS,LOW,0.0,Viên
29.L1.3060.FUSC3644.01,66,Chi nhánh Đà Nẵng UM,MIỀN TRUNG,Gạch 30x60 MS FUSC3644 Loại 1,10388,3.4626666666666663,103.87999999999997,4.520726337248833,28.7593930039155,224.84424238421877,10284.12,SURPLUS,LOW,0.0,Viên
29.L1.3060.FUSC3644D.01,66,Chi nhánh Đà Nẵng UM,MIỀN TRUNG,Gạch 30x60 MS FUSC3644D Loại 1,1428,0.47600000000000003,14.280000000000006,0.6214475557943141,3.9534475557943143,83.36426092757016,1413.72,SURPLUS,LOW,0.0,Viên
29.L1.3060.FUSC3644V.04,66,Chi nhánh Đà Nẵng UM,MIỀN TRUNG,Gạch 30x60 MS FUSC3644V Loại 1,1428,0.47600000000000003,14.280000000000006,0.6214475557943141,3.9534475557943143,83.36426092757016,1413.72,SURPLUS,LOW,0.0,Viên
29.L1.4060.FX46202.01,66,Chi nhánh Đà Nẵng UM,MIỀN TRUNG,Gạch 40x60 MS FX46202 Loại 1,821,0.27366666666666667,8.209999999999997,0.3572888258453304,2.272955492511997,63.210231239359764,812.79,SURPLUS,LOW,0.0,Viên
29.L1.4060.FX46202.02,66,Chi nhánh Đà Nẵng UM,MIỀN TRUNG,Gạch 40x60 MS FX46202 Loại 1,718,0.23933333333333331,7.1800000000000015,0.31246452735316343,1.9877978606864966,59.11232246043684,710.82,SURPLUS,LOW,0.0,Viên
29.L1.4060.FXK46251.03,66,Chi nhánh Đà Nẵng UM,MIỀN TRUNG,Gạch 40x60 MS FXK46251 Loại 1,934,0.31133333333333335,9.340000000000002,0.40646499797751356,2.5857983313108472,67.42007613957928,924.66,SURPLUS,LOW,0.0,Viên
29.L1.4060.FXK46251.04,66,Chi nhánh Đà Nẵng UM,MIỀN TRUNG,Gạch 40x60 MS FXK46251 Loại 1,3612,1.204,36.120000000000005,1.5718967587738528,9.999896758773852,132.58355855836726,3575.88,SURPLUS,LOW,0.0,Viên
29.L1.4060.FXK46254.01,66,Chi nhánh Đà Nẵng UM,MIỀN TRUNG,Gạch 40x60 MS FXK46254 Loại 1,479,0.15966666666666668,4.789999999999999,0.20845474735677622,1.326121414023443,48.28181162025026,474.21,SURPLUS,LOW,0.0,Viên
29.L1.4060.FXK46254.04,66,Chi nhánh Đà Nẵng UM,MIỀN TRUNG,Gạch 40x60 MS FXK46254 Loại 1,853,0.2843333333333333,8.53,0.3712148214933823,2.3615481548267154,64.43032412355743,844.47,SURPLUS,LOW,0.0,Viên
29.L1.4060.FXK46256.02,66,Chi nhánh Đà Nẵng UM,MIỀN TRUNG,Gạch 40x60 MS FXK46256 Loại 1,915,0.305,9.149999999999999,0.3981964380614827,2.5331964380614824,66.73080248281148,905.85,SURPLUS,LOW,0.0,Viên
29.L1.4060.FXU46002.01,66,Chi nhánh Đà Nẵng UM,MIỀN TRUNG,Gạch 40x60 MS FXU46002 Loại 1,1983,0.661,19.83000000000001,0.8629765428152134,5.489976542815214,98.23746739406508,1963.17,SURPLUS,LOW,0.0,Viên
29.L1.4080.FC4803.3,66,Chi nhánh Đà Nẵng UM,MIỀN TRUNG,Gạch 40x80 MS FC4803 Loại 1,2144,0.7146666666666667,21.439999999999998,0.9330417084194744,5.935708375086141,102.14760561723085,2122.56,SURPLUS,LOW,0.0,Viên
29.L1.4080.FC4803D.2,66,Chi nhánh Đà Nẵng UM,MIỀN TRUNG,Gạch 40x80 MS FC4803D Loại 1,609,0.20299999999999999,6.090000000000002,0.2650291046769868,1.6860291046769866,54.44079352838274,602.91,SURPLUS,LOW,0.0,Viên
29.L1.4080.FC4803D.3,66,Chi nhánh Đà Nẵng UM,MIỀN TRUNG,Gạch 40x80 MS FC4803D Loại 1,161,0.1,3.000000000000001,0.13055620920048613,0.8305562092004862,38.2099463490856,158.0,SURPLUS,LOW,0.0,Viên
29.L1.4080.FC4803V.3,66,Chi nhánh Đà Nẵng UM,MIỀN TRUNG,Gạch 40x80 MS FC4803V Loại 1,2464,0.8213333333333334,24.63999999999999,1.0723016648999928,6.821634998233327,109.5055554146303,2439.36,SURPLUS,LOW,0.0,Viên
29.L1.4080.FC4805.5,66,Chi nhánh Đà Nẵng UM,MIỀN TRUNG,Gạch 40x80 MS FC4805 Loại 1,667,0.22233333333333333,6.67,0.2902699717890808,1.8466033051224142,56.974263195469824,660.33,SURPLUS,LOW,0.0,Viên
29.L1.4080.FC4805D.2,66,Chi nhánh Đà Nẵng UM,MIỀN TRUNG,Gạch 40x80 MS FC4805D Loại 1,322,0.10733333333333334,3.220000000000001,0.1401303312085218,0.8914636645418552,39.58619287916769,318.78,SURPLUS,LOW,0.0,Viên
29.L1.4080.FC4805V.5,66,Chi nhánh Đà Nẵng UM,MIỀN TRUNG,Gạch 40x80 MS FC4805V Loại 1,364,0.12133333333333333,3.6399999999999997,0.15840820049658988,1.0077415338299232,42.0887950251212,360.36,SURPLUS,LOW,0.0,Viên
29.L1.4080.FC4806.1,66,Chi nhánh Đà Nẵng UM,MIỀN TRUNG,Gạch 40x80 MS FC4806 Loại 1,869,0.28966666666666663,8.69,0.3781778193174082,2.4058444859840744,65.03178709933576,860.31,SURPLUS,LOW,0.0,Viên
29.L1.4080.FC4806D.1,66,Chi nhánh Đà Nẵng UM,MIỀN TRUNG,Gạch 40x80 MS FC4806D Loại 1,79,0.1,3.000000000000001,0.13055620920048613,0.8305562092004862,38.2099463490856,76.0,SURPLUS,LOW,0.0,Viên
29.L1.4080.FC4806V.1,66,Chi nhánh Đà Nẵng UM,MIỀN TRUNG,Gạch 40x80 MS FC4806V Loại 1,242,0.1,3.000000000000001,0.13055620920048613,0.8305562092004862,38.2099463490856,239.0,SURPLUS,LOW,0.0,Viên
29.L1.4080.FC4808.1,66,Chi nhánh Đà Nẵng UM,MIỀN TRUNG,Gạch 40x80 MS FC4808 Loại 1,1138,0.37933333333333336,11.38,0.4952432202338441,3.1505765535671775,74.4195314864765,1126.62,SURPLUS,LOW,0.0,Viên
29.L1.4080.FC4808D.1,66,Chi nhánh Đà Nẵng UM,MIỀN TRUNG,Gạch 40x80 MS FC4808D Loại 1,336,0.112,3.3600000000000008,0.14622295430454446,0.9302229543045445,40.43760625952036,332.64,SURPLUS,LOW,0.0,Viên
29.L1.4080.FC4808V.1,66,Chi nhánh Đà Nẵng UM,MIỀN TRUNG,Gạch 40x80 MS FC4808V Loại 1,224,0.1,3.000000000000001,0.13055620920048613,0.8305562092004862,38.2099463490856,221.0,SURPLUS,LOW,0.0,Viên
29.L1.4080.FP948601.1,66,Chi nhánh Đà Nẵng UM,MIỀN TRUNG,Gạch 40x80 MS FP948601 Loại 1 5 Viên,890,0.2966666666666667,8.900000000000002,0.3873167539614423,2.463983420628109,65.81286601670934,881.1,SURPLUS,LOW,0.0,Viên
29.L1.4080.FP948601D.1,66,Chi nhánh Đà Nẵng UM,MIỀN TRUNG,Gạch 40x80 MS FP948601D Loại 1 5 Viên,467,0.15566666666666668,4.670000000000001,0.20323249898875678,1.2928991656554236,47.673193026409855,462.33,SURPLUS,LOW,0.0,Viên
29.L1.4080.FP948601V.1,66,Chi nhánh Đà Nẵng UM,MIỀN TRUNG,Gạch 40x80 MS FP948601V Loại 1 5 Viên,426,0.142,4.26,0.18538981706469027,1.1793898170646901,45.53240604229036,421.74,SURPLUS,LOW,0.0,Viên
29.L1.4080.FP948602.1,66,Chi nhánh Đà Nẵng UM,MIỀN TRUNG,Gạch 40x80 MS FP948602 Loại 1 5 Viên,886,0.29533333333333334,8.860000000000001,0.3855760045054358,2.4529093378387694,65.66480538817325,877.14,SURPLUS,LOW,0.0,Viên
29.L1.4080.FP948602D.1,66,Chi nhánh Đà Nẵng UM,MIỀN TRUNG,Gạch 40x80 MS FP948602D Loại 1 5 Viên,298,0.1,3.000000000000001,0.13055620920048613,0.8305562092004862,38.2099463490856,295.0,SURPLUS,LOW,0.0,Viên
29.L1.4080.FP948602V.1,66,Chi nhánh Đà Nẵng UM,MIỀN TRUNG,Gạch 40x80 MS FP948602V Loại 1 5 Viên,342,0.114,3.4199999999999995,0.1488340784885542,0.9468340784885543,40.79705871751051,338.58,SURPLUS,LOW,0.0,Viên
29.L1.6060.FP6605.3,66,Chi nhánh Đà Nẵng UM,MIỀN TRUNG,Gạch 60x60 MS FP6605 Loại 1,7840,2.6133333333333337,78.39999999999999,3.4118689337727055,21.705202267106042,195.33219567359262,7761.6,SURPLUS,LOW,0.0,Viên
29.L1.6060.FP6605.4,66,Chi nhánh Đà Nẵng UM,MIỀN TRUNG,Gạch 60x60 MS FP6605 Loại 1,3733,1.2443333333333333,37.329999999999984,1.6245544298180492,10.334887763151382,134.78600322981117,3695.67,SURPLUS,LOW,0.0,Viên
29.L1.6060.FP96604.1,66,Chi nhánh Đà Nẵng UM,MIỀN TRUNG,Gạch 60x60 MS FP96604 Loại 1,2464,0.8213333333333334,24.63999999999999,1.0723016648999928,6.821634998233327,109.5055554146303,2439.36,SURPLUS,LOW,0.0,Viên
29.L1.6060.FP96604.2,66,Chi nhánh Đà Nẵng UM,MIỀN TRUNG,Gạch 60x60 MS FP96604 Loại 1,3024,1.008,30.239999999999995,1.3160065887409003,8.3720065887409,121.31281877856107,2993.76,SURPLUS,LOW,0.0,Viên
29.L1.6060.FP96606.1,66,Chi nhánh Đà Nẵng UM,MIỀN TRUNG,Gạch 60x60 MS FP96606 Loại 1,1512,0.504,15.119999999999997,0.6580032943704501,4.18600329437045,85.78111680317528,1496.88,SURPLUS,LOW,0.0,Viên
29.L1.6060.FP96666.1,66,Chi nhánh Đà Nẵng UM,MIỀN TRUNG,Gạch 60x60 MS FP96666 Loại 1,358,0.11933333333333333,3.580000000000001,0.15579707631258014,0.9911304096459135,41.74046797373823,354.42,SURPLUS,LOW,0.0,Viên
29.L1.6060.FPU6000.3,66,Chi nhánh Đà Nẵng UM,MIỀN TRUNG,Gạch 60x60 MS FPU6000 Loại 1,224,0.1,3.000000000000001,0.13055620920048613,0.8305562092004862,38.2099463490856,221.0,SURPLUS,LOW,0.0,Viên
29.L1.6060.FPU6003.5,66,Chi nhánh Đà Nẵng UM,MIỀN TRUNG,Gạch 60x60 MS FPU6003 Loại 1,182,0.1,3.000000000000001,0.13055620920048613,0.8305562092004862,38.2099463490856,179.0,SURPLUS,LOW,0.0,Viên
29.L1.6060.FPU6005.3,66,Chi nhánh Đà Nẵng UM,MIỀN TRUNG,Gạch 60x60 MS FPU6005 Loại 1,1008,0.336,10.080000000000002,0.43866886291363344,2.7906688629136336,70.03998857795453,997.92,SURPLUS,LOW,0.0,Viên
29.L1.6060.FPU6006.2,66,Chi nhánh Đà Nẵng UM,MIỀN TRUNG,Gạch 60x60 MS FPU6006 Loại 1,8960,2.986666666666667,89.6,3.8992787814545196,24.805945448121186,208.8189008048202,8870.4,SURPLUS,LOW,0.0,Viên
29.L1.6060.FPU6006.3,66,Chi nhánh Đà Nẵng UM,MIỀN TRUNG,Gạch 60x60 MS FPU6006 Loại 1,980,0.3266666666666667,9.799999999999999,0.4264836167215882,2.7131502833882553,69.06036007242747,970.2,SURPLUS,LOW,0.0,Viên
29.L1.6060.FPU6007.4,66,Chi nhánh Đà Nẵng UM,MIỀN TRUNG,Gạch 60x60 MS FPU6007 Loại 1,994,0.3313333333333333,9.94,0.43257623981761073,2.751909573150944,69.55189908742008,984.06,SURPLUS,LOW,0.0,Viên
29.L1.6060.FPU6013.2,66,Chi nhánh Đà Nẵng UM,MIỀN TRUNG,Gạch 60x60 MS FPU6013 Loại 1,868,0.28933333333333333,8.68,0.3777426319534066,2.4030759652867397,64.9943587295595,859.32,SURPLUS,LOW,0.0,Viên
29.L1.6060.FPU6016.3,66,Chi nhánh Đà Nẵng UM,MIỀN TRUNG,Gạch 60x60 MS FPU6016 Loại 1,896,0.2986666666666667,8.960000000000004,0.38992787814545193,2.480594544812119,66.03433450359996,887.04,SURPLUS,LOW,0.0,Viên
29.L1.6060.FPU6017.3,66,Chi nhánh Đà Nẵng UM,MIỀN TRUNG,Gạch 60x60 MS FPU6017 Loại 1,392,0.13066666666666665,3.9199999999999986,0.1705934466886352,1.0852601133553017,43.677606772044335,388.08,SURPLUS,LOW,0.0,Viên
29.L1.6060.FPU6018.2,66,Chi nhánh Đà Nẵng UM,MIỀN TRUNG,Gạch 60x60 MS FPU6018 Loại 1,1204,0.4013333333333334,12.040000000000003,0.5239655862579511,3.3332989195912845,76.54715322379185,1191.96,SURPLUS,LOW,0.0,Viên
29.L1.6060.FPU966003.3,66,Chi nhánh Đà Nẵng UM,MIỀN TRUNG,Gạch 60x60 MS FPU966003 Loại 1,280,0.1,3.000000000000001,0.13055620920048613,0.8305562092004862,38.2099463490856,277.0,SURPLUS,LOW,0.0,Viên
29.L1.6060.FPU966013.1,66,Chi nhánh Đà Nẵng UM,MIỀN TRUNG,Gạch 60x60 MS FPU966013 Loại 1,555,0.185,5.549999999999997,0.24152898702089937,1.5365289870208994,51.97114584074513,549.45,SURPLUS,LOW,0.0,Viên
29.L1.8080.FP18604.1,66,Chi nhánh Đà Nẵng UM,MIỀN TRUNG,Gạch 80x80 MS FP18604 Loại 1,504,0.168,5.040000000000001,0.21933443145681672,1.3953344314568168,49.52575087769998,498.96,SURPLUS,LOW,0.0,Viên
29.L1.8080.FP18606.1,66,Chi nhánh Đà Nẵng UM,MIỀN TRUNG,Gạch 80x80 MS FP18606 Loại 1,63,0.1,3.000000000000001,0.13055620920048613,0.8305562092004862,38.2099463490856,60.0,OK,LOW,0.0,Viên
29.L1.8080.FP18607.1,66,Chi nhánh Đà Nẵng UM,MIỀN TRUNG,Gạch 80x80 MS FP18607 Loại 1,663,0.221,6.630000000000001,0.2885292223330744,1.8355292223330744,56.803168925685824,656.37,SURPLUS,LOW,0.0,Viên
29.L1.8080.FP18666.1,66,Chi nhánh Đà Nẵng UM,MIỀN TRUNG,Gạch 80x80 MS FP18666 Loại 1,159,5.0,157.5,15.075332505255554,50.07533250525555,270.1851217221259,1.5,RESTOCK,MEDIUM,270.1851217221259,Viên
29.L1.8080.FPU188005.1,66,Chi nhánh Đà Nẵng UM,MIỀN TRUNG,Gạch 80x80 MS FPU188005 Loại 1,252,0.1,3.000000000000001,0.13055620920048613,0.8305562092004862,38.2099463490856,249.0,SURPLUS,LOW,0.0,Viên
29.L1.8080.FPU188017.1,66,Chi nhánh Đà Nẵng UM,MIỀN TRUNG,Gạch 80x80 MS FPU188017 Loại 1,200,0.1,3.000000000000001,0.13055620920048613,0.8305562092004862,38.2099463490856,197.0,SURPLUS,LOW,0.0,Viên
38.L1.5050.SVKAI501.10,66,Chi nhánh Đà Nẵng UM,MIỀN TRUNG,Gạch 50x50 MS SVKAI501 Loại 1,2155,107.0,3370.4999999999995,330.48461945811897,1079.484619458119,1249.879994239447,-1215.4999999999995,RESTOCK,MEDIUM,1249.879994239447,Viên
38.L1.5050.SVKAI502.10,66,Chi nhánh Đà Nẵng UM,MIỀN TRUNG,Gạch 50x50 MS SVKAI502 Loại 1,1859,0.6196666666666667,18.590000000000003,0.8090133096790125,5.14667997634568,95.11641989337768,1840.41,SURPLUS,LOW,0.0,Viên
38.L1.5050.SVKAI503.10,66,Chi nhánh Đà Nẵng UM,MIỀN TRUNG,Gạch 50x50 MS SVKAI503 Loại 1,1422,0.47400000000000003,14.220000000000002,0.6188364316103042,3.9368364316103044,83.18894157278359,1407.78,SURPLUS,LOW,0.0,Viên
38.L1.5050.SVKAI504.10,66,Chi nhánh Đà Nẵng UM,MIỀN TRUNG,Gạch 50x50 MS SVKAI504 Loại 1,1620,0.5399999999999999,16.199999999999992,0.705003529682625,4.485003529682625,88.79189152169245,1603.8,SURPLUS,LOW,0.0,Viên
38.L1.5050.SVKAI505.10,66,Chi nhánh Đà Nẵng UM,MIỀN TRUNG,Gạch 50x50 MS SVKAI505 Loại 1,1029,60.5,1905.7500000000007,127.39919615569944,550.8991961556994,939.8404119849284,-876.7500000000007,RESTOCK,MEDIUM,939.8404119849284,Viên
38.L1.5050.SVKAI506.10,66,Chi nhánh Đà Nẵng UM,MIỀN TRUNG,Gạch 50x50 MS SVKAI506 Loại 1,1454,210.0,6615.0,443.86266675172834,1913.8626667517283,1750.999714448863,-5161.0,URGENT_RESTOCK,HIGH,1750.999714448863,Viên
39.L1.6060.UGG6006.100,66,Chi nhánh Đà Nẵng UM,MIỀN TRUNG,Gạch 60x60 MS UGG6006 Loại 1,3304,1.1013333333333333,33.04,1.437859050661354,9.147192383994687,126.80483692141505,3270.96,SURPLUS,LOW,0.0,Viên
39.L1.6060.USGM6005.98,66,Chi nhánh Đà Nẵng UM,MIỀN TRUNG,Gạch 60x60 MS USGM6005 Loại 1,1213,0.4043333333333334,12.130000000000003,0.5278822725339657,3.3582156058672994,76.83271872494599,1200.87,SURPLUS,LOW,0.0,Viên
39.L1.6060.USGM6006.100,66,Chi nhánh Đà Nẵng UM,MIỀN TRUNG,Gạch 60x60 MS USGM6006 Loại 1,700,0.23333333333333334,7.0,0.3046311548011343,1.9379644881344675,58.36665714829544,693.0,SURPLUS,LOW,0.0,Viên
39.L1.6060.USGM6006.94,66,Chi nhánh Đà Nẵng UM,MIỀN TRUNG,Gạch 60x60 MS USGM6006 Loại 1,11662,3.8873333333333333,116.61999999999998,5.075155038986898,32.28648837232023,238.23321906624747,11545.38,SURPLUS,LOW,0.0,Viên
39.L1.6060.USGM6007.100,66,Chi nhánh Đà Nẵng UM,MIỀN TRUNG,Gạch 60x60 MS USGM6007 Loại 1,1736,0.5786666666666667,17.36,0.7554852639068133,4.8061519305734794,91.9159035930852,1718.64,SURPLUS,LOW,0.0,Viên
39.L1.6060.USGM6007.102,66,Chi nhánh Đà Nẵng UM,MIỀN TRUNG,Gạch 60x60 MS USGM6007 Loại 1,1512,0.504,15.119999999999997,0.6580032943704501,4.18600329437045,85.78111680317528,1496.88,SURPLUS,LOW,0.0,Viên
39.L1.6060.USGM6008.100,66,Chi nhánh Đà Nẵng UM,MIỀN TRUNG,Gạch 60x60 MS USGM6008 Loại 1,919,0.3063333333333333,9.189999999999996,0.39993718751748913,2.544270520850822,66.8765030983728,909.8100000000001,SURPLUS,LOW,0.0,Viên
39.L1.6060.USGM6008.96,66,Chi nhánh Đà Nẵng UM,MIỀN TRUNG,Gạch 60x60 MS USGM6008 Loại 1,1274,0.4246666666666667,12.740000000000002,0.5544287017380646,3.5270953684047317,78.74092540307953,1261.26,SURPLUS,LOW,0.0,Viên
41.L1.3060.M3101.5,66,Chi nhánh Đà Nẵng UM,MIỀN TRUNG,Gạch 30x60 MS M3101 Loại 1,1701,200.0,6300.0,955.8680185023735,2355.8680185023736,1708.8007490635061,-4599.0,URGENT_RESTOCK,HIGH,1708.8007490635061,Viên
41.L1.3060.M3101.6,66,Chi nhánh Đà Nẵng UM,MIỀN TRUNG,Gạch 30x60 MS M3101 Loại 1,5887,1.9623333333333335,58.870000000000005,2.56194801187754,16.298281345210874,169.26330573005677,5828.13,SURPLUS,LOW,0.0,Viên
41.L1.3060.M3102.5,66,Chi nhánh Đà Nẵng UM,MIỀN TRUNG,Gạch 30x60 MS M3102 Loại 1,476,0.15866666666666665,4.760000000000001,0.20714918526477133,1.3178158519314378,48.13037848732683,471.24,SURPLUS,LOW,0.0,Viên
41.L1.3060.M3103.5,66,Chi nhánh Đà Nẵng UM,MIỀN TRUNG,Gạch 30x60 MS M3103 Loại 1,3926,1.3086666666666666,39.260000000000005,1.708545591070362,10.869212257737027,138.22638436034322,3886.74,SURPLUS,LOW,0.0,Viên
41.L1.3060.M3104.5,66,Chi nhánh Đà Nẵng UM,MIỀN TRUNG,Gạch 30x60 MS M3104 Loại 1,1534,0.5113333333333333,15.339999999999996,0.6675774163784858,4.246910749711819,86.40293204901478,1518.66,SURPLUS,LOW,0.0,Viên
41.L1.3060.M3105.5,66,Chi nhánh Đà Nẵng UM,MIỀN TRUNG,Gạch 30x60 MS M3105 Loại 1,551,0.18366666666666667,5.509999999999999,0.23978823756489293,1.5254549042315597,51.783523763194545,545.49,SURPLUS,LOW,0.0,Viên
41.L1.3060.M3106.5,66,Chi nhánh Đà Nẵng UM,MIỀN TRUNG,Gạch 30x60 MS M3106 Loại 1,610,0.20333333333333334,6.099999999999999,0.2654642920409885,1.6887976253743218,54.48547206977899,603.9,SURPLUS,LOW,0.0,Viên
41.L1.3060.M3107.5,66,Chi nhánh Đà Nẵng UM,MIỀN TRUNG,Gạch 30x60 MS M3107 Loại 1,1170,7.0,199.50000000000003,34.54192616598092,83.54192616598093,319.68734726291564,970.5,SURPLUS,LOW,0.0,Viên
41.L1.3060.M3108.5,66,Chi nhánh Đà Nẵng UM,MIỀN TRUNG,Gạch 30x60 MS M3108 Loại 1,2746,0.9153333333333333,27.459999999999997,1.19502450154845,7.602357834881784,115.60219144404948,2718.54,SURPLUS,LOW,0.0,Viên
41.L1.3060.M3201.5,66,Chi nhánh Đà Nẵng UM,MIỀN TRUNG,Gạch 30x60 MS M3201 Loại 1,270,0.1,3.000000000000001,0.13055620920048613,0.8305562092004862,38.2099463490856,267.0,SURPLUS,LOW,0.0,Viên
41.L1.3060.M3203.5,66,Chi nhánh Đà Nẵng UM,MIỀN TRUNG,Gạch 30x60 MS M3203 Loại 1,216,0.1,3.000000000000001,0.13055620920048613,0.8305562092004862,38.2099463490856,213.0,SURPLUS,LOW,0.0,Viên
41.L1.3060.M3205.5,66,Chi nhánh Đà Nẵng UM,MIỀN TRUNG,Gạch 30x60 MS M3205 Loại 1,140,0.1,3.000000000000001,0.13055620920048613,0.8305562092004862,38.2099463490856,137.0,SURPLUS,LOW,0.0,Viên
41.L1.3060.M3207.5,66,Chi nhánh Đà Nẵng UM,MIỀN TRUNG,Gạch 30x60 MS M3207 Loại 1,651,0.217,6.509999999999998,0.2833069739650549,1.8023069739650548,56.286765762477415,644.49,SURPLUS,LOW,0.0,Viên
41.L1.3060.U3103.5,66,Chi nhánh Đà Nẵng UM,MIỀN TRUNG,Gạch 30x60 MS U3103 Loại 1,1708,0.5693333333333334,17.08,0.7433000177147678,4.728633351048101,91.17163301524586,1690.92,SURPLUS,LOW,0.0,Viên
41.L1.4080.M4101.5,66,Chi nhánh Đà Nẵng UM,MIỀN TRUNG,Gạch 40x80 MS M4101 Loại 1 6 Viên,2600,0.8666666666666667,26.000000000000004,1.1314871464042133,7.1981538130708795,112.48703629011361,2574.0,SURPLUS,LOW,0.0,Viên
41.L1.4080.M4102.5,66,Chi nhánh Đà Nẵng UM,MIỀN TRUNG,Gạch 40x80 MS M4102 Loại 1 6 Viên,1038,0.34600000000000003,10.38,0.4517244838336821,2.873724483833682,71.07460868692841,1027.62,SURPLUS,LOW,0.0,Viên
41.L1.4080.M4103.5,66,Chi nhánh Đà Nẵng UM,MIỀN TRUNG,Gạch 40x80 MS M4103 Loại 1 6 Viên,2522,0.8406666666666667,25.220000000000006,1.0975425320120868,6.982209198678754,110.78688249668069,2496.78,SURPLUS,LOW,0.0,Viên
41.L1.4080.M4104.5,66,Chi nhánh Đà Nẵng UM,MIỀN TRUNG,Gạch 40x80 MS M4104 Loại 1 6 Viên,509,0.16966666666666666,5.0900000000000025,0.2215103682768248,1.4091770349434913,49.77080804380549,503.91,SURPLUS,LOW,0.0,Viên
41.L1.4080.M4201.5,66,Chi nhánh Đà Nẵng UM,MIỀN TRUNG,Gạch 40x80 MS M4201 Loại 1 6 Viên,504,0.168,5.040000000000001,0.21933443145681672,1.3953344314568168,49.52575087769998,498.96,SURPLUS,LOW,0.0,Viên
41.L1.4080.M4203.5,66,Chi nhánh Đà Nẵng UM,MIỀN TRUNG,Gạch 40x80 MS M4203 Loại 1 6 Viên,703,15.0,450.0,18.463436170334653,123.46343617033466,467.9743582719036,253.0,OK,LOW,0.0,Viên
41.L1.5050.M5102.4,66,Chi nhánh Đà Nẵng UM,MIỀN TRUNG,Gạch 50x50 MS M5102 Loại 1,980,0.3266666666666667,9.799999999999999,0.4264836167215882,2.7131502833882553,69.06036007242747,970.2,SURPLUS,LOW,0.0,Viên
41.L1.5050.M5102.5,66,Chi nhánh Đà Nẵng UM,MIỀN TRUNG,Gạch 50x50 MS M5102 Loại 1,1699,101.0,3030.0,609.2933936210436,1316.2933936210436,1214.3310915891102,-1331.0,RESTOCK,MEDIUM,1214.3310915891102,Viên
41.L1.5050.M5102.6,66,Chi nhánh Đà Nẵng UM,MIỀN TRUNG,Gạch 50x50 MS M5102 Loại 1,2111,66.0,1980.0,135.3985319157875,597.3985319157875,981.6312953446421,131.0,RESTOCK,MEDIUM,981.6312953446421,Viên
41.L1.5050.M5103.4,66,Chi nhánh Đà Nẵng UM,MIỀN TRUNG,Gạch 50x50 MS M5103 Loại 1,2244,0.748,22.440000000000005,0.9765604448196362,6.212560444819636,104.50263154581323,2221.56,SURPLUS,LOW,0.0,Viên
41.L1.5050.M5103.5,66,Chi nhánh Đà Nẵng UM,MIỀN TRUNG,Gạch 50x50 MS M5103 Loại 1,1776,148.66666666666666,4683.000000000001,485.0989124443331,1525.7655791109996,1473.273000272975,-2907.000000000001,RESTOCK,MEDIUM,1473.273000272975,Viên
41.L1.5050.M5104.5,66,Chi nhánh Đà Nẵng UM,MIỀN TRUNG,Gạch 50x50 MS M5104 Loại 1,1242,0.414,12.419999999999998,0.5405027060900126,3.4385027060900124,77.74573943310334,1229.58,SURPLUS,LOW,0.0,Viên
41.L1.5050.M5105.5,66,Chi nhánh Đà Nẵng UM,MIỀN TRUNG,Gạch 50x50 MS M5105 Loại 1,1339,72.0,2267.9999999999995,234.19388741259286,738.1938874125929,1025.2804494381037,-928.9999999999995,RESTOCK,MEDIUM,1025.2804494381037,Viên
41.L1.5050.M5105.6,66,Chi nhánh Đà Nẵng UM,MIỀN TRUNG,Gạch 50x50 MS M5105 Loại 1,3729,118.0,3362.999999999999,876.1868329223406,1702.1868329223407,1312.5547607623844,366.0000000000009,RESTOCK,MEDIUM,1312.5547607623844,Viên
41.L1.5050.M5151.5,66,Chi nhánh Đà Nẵng UM,MIỀN TRUNG,Gạch 50x50 MS M5151 Loại 1,1131,52.8,1663.2000000000003,170.7354895497876,540.3354895497876,877.997722092717,-532.2000000000003,RESTOCK,MEDIUM,877.997722092717,Viên
41.L1.5050.M5152.4,66,Chi nhánh Đà Nẵng UM,MIỀN TRUNG,Gạch 50x50 MS M5152 Loại 1,1640,0.5466666666666666,16.4,0.7137072769626576,4.540373943629324,89.33830831918262,1623.6,SURPLUS,LOW,0.0,Viên
41.L1.5050.M5152.5,66,Chi nhánh Đà Nẵng UM,MIỀN TRUNG,Gạch 50x50 MS M5152 Loại 1,950,0.31666666666666665,9.499999999999998,0.4134279958015394,2.6300946624682062,67.99509786251751,940.5,SURPLUS,LOW,0.0,Viên
41.L1.5050.M5153.5,66,Chi nhánh Đà Nẵng UM,MIỀN TRUNG,Gạch 50x50 MS M5153 Loại 1,4357,177.6,5594.399999999997,1101.07391293073,2344.27391293073,1610.267058596182,-1237.399999999997,RESTOCK,MEDIUM,1610.267058596182,Viên
41.L1.5050.M5153.6,66,Chi nhánh Đà Nẵng UM,MIỀN TRUNG,Gạch 50x50 MS M5153 Loại 1,12593,4.197666666666667,125.92999999999998,5.480314474872405,34.86398114153907,247.5599590671588,12467.07,SURPLUS,LOW,0.0,Viên
41.L1.5050.M5154.5,66,Chi nhánh Đà Nẵng UM,MIỀN TRUNG,Gạch 50x50 MS M5154 Loại 1,804,0.268,8.04,0.34989064065730285,2.225890640657303,62.55237805231709,795.96,SURPLUS,LOW,0.0,Viên
41.L1.5050.M5155.4,66,Chi nhánh Đà Nẵng UM,MIỀN TRUNG,Gạch 50x50 MS M5155 Loại 1,11340,3.7800000000000002,113.4,4.935024707778377,31.395024707778376,234.9212634054227,11226.6,SURPLUS,LOW,0.0,Viên
41.L1.5050.M5155.5,66,Chi nhánh Đà Nẵng UM,MIỀN TRUNG,Gạch 50x50 MS M5155 Loại 1,829,0.2763333333333334,8.290000000000003,0.36077032475734344,2.295103658090677,63.51745167012502,820.71,SURPLUS,LOW,0.0,Viên
41.L1.5050.M5155.6,66,Chi nhánh Đà Nẵng UM,MIỀN TRUNG,Gạch 50x50 MS M5155 Loại 1,3987,346.0,9861.000000000004,2540.227077357261,4962.227077357261,2247.5764725588315,-5874.000000000004,URGENT_RESTOCK,HIGH,2247.5764725588315,Viên
41.L1.5050.M5190.5,66,Chi nhánh Đà Nẵng UM,MIỀN TRUNG,Gạch 50x50 MS M5190 Loại 1,4214,104.66666666666667,3297.000000000001,326.4001936882592,1059.066860354926,1236.1769021193259,916.9999999999991,SURPLUS,LOW,0.0,Viên
41.L1.5050.M5191.5,66,Chi nhánh Đà Nẵng UM,MIỀN TRUNG,Gạch 50x50 MS M5191 Loại 1,364,0.12133333333333333,3.6399999999999997,0.15840820049658988,1.0077415338299232,42.0887950251212,360.36,SURPLUS,LOW,0.0,Viên
41.L1.5050.M5192.5,66,Chi nhánh Đà Nẵng UM,MIỀN TRUNG,Gạch 50x50 MS M5192 Loại 1,3710,1.2366666666666668,37.099999999999994,1.6145451204460122,10.27121178711268,134.3701355708676,3672.9,SURPLUS,LOW,0.0,Viên
41.L1.5050.M5193.5,66,Chi nhánh Đà Nẵng UM,MIỀN TRUNG,Gạch 50x50 MS M5193 Loại 1,1055,0.3516666666666667,10.55,0.45912266902170956,2.9207893356883763,71.65426249242493,1044.45,SURPLUS,LOW,0.0,Viên
41.L1.6060.AM6153.4,66,Chi nhánh Đà Nẵng UM,MIỀN TRUNG,Gạch 60x60 MS AM6153 Loại 1 5 Viên,1407,0.46900000000000003,14.069999999999997,0.61230862115028,3.8953086211502805,82.74901812106292,1392.93,SURPLUS,LOW,0.0,Viên
41.L1.6060.AM6154.6,66,Chi nhánh Đà Nẵng UM,MIỀN TRUNG,Gạch 60x60 MS AM6154 Loại 1 5 Viên,1939,0.6463333333333333,19.390000000000008,0.843828298799142,5.368161632132475,97.14147758124058,1919.61,SURPLUS,LOW,0.0,Viên
41.L1.6060.AM6155.4,66,Chi nhánh Đà Nẵng UM,MIỀN TRUNG,Gạch 60x60 MS AM6155 Loại 1 5 Viên,3457,475.0,14250.0,1692.4816489473435,5017.481648947343,2633.4388164527386,-10793.0,URGENT_RESTOCK,HIGH,2633.4388164527386,Viên
41.L1.6060.AM6156.4,66,Chi nhánh Đà Nẵng UM,MIỀN TRUNG,Gạch 60x60 MS AM6156 Loại 1 5 Viên,7000,2.3333333333333335,70.0,3.0463115480113436,19.379644881344678,184.57157599876172,6930.0,SURPLUS,LOW,0.0,Viên
41.L1.6060.AM6156.7,66,Chi nhánh Đà Nẵng UM,MIỀN TRUNG,Gạch 60x60 MS AM6156 Loại 1 5 Viên,4993,1.6643333333333332,49.929999999999986,2.172890508460091,13.823223841793423,155.88222049568918,4943.07,SURPLUS,LOW,0.0,Viên
41.L1.6060.M6102.4,66,Chi nhánh Đà Nẵng UM,MIỀN TRUNG,Gạch 60x60 MS M6102 loại 1,1842,0.6140000000000001,18.420000000000005,0.801615124490985,5.099615124490986,94.68051541896041,1823.58,SURPLUS,LOW,0.0,Viên
41.L1.6060.M6102.5,66,Chi nhánh Đà Nẵng UM,MIỀN TRUNG,Gạch 60x60 MS M6102 loại 1,1172,0.39066666666666666,11.719999999999997,0.5100395906098992,3.2447062572765657,75.52306490955814,1160.28,SURPLUS,LOW,0.0,Viên
41.L1.6060.M6103.4,66,Chi nhánh Đà Nẵng UM,MIỀN TRUNG,Gạch 60x60 MS M6103 loại 1,812,46.0,1380.0,184.63436170334657,506.6343617033466,819.5120499419152,-568.0,RESTOCK,MEDIUM,819.5120499419152,Viên
41.L1.6060.M6103.5,66,Chi nhánh Đà Nẵng UM,MIỀN TRUNG,Gạch 60x60 MS M6103 loại 1,299,0.1,3.000000000000001,0.13055620920048613,0.8305562092004862,38.2099463490856,296.0,SURPLUS,LOW,0.0,Viên
41.L1.6060.M6105.4,66,Chi nhánh Đà Nẵng UM,MIỀN TRUNG,Gạch 60x60 MS M6105 loại 1,147,0.1,3.000000000000001,0.13055620920048613,0.8305562092004862,38.2099463490856,144.0,SURPLUS,LOW,0.0,Viên
41.L1.6060.M6105.5,66,Chi nhánh Đà Nẵng UM,MIỀN TRUNG,Gạch 60x60 MS M6105 loại 1,455,0.15166666666666667,4.55,0.19801025062073732,1.259676917287404,47.056703383612984,450.45,SURPLUS,LOW,0.0,Viên
41.L1.6060.M6106.5,66,Chi nhánh Đà Nẵng UM,MIỀN TRUNG,Gạch 60x60 MS M6106 loại 1,484,0.16133333333333333,4.84,0.2106306841767843,1.3399640175101175,48.533150182804604,479.16,SURPLUS,LOW,0.0,Viên
41.L1.6060.M6151.4,66,Chi nhánh Đà Nẵng UM,MIỀN TRUNG,Gạch 60x60 MS M6151 Loại 1,1086,0.362,10.86,0.47261347730575975,3.0066134773057596,72.69938101524662,1075.14,SURPLUS,LOW,0.0,Viên
41.L1.6060.M6151.5,66,Chi nhánh Đà Nẵng UM,MIỀN TRUNG,Gạch 60x60 MS M6151 Loại 1,5265,342.0,10260.0,356.95976595980335,2750.9597659598035,2234.546933944329,-4995.0,RESTOCK,MEDIUM,2234.546933944329,Viên
41.L1.6060.M6151.6,66,Chi nhánh Đà Nẵng UM,MIỀN TRUNG,Gạch 60x60 MS M6151 Loại 1,1100,0.36666666666666664,11.000000000000002,0.47870610040178246,3.0453727670684487,73.16647684105975,1089.0,SURPLUS,LOW,0.0,Viên
41.L1.6060.M6151.8,66,Chi nhánh Đà Nẵng UM,MIỀN TRUNG,Gạch 60x60 MS M6151 Loại 1,3967,1.3223333333333334,39.67,1.7263882729944284,10.982721606327763,138.94627259004346,3927.33,SURPLUS,LOW,0.0,Viên
41.L1.6060.M6152.4,66,Chi nhánh Đà Nẵng UM,MIỀN TRUNG,Gạch 60x60 MS M6152 Loại 1,1416,0.47200000000000003,14.159999999999998,0.6162253074262946,3.920225307426295,83.0132519541308,1401.84,SURPLUS,LOW,0.0,Viên
41.L1.6060.M6152.5,66,Chi nhánh Đà Nẵng UM,MIỀN TRUNG,Gạch 60x60 MS M6152 Loại 1,1328,0.4426666666666667,13.279999999999996,0.577928819394152,3.676595486060819,80.39237111401388,1314.72,SURPLUS,LOW,0.0,Viên
41.L1.6060.M6152.6,66,Chi nhánh Đà Nẵng UM,MIỀN TRUNG,Gạch 60x60 MS M6152 Loại 1,1122,111.0,3330.0,658.5292234086027,1435.5292234086028,1273.0278865759383,-2208.0,URGENT_RESTOCK,HIGH,1273.0278865759383,Viên
41.L1.6060.M6153.3,66,Chi nhánh Đà Nẵng UM,MIỀN TRUNG,Gạch 60x60 MS M6153 Loại 1,1950,0.65,19.499999999999993,0.8486153598031599,5.39861535980316,97.41663102366043,1930.5,SURPLUS,LOW,0.0,Viên
41.L1.6060.M6153.4,66,Chi nhánh Đà Nẵng UM,MIỀN TRUNG,Gạch 60x60 MS M6153 Loại 1,2546,0.8486666666666667,25.46,1.1079870287481257,7.048653695414792,111.31277255253924,2520.54,SURPLUS,LOW,0.0,Viên
41.L1.6060.M6154.4,66,Chi nhánh Đà Nẵng UM,MIỀN TRUNG,Gạch 60x60 MS M6154 Loại 1,3718,1.2393333333333334,37.18000000000001,1.618026619358025,10.29335995269136,134.51493101758876,3680.82,SURPLUS,LOW,0.0,Viên
41.L1.6060.M6154.6,66,Chi nhánh Đà Nẵng UM,MIỀN TRUNG,Gạch 60x60 MS M6154 Loại 1,1909,144.0,4320.0,590.8299574507089,1598.829957450709,1449.9655168313486,-2411.0,RESTOCK,MEDIUM,1449.9655168313486,Viên
41.L1.6060.M6154.7,66,Chi nhánh Đà Nẵng UM,MIỀN TRUNG,Gạch 60x60 MS M6154 Loại 1,3383,1.1276666666666666,33.830000000000005,1.472238852417482,9.365905519084148,128.31185967529788,3349.17,SURPLUS,LOW,0.0,Viên
41.L1.6060.M6155.5,66,Chi nhánh Đà Nẵng UM,MIỀN TRUNG,Gạch 60x60 MS M6155 Loại 1,1170,0.39,11.700000000000003,0.5091692158818959,3.239169215881896,75.45859791965393,1158.3,SURPLUS,LOW,0.0,Viên
41.L1.6060.M6156.5,66,Chi nhánh Đà Nẵng UM,MIỀN TRUNG,Gạch 60x60 MS M6156 Loại 1,1145,0.3816666666666667,11.449999999999996,0.4982895317818555,3.1699561984485225,74.64806315862009,1133.55,SURPLUS,LOW,0.0,Viên
41.L1.6060.M6156.6,66,Chi nhánh Đà Nẵng UM,MIỀN TRUNG,Gạch 60x60 MS M6156 Loại 1,2968,0.9893333333333333,29.680000000000007,1.2916360963568092,8.216969429690142,120.18430291292896,2938.32,SURPLUS,LOW,0.0,Viên
41.L1.6060.M6156.7,66,Chi nhánh Đà Nẵng UM,MIỀN TRUNG,Gạch 60x60 MS M6156 Loại 1,6720,2.24,67.2,2.9244590860908897,18.60445908609089,180.84247288731703,6652.8,SURPLUS,LOW,0.0,Viên
41.L1.6060.M6157.5,66,Chi nhánh Đà Nẵng UM,MIỀN TRUNG,Gạch 60x60 MS M6157 Loại 1,3943,1.3143333333333334,39.429999999999986,1.7159437762583896,10.916277109591723,138.52532861057094,3903.57,SURPLUS,LOW,0.0,Viên
46.L1.4080.USC4806.1,66,Chi nhánh Đà Nẵng UM,MIỀN TRUNG,Gạch 40x80 MS USC4806 Loại 1,1631,69.75,2197.125,258.49726467292646,746.7472646729265,1009.1332914932497,-566.125,RESTOCK,MEDIUM,1009.1332914932497,Viên
46.L1.4080.USC4806V.1,66,Chi nhánh Đà Nẵng UM,MIỀN TRUNG,Gạch 40x80 MS USC4806V Loại 1,507,0.169,5.069999999999998,0.22063999354882158,1.4036399935488215,49.67293025381128,501.93,SURPLUS,LOW,0.0,Viên
46.L1.4080.USC4808.1,66,Chi nhánh Đà Nẵng UM,MIỀN TRUNG,Gạch 40x80 MS USC4808 Loại 1,1113,51.5,1545.0,261.5653457464077,622.0653457464077,867.1216754296943,-432.0,RESTOCK,MEDIUM,867.1216754296943,Viên
46.L1.4080.USC4808D.1,66,Chi nhánh Đà Nẵng UM,MIỀN TRUNG,Gạch 40x80 MS USC4808D Loại 1,84,0.1,3.000000000000001,0.13055620920048613,0.8305562092004862,38.2099463490856,81.0,SURPLUS,LOW,0.0,Viên
46.L1.4080.USC4808V.1,66,Chi nhánh Đà Nẵng UM,MIỀN TRUNG,Gạch 40x80 MS USC4808V Loại 1,247,17.0,510.0,86.1627021282284,205.1627021282284,498.19674828324605,-263.0,RESTOCK,MEDIUM,498.19674828324605,Viên
00.KCB.100.NS,115,Chi nhánh Đà Nẵng UC,MIỀN TRUNG,Ke Cân Bằng NS  1 mm,70,0.1,3.000000000000001,0.13055620920048613,0.8305562092004862,38.2099463490856,67.0,OK,LOW,0.0,Kg
00.KCB.150.NS,115,Chi nhánh Đà Nẵng UC,MIỀN TRUNG,Ke Cân Bằng NS  1.5 mm,64,0.1,3.000000000000001,0.13055620920048613,0.8305562092004862,38.2099463490856,61.0,OK,LOW,0.0,Kg
00.KCT.100.NS,115,Chi nhánh Đà Nẵng UC,MIỀN TRUNG,Ke Chữ Thập NS 1 mm,23,0.1,3.000000000000001,0.13055620920048613,0.8305562092004862,38.2099463490856,20.0,OK,LOW,0.0,Kg
00.KCT.150.NS,115,Chi nhánh Đà Nẵng UC,MIỀN TRUNG,Ke Chữ Thập NS 1.5 mm,20,0.1,3.000000000000001,0.13055620920048613,0.8305562092004862,38.2099463490856,17.0,OK,LOW,0.0,Kg
00.KCT.200.NS,115,Chi nhánh Đà Nẵng UC,MIỀN TRUNG,Ke Chữ Thập NS 2 mm,21,0.1,3.000000000000001,0.13055620920048613,0.8305562092004862,38.2099463490856,18.0,OK,LOW,0.0,Kg
00.KIM.01,115,Chi nhánh Đà Nẵng UC,MIỀN TRUNG,Kìm Bấm Nêm,37,0.1,3.000000000000001,0.13055620920048613,0.8305562092004862,38.2099463490856,34.0,OK,LOW,0.0,Cái
00.NEM.TS,115,Chi nhánh Đà Nẵng UC,MIỀN TRUNG,Nêm Cân Bằng,31,0.1,3.000000000000001,0.13055620920048613,0.8305562092004862,38.2099463490856,28.0,OK,LOW,0.0,Kg
21.C100.DG.UNISET.00,115,Chi nhánh Đà Nẵng UC,MIỀN TRUNG,Keo dán gạch UniSet C1 Xám,4168,1.3893333333333333,41.68,1.8138609331587543,11.539194266492087,142.42284460951714,4126.32,SURPLUS,LOW,0.0,Kg
21.CT.PLANISEAL288.25,115,Chi nhánh Đà Nẵng UC,MIỀN TRUNG,Chống thấm Planiseal 288 25kg (Bột +Nước),28,0.1,3.000000000000001,0.13055620920048613,0.8305562092004862,38.2099463490856,25.0,OK,LOW,0.0,Bộ
21.PG.MAPELATEXVN.5,115,Chi nhánh Đà Nẵng UC,MIỀN TRUNG,Phụ gia Mapelatex VN 5 kg,192,0.1,3.000000000000001,0.13055620920048613,0.8305562092004862,38.2099463490856,189.0,SURPLUS,LOW,0.0,Kg
22.C100.DG.UC-PRO.00,115,Chi nhánh Đà Nẵng UC,MIỀN TRUNG,Keo dán gạch KKS Unichemi Pro C1 bao bì cũ,10780,1137.5,34125.0,5308.237898971213,13270.737898971212,4075.230054855799,-23345.0,URGENT_RESTOCK,HIGH,4075.230054855799,Kg
22.C100.DG.UNICHEMI.00,115,Chi nhánh Đà Nẵng UC,MIỀN TRUNG,Keo dán gạch KKS Unichemi C1,5443,200.0,6000.0,461.5859042583664,1861.5859042583663,1708.8007490635061,-557.0,RESTOCK,MEDIUM,1708.8007490635061,Kg
37.C1T0.DG.VNS-PLUS.00,115,Chi nhánh Đà Nẵng UC,MIỀN TRUNG,Keo dán gạch VINASTAR PLUS C1T Xám,2829,0.943,28.290000000000006,1.2311450527605843,7.832145052760584,117.33626890267135,2800.71,SURPLUS,LOW,0.0,Kg
37.CG2A.CR.VINASTAR.00,115,Chi nhánh Đà Nẵng UC,MIỀN TRUNG,Bột trét VINASTAR CG2A Trắng,928,0.3093333333333333,9.279999999999998,0.40385387379350374,2.5691872071268365,67.20317452819224,918.72,SURPLUS,LOW,0.0,Kg
42.HC.A300FUS.TRONG,115,Chi nhánh Đà Nẵng UC,MIỀN TRUNG,Keo Silicone Fusion A300 Trong,271,0.1,3.000000000000001,0.13055620920048613,0.8305562092004862,38.2099463490856,268.0,SURPLUS,LOW,0.0,Chai
42.HC.A500FUS.TRANG,115,Chi nhánh Đà Nẵng UC,MIỀN TRUNG,Keo Silicone Fusion A500 Trắng,70,0.1,3.000000000000001,0.13055620920048613,0.8305562092004862,38.2099463490856,67.0,OK,LOW,0.0,Chai
42.HC.A500FUS.TRONG,115,Chi nhánh Đà Nẵng UC,MIỀN TRUNG,Keo Silicone Fusion A500 Trong,70,0.1,3.000000000000001,0.13055620920048613,0.8305562092004862,38.2099463490856,67.0,OK,LOW,0.0,Chai
